time_sec,baseline_file,target,true_future,hybrid_prediction,hybrid_residual,hybrid_abs_residual,naive_prediction,naive_residual,naive_abs_residual,constant_velocity_prediction,constant_velocity_residual,constant_velocity_abs_residual,arx_prediction,arx_residual,arx_abs_residual
91.100212,baseline_03_forward_motion,Pitch,0.0839243158698082,0.0870853865874776,-0.003161070717669398,0.003161070717669398,,,,,,,0.0914309387292923,-0.0075066228594840995,0.0075066228594840995
91.200172,baseline_03_forward_motion,Pitch,0.0842184647917747,0.0839740523546154,0.0002444124371592943,0.0002444124371592943,,,,,,,0.0913355036571388,-0.007117038865364106,0.007117038865364106
91.300132,baseline_03_forward_motion,Pitch,0.0847060978412628,0.0857377534506354,-0.0010316556093726004,0.0010316556093726004,,,,,,,0.093268509803636,-0.008562411962373201,0.008562411962373201
91.400092,baseline_03_forward_motion,Pitch,0.086272545158863,0.0863269960976111,-5.445093874810458e-05,5.445093874810458e-05,,,,,,,0.0937240983687954,-0.0074515532099324044,0.0074515532099324044
91.500052,baseline_03_forward_motion,Pitch,0.0861514955759048,0.0882840669233186,-0.002132571347413792,0.002132571347413792,,,,,,,0.0939390500906998,-0.007787554514795,0.007787554514795
91.600012,baseline_03_forward_motion,Pitch,0.083151638507843,0.0872624198050995,-0.004110781297256491,0.004110781297256491,,,,,,,0.0940015055747162,-0.0108498670668732,0.0108498670668732
91.699972,baseline_03_forward_motion,Pitch,0.0823960155248642,0.082376575968534,1.9439556330200225e-05,1.9439556330200225e-05,,,,,,,0.0889840308286767,-0.0065880153038125056,0.0065880153038125056
91.800765,baseline_03_forward_motion,Pitch,0.0825806185603141,0.0825747717721904,5.846788123695101e-06,5.846788123695101e-06,,,,,,,0.0863583414446284,-0.0037777228843142996,0.0037777228843142996
91.900725,baseline_03_forward_motion,Pitch,0.0827617198228836,0.0834473803040171,-0.0006856604811334988,0.0006856604811334988,,,,,,,0.0876821523883513,-0.004920432565467689,0.004920432565467689
92.000685,baseline_03_forward_motion,Pitch,0.0841968730092048,0.0838667996196607,0.0003300733895440916,0.0003300733895440916,,,,,,,0.0894648805053098,-0.005268007496105009,0.005268007496105009
92.100645,baseline_03_forward_motion,Pitch,0.081691950559616,0.0857997347278132,-0.0041077841681971955,0.0041077841681971955,,,,,,,0.0896203894500831,-0.007928438890467099,0.007928438890467099
92.200605,baseline_03_forward_motion,Pitch,0.08460483700037,0.0808067634909721,0.003798073509397898,0.003798073509397898,,,,,,,0.0849754190838159,-0.00037058208344589727,0.00037058208344589727
92.300565,baseline_03_forward_motion,Pitch,0.0841443315148353,0.0869829859938964,-0.0028386544790610924,0.0028386544790610924,,,,,,,0.0897785800077813,-0.005634248492945998,0.005634248492945998
92.400525,baseline_03_forward_motion,Pitch,0.089350014925003,0.0849286834410997,0.004421331483903293,0.004421331483903293,,,,,,,0.0910618644702252,-0.0017118495452222021,0.0017118495452222021
92.500485,baseline_03_forward_motion,Pitch,0.0942638888955116,0.0931225909603446,0.0011412979351669988,0.0011412979351669988,,,,,,,0.0954130159899989,-0.0011491270944873067,0.0011491270944873067
92.600445,baseline_03_forward_motion,Pitch,0.0946205854415893,0.097520075801672,-0.0028994903600827043,0.0028994903600827043,,,,,,,0.0979542637113831,-0.003333678269793805,0.003333678269793805
92.700405,baseline_03_forward_motion,Pitch,0.097298264503479,0.095994873823948,0.0013033906795310024,0.0013033906795310024,,,,,,,0.1024746206550296,-0.0051763561515505985,0.0051763561515505985
92.800365,baseline_03_forward_motion,Pitch,0.0970333442091941,0.1003636840966296,-0.0033303398874355017,0.0033303398874355017,,,,,,,0.1079162385642212,-0.010882894355027095,0.010882894355027095
92.900325,baseline_03_forward_motion,Pitch,0.0966942608356475,0.0979216592862182,-0.0012273984505706964,0.0012273984505706964,,,,,,,0.1039268191350666,-0.007232558299419101,0.007232558299419101
93.000285,baseline_03_forward_motion,Pitch,0.0969321876764297,0.0970525315001949,-0.00012034382376518993,0.00012034382376518993,,,,,,,0.1003260376356345,-0.0033938499592047894,0.0033938499592047894
93.100245,baseline_03_forward_motion,Pitch,0.0964529290795326,0.0973424186413083,-0.0008894895617757026,0.0008894895617757026,,,,,,,0.098794662359419,-0.0023417332798864043,0.0023417332798864043
93.200205,baseline_03_forward_motion,Pitch,0.0929372757673263,0.0967052660258016,-0.0037679902584752956,0.0037679902584752956,,,,,,,0.0998924569099489,-0.006955181142622599,0.006955181142622599
93.300165,baseline_03_forward_motion,Pitch,0.090597428381443,0.0923192034280609,-0.0017217750466178988,0.0017217750466178988,,,,,,,0.1017075223169803,-0.011110093935537302,0.011110093935537302
93.400125,baseline_03_forward_motion,Pitch,0.0868538618087768,0.0904805615629752,-0.0036266997541983953,0.0036266997541983953,,,,,,,0.0983977566732299,-0.011543894864453105,0.011543894864453105
93.500085,baseline_03_forward_motion,Pitch,0.085645392537117,0.0854688825513314,0.00017650998578561117,0.00017650998578561117,,,,,,,0.0913470775255836,-0.005701684988466599,0.005701684988466599
93.600045,baseline_03_forward_motion,Pitch,0.0849236845970153,0.08547559232549,-0.0005519077284747015,0.0005519077284747015,,,,,,,0.0889444451223565,-0.004020760525341199,0.004020760525341199
93.700005,baseline_03_forward_motion,Pitch,0.0819182395935058,0.0845347901407237,-0.0026165505472178913,0.0026165505472178913,,,,,,,0.0849773173354442,-0.003059077741938393,0.003059077741938393
93.800798,baseline_03_forward_motion,Pitch,0.0821583047509193,0.0804872215476205,0.0016710832032987982,0.0016710832032987982,,,,,,,0.0833980843004724,-0.0012397795495530939,0.0012397795495530939
93.900758,baseline_03_forward_motion,Pitch,0.082458309829235,0.0832793780453888,-0.0008210682161538113,0.0008210682161538113,,,,,,,0.0887518878035333,-0.006293577974298303,0.006293577974298303
94.000718,baseline_03_forward_motion,Pitch,0.0826427862048149,0.0836707993073083,-0.001028013102493397,0.001028013102493397,,,,,,,0.0894415543958998,-0.0067987681910849085,0.0067987681910849085
94.100678,baseline_03_forward_motion,Pitch,0.082951582968235,0.0836385994739882,-0.0006870165057532018,0.0006870165057532018,,,,,,,0.0886051279555108,-0.005653544987275799,0.005653544987275799
94.200638,baseline_03_forward_motion,Pitch,0.0821758583188057,0.0839778237574023,-0.001801965438596606,0.001801965438596606,,,,,,,0.0886609334301438,-0.006485075111338112,0.006485075111338112
94.300598,baseline_03_forward_motion,Pitch,0.0851553529500961,0.082312163080509,0.0028431898695871066,0.0028431898695871066,,,,,,,0.0859288804447356,-0.0007735274946394921,0.0007735274946394921
94.400558,baseline_03_forward_motion,Pitch,0.0838624686002731,0.0872545395211805,-0.003392070920907389,0.003392070920907389,,,,,,,0.0882251164425943,-0.004362647842321196,0.004362647842321196
94.500518,baseline_03_forward_motion,Pitch,0.0821829810738563,0.0841094945196934,-0.001926513445837108,0.001926513445837108,,,,,,,0.0902498840124261,-0.008066902938569806,0.008066902938569806
94.600478,baseline_03_forward_motion,Pitch,0.0836799368262291,0.0823909661463202,0.0012889706799088935,0.0012889706799088935,,,,,,,0.0897276691538112,-0.0060477323275821004,0.0060477323275821004
94.700438,baseline_03_forward_motion,Pitch,0.0812955945730209,0.0852898444128898,-0.003994249839868902,0.003994249839868902,,,,,,,0.0889238163119334,-0.007628221738912505,0.007628221738912505
94.800398,baseline_03_forward_motion,Pitch,0.0812271609902381,0.0807893423385449,0.0004378186516932059,0.0004378186516932059,,,,,,,0.0866631679382778,-0.0054360069480396955,0.0054360069480396955
94.900358,baseline_03_forward_motion,Pitch,0.0799528509378433,0.0819763311565175,-0.002023480218674212,0.002023480218674212,,,,,,,0.0864725519023047,-0.006519700964461403,0.006519700964461403
95.000318,baseline_03_forward_motion,Pitch,0.0767224505543708,0.0802379771732765,-0.0035155266189057094,0.0035155266189057094,,,,,,,0.0865261626995123,-0.009803712145141502,0.009803712145141502
95.100278,baseline_03_forward_motion,Pitch,0.076459877192974,0.0760793394297708,0.0003805377632031953,0.0003805377632031953,,,,,,,0.0842798444631032,-0.007819967270129208,0.007819967270129208
95.200238,baseline_03_forward_motion,Pitch,0.0733970329165458,0.077598825575665,-0.0042017926591191995,0.0042017926591191995,,,,,,,0.0850156354027022,-0.011618602486156399,0.011618602486156399
95.300198,baseline_03_forward_motion,Pitch,0.0754254907369613,0.0732806201857607,0.0021448705512005922,0.0021448705512005922,,,,,,,0.0838513770582157,-0.008425886321254406,0.008425886321254406
95.400158,baseline_03_forward_motion,Pitch,0.0824671611189842,0.0780597372248303,0.004407423894153897,0.004407423894153897,,,,,,,0.0855494553145646,-0.0030822941955803984,0.0030822941955803984
95.500118,baseline_03_forward_motion,Pitch,0.0872377008199691,0.0875566759511485,-0.0003189751311793998,0.0003189751311793998,,,,,,,0.0905778019326625,-0.0033401011126934083,0.0033401011126934083
95.600078,baseline_03_forward_motion,Pitch,0.0927711427211761,0.0910703301955328,0.0017008125256433027,0.0017008125256433027,,,,,,,0.095296584420116,-0.0025254416989398953,0.0025254416989398953
95.700038,baseline_03_forward_motion,Pitch,0.0989738777279853,0.0969389139014282,0.0020349638265571013,0.0020349638265571013,,,,,,,0.1002669969517647,-0.001293119223779407,0.001293119223779407
95.799998,baseline_03_forward_motion,Pitch,0.0957217738032341,0.1032263674611007,-0.007504593657866598,0.007504593657866598,,,,,,,0.1045804475904547,-0.008858673787220606,0.008858673787220606
95.900791,baseline_03_forward_motion,Pitch,0.0955293625593185,0.0952517957560929,0.000277566803225604,0.000277566803225604,,,,,,,0.1045129678797143,-0.008983605320395799,0.008983605320395799
96.000751,baseline_03_forward_motion,Pitch,0.0968167409300804,0.0966609590043642,0.00015578192571620575,0.00015578192571620575,,,,,,,0.1037788467539805,-0.006962105823900097,0.006962105823900097
96.100711,baseline_03_forward_motion,Pitch,0.0935916006565094,0.0984217420400648,-0.004830141383555406,0.004830141383555406,,,,,,,0.1027963609705161,-0.009204760314006702,0.009204760314006702
96.200671,baseline_03_forward_motion,Pitch,0.0948908329010009,0.0925925781992704,0.0022982547017304927,0.0022982547017304927,,,,,,,0.0987569652780099,-0.0038661323770090017,0.0038661323770090017
96.300631,baseline_03_forward_motion,Pitch,0.0931508839130401,0.0961470102503927,-0.002996126337352592,0.002996126337352592,,,,,,,0.0985014970004779,-0.005350613087437797,0.005350613087437797
96.400591,baseline_03_forward_motion,Pitch,0.0865608155727386,0.0925714777325459,-0.006010662159807292,0.006010662159807292,,,,,,,0.095667988998935,-0.009107173426196394,0.009107173426196394
96.500551,baseline_03_forward_motion,Pitch,0.0848554000258445,0.083696326751216,0.001159073274628511,0.001159073274628511,,,,,,,0.0916278073436939,-0.006772407317849394,0.006772407317849394
96.600511,baseline_03_forward_motion,Pitch,0.0849125608801841,0.0846978145232132,0.00021474635697089905,0.00021474635697089905,,,,,,,0.0900580203469146,-0.005145459466730493,0.005145459466730493
96.700471,baseline_03_forward_motion,Pitch,0.0832804068922996,0.0857652440318643,-0.0024848371395646968,0.0024848371395646968,,,,,,,0.0903875254254737,-0.007107118533174098,0.007107118533174098
96.800431,baseline_03_forward_motion,Pitch,0.0855491012334823,0.0832481800876118,0.0023009211458705076,0.0023009211458705076,,,,,,,0.0890501261499575,-0.0035010249164751928,0.0035010249164751928
96.900391,baseline_03_forward_motion,Pitch,0.0846170708537101,0.0870890746765725,-0.0024720038228623897,0.0024720038228623897,,,,,,,0.0874970449364139,-0.0028799740827037956,0.0028799740827037956
97.000351,baseline_03_forward_motion,Pitch,0.085166722536087,0.0847138182695201,0.00045290426656689753,0.00045290426656689753,,,,,,,0.0886794983516081,-0.0035127758155211047,0.0035127758155211047
97.100311,baseline_03_forward_motion,Pitch,0.0814119428396225,0.0866269147038749,-0.0052149718642524046,0.0052149718642524046,,,,,,,0.0928859474859577,-0.011474004646335204,0.011474004646335204
97.200271,baseline_03_forward_motion,Pitch,0.0806193724274635,0.0805468246275165,7.254779994700367e-05,7.254779994700367e-05,,,,,,,0.0894120136459529,-0.008792641218489397,0.008792641218489397
97.300231,baseline_03_forward_motion,Pitch,0.0801023766398429,0.0813487398504295,-0.0012463632105865902,0.0012463632105865902,,,,,,,0.0883879134251537,-0.008285536785310799,0.008285536785310799
97.400191,baseline_03_forward_motion,Pitch,0.0783626660704612,0.0813123092008612,-0.002949643130399998,0.002949643130399998,,,,,,,0.0900642449345742,-0.011701578864112994,0.011701578864112994
97.500151,baseline_03_forward_motion,Pitch,0.0799902603030204,0.0790515997744583,0.0009386605285620908,0.0009386605285620908,,,,,,,0.0893344961848417,-0.009344235881821303,0.009344235881821303
97.600111,baseline_03_forward_motion,Pitch,0.0781180113554,0.0825404260964888,-0.004422414741088801,0.004422414741088801,,,,,,,0.0910235200734266,-0.012905508718026593,0.012905508718026593
97.700071,baseline_03_forward_motion,Pitch,0.0696406215429306,0.0786068683503636,-0.008966246807432993,0.008966246807432993,,,,,,,0.0882419707964326,-0.018601349253502,0.018601349253502
97.800031,baseline_03_forward_motion,Pitch,0.0651346072554588,0.0661643153217635,-0.001029708066304702,0.001029708066304702,,,,,,,0.0775490093808711,-0.012414402125412297,0.012414402125412297
97.899991,baseline_03_forward_motion,Pitch,0.0587014369666576,0.0633306194756965,-0.004629182509038904,0.004629182509038904,,,,,,,0.0696300744444402,-0.010928637477782596,0.010928637477782596
98.000784,baseline_03_forward_motion,Pitch,0.0538709908723831,0.0560182126094607,-0.002147221737077605,0.002147221737077605,,,,,,,0.0644015656442832,-0.010530574771900107,0.010530574771900107
98.100744,baseline_03_forward_motion,Pitch,0.0547841303050518,0.0521384766063558,0.0026456536986959947,0.0026456536986959947,,,,,,,0.0600325314445415,-0.005248401139489704,0.005248401139489704
98.200704,baseline_03_forward_motion,Pitch,0.0521524101495742,0.0562632089654894,-0.004110798815915195,0.004110798815915195,,,,,,,0.0612964767881842,-0.009144066638609998,0.009144066638609998
98.300664,baseline_03_forward_motion,Pitch,0.0527667552232742,0.0519835465668937,0.000783208656380506,0.000783208656380506,,,,,,,0.0606762935017891,-0.0079095382785149,0.0079095382785149
98.400624,baseline_03_forward_motion,Pitch,0.0524816177785396,0.0540636369528653,-0.0015820191743256967,0.0015820191743256967,,,,,,,0.0591600348169817,-0.006678417038442096,0.006678417038442096
98.500584,baseline_03_forward_motion,Pitch,0.0548200383782386,0.0532756639900057,0.0015443743882328984,0.0015443743882328984,,,,,,,0.0588207631523405,-0.004000724774101898,0.004000724774101898
98.600544,baseline_03_forward_motion,Pitch,0.0571825131773948,0.0571562764618032,2.623671559159879e-05,2.623671559159879e-05,,,,,,,0.0618207500697733,-0.004638236892378501,0.004638236892378501
98.700504,baseline_03_forward_motion,Pitch,0.0587612763047218,0.0591021482203809,-0.00034087191565910363,0.00034087191565910363,,,,,,,0.0613176725337298,-0.0025563962290080025,0.0025563962290080025
98.800464,baseline_03_forward_motion,Pitch,0.0575188547372818,0.0601197997885204,-0.002600945051238604,0.002600945051238604,,,,,,,0.0620293013965139,-0.004510446659232101,0.004510446659232101
98.900424,baseline_03_forward_motion,Pitch,0.0633022114634513,0.0574271759879714,0.005875035475479899,0.005875035475479899,,,,,,,0.061463208822493,0.0018390026409582996,0.0018390026409582996
99.000384,baseline_03_forward_motion,Pitch,0.0669205710291862,0.0673008390713801,-0.0003802680421939042,0.0003802680421939042,,,,,,,0.0687540875203554,-0.0018335164911692098,0.0018335164911692098
99.100344,baseline_03_forward_motion,Pitch,0.0737506300210952,0.0699352393734545,0.003815390647640707,0.003815390647640707,,,,,,,0.0737510415832806,-4.1156218538729306e-07,4.1156218538729306e-07
99.200304,baseline_03_forward_motion,Pitch,0.0765723511576652,0.0784680563976784,-0.0018957052400132013,0.0018957052400132013,,,,,,,0.0801565895613171,-0.003584238403651907,0.003584238403651907
99.300264,baseline_03_forward_motion,Pitch,0.074147492647171,0.0789926824736232,-0.004845189826452198,0.004845189826452198,,,,,,,0.0823615824299619,-0.008214089782790895,0.008214089782790895
99.400224,baseline_03_forward_motion,Pitch,0.0739075317978859,0.0738146501724351,9.288162545079137e-05,9.288162545079137e-05,,,,,,,0.0808196906874106,-0.0069121588895247055,0.0069121588895247055
99.500184,baseline_03_forward_motion,Pitch,0.0720145031809806,0.0743946355276177,-0.002380132346637101,0.002380132346637101,,,,,,,0.0780347464434772,-0.006020243262496602,0.006020243262496602
99.600144,baseline_03_forward_motion,Pitch,0.071138709783554,0.0715112452032417,-0.0003725354196877084,0.0003725354196877084,,,,,,,0.0756005549247079,-0.0044618451411539,0.0044618451411539
99.700104,baseline_03_forward_motion,Pitch,0.0717725232243537,0.0712272909427177,0.0005452322816359989,0.0005452322816359989,,,,,,,0.0749404933018766,-0.003167970077522911,0.003167970077522911
99.800064,baseline_03_forward_motion,Pitch,0.0731250420212745,0.0727264564145796,0.0003985856066948956,0.0003985856066948956,,,,,,,0.0758080952095943,-0.002683053188319809,0.002683053188319809
99.900024,baseline_03_forward_motion,Pitch,0.0800025165081024,0.0746630018831864,0.0053395146249159975,0.0053395146249159975,,,,,,,0.0784188721786448,0.0015836443294576091,0.0015836443294576091
99.999984,baseline_03_forward_motion,Pitch,0.084429994225502,0.0849680952588383,-0.0005381010333363051,0.0005381010333363051,,,,,,,0.0878889683946399,-0.0034589741691379017,0.0034589741691379017
100.100777,baseline_03_forward_motion,Pitch,0.0842587053775787,0.0884968811130545,-0.004238175735475802,0.004238175735475802,,,,,,,0.0953084885120536,-0.011049783134474911,0.011049783134474911
100.200737,baseline_03_forward_motion,Pitch,0.0862288400530815,0.0855610205248905,0.0006678195281910049,0.0006678195281910049,,,,,,,0.0935688654687101,-0.007340025415628601,0.007340025415628601
100.300697,baseline_03_forward_motion,Pitch,0.0860757902264595,0.0880969437548432,-0.0020211535283836957,0.0020211535283836957,,,,,,,0.0914590375879829,-0.005383247361523402,0.005383247361523402
100.400657,baseline_03_forward_motion,Pitch,0.0866697281599044,0.0868359479213617,-0.0001662197614573091,0.0001662197614573091,,,,,,,0.0917046908900881,-0.005034962730183709,0.005034962730183709
100.500617,baseline_03_forward_motion,Pitch,0.0867830216884613,0.0867305725510299,5.2449137431409554e-05,5.2449137431409554e-05,,,,,,,0.0848975850114433,0.0018854366770180014,0.0018854366770180014
100.600577,baseline_03_forward_motion,Pitch,0.0864866152405738,0.0842143423975016,0.002272272843072201,0.002272272843072201,,,,,,,0.0692430834773548,0.017243531763218994,0.017243531763218994
100.700537,baseline_03_forward_motion,Pitch,0.0860768184065818,0.0814920841207389,0.004584734285842898,0.004584734285842898,,,,,,,0.0542765647505955,0.031800253655986294,0.031800253655986294
100.800497,baseline_03_forward_motion,Pitch,0.0854983329772949,0.079398047854725,0.006100285122569896,0.006100285122569896,,,,,,,0.0430542697855076,0.04244406319178729,0.04244406319178729
100.900457,baseline_03_forward_motion,Pitch,0.0853182822465896,0.0779453379328681,0.0073729443137214995,0.0073729443137214995,,,,,,,0.0372661459218351,0.0480521363247545,0.0480521363247545
101.000417,baseline_03_forward_motion,Pitch,0.0849933847784996,0.0777370938967186,0.007256290881781008,0.007256290881781008,,,,,,,0.0354372125933692,0.04955617218513041,0.04955617218513041
101.100377,baseline_03_forward_motion,Pitch,0.0848953798413276,0.0770532032190854,0.007842176622242195,0.007842176622242195,,,,,,,0.0332501317654021,0.0516452480759255,0.0516452480759255
101.200337,baseline_03_forward_motion,Pitch,0.0847314149141311,0.076528689699326,0.008202725214805098,0.008202725214805098,,,,,,,0.0294767969976144,0.055254617916516695,0.055254617916516695
101.300297,baseline_03_forward_motion,Pitch,0.0847468599677085,0.0751463768231508,0.009600483144557706,0.009600483144557706,,,,,,,0.0214323657073165,0.06331449426039201,0.06331449426039201
101.400257,baseline_03_forward_motion,Pitch,0.0843745842576026,0.0734714589843388,0.0109031252732638,0.0109031252732638,,,,,,,0.0095208882154603,0.07485369604214229,0.07485369604214229
101.500217,baseline_03_forward_motion,Pitch,0.0842256769537925,0.0709640896589817,0.013261587294810806,0.013261587294810806,,,,,,,-0.0036637021294816,0.0878893790832741,0.0878893790832741
101.600177,baseline_03_forward_motion,Pitch,0.0840480029582977,0.0694016043535032,0.014646398604794497,0.014646398604794497,,,,,,,-0.014055480267499,0.0981034832257967,0.0981034832257967
101.700137,baseline_03_forward_motion,Pitch,0.0838842168450355,0.0680964462662469,0.015787770578788593,0.015787770578788593,,,,,,,-0.0216442370052263,0.1055284538502618,0.1055284538502618
101.800097,baseline_03_forward_motion,Pitch,0.0834348052740097,0.0671036815610327,0.016331123712977,0.016331123712977,,,,,,,-0.0273854692996879,0.1108202745736976,0.1108202745736976
101.900057,baseline_03_forward_motion,Pitch,0.0834143236279487,0.0658752404625844,0.017539083165364303,0.017539083165364303,,,,,,,-0.0319811177083977,0.11539544133634641,0.11539544133634641
102.000017,baseline_03_forward_motion,Pitch,0.083243653178215,0.0665048044697862,0.016738848708428802,0.016738848708428802,,,,,,,-0.0292407047242443,0.1124843579024593,0.1124843579024593
102.099977,baseline_03_forward_motion,Pitch,0.0831743329763412,0.0687302529636744,0.01444408001266681,0.01444408001266681,,,,,,,-0.0128865566030319,0.0960608895793731,0.0960608895793731
102.20077,baseline_03_forward_motion,Pitch,0.0829054489731788,0.0722582496487841,0.010647199324394688,0.010647199324394688,,,,,,,0.0106546181994979,0.0722508307736809,0.0722508307736809
102.30073,baseline_03_forward_motion,Pitch,0.0829236656427383,0.0750816583272914,0.007842007315446903,0.007842007315446903,,,,,,,0.0317327526788582,0.0511909129638801,0.0511909129638801
102.40069,baseline_03_forward_motion,Pitch,0.082628920674324,0.0771948831976359,0.0054340374766880944,0.0054340374766880944,,,,,,,0.0446649882203376,0.037963932453986396,0.037963932453986396
102.50065,baseline_03_forward_motion,Pitch,0.0826186388731002,0.0773360595266932,0.005282579346406996,0.005282579346406996,,,,,,,0.0484239112409716,0.0341947276321286,0.0341947276321286
102.60061,baseline_03_forward_motion,Pitch,0.0822765529155731,0.0777314496261924,0.004545103289380709,0.004545103289380709,,,,,,,0.0500750771648687,0.03220147575070441,0.03220147575070441
102.70057,baseline_03_forward_motion,Pitch,0.082380510866642,0.0773723239379907,0.0050081869286512926,0.0050081869286512926,,,,,,,0.0508360082426235,0.0315445026240185,0.0315445026240185
102.80053,baseline_03_forward_motion,Pitch,0.082329973578453,0.0778803430190718,0.00444963055938119,0.00444963055938119,,,,,,,0.0519982127289213,0.030331760849531694,0.030331760849531694
102.90049,baseline_03_forward_motion,Pitch,0.0821578502655029,0.0777939763159847,0.004363873949518204,0.004363873949518204,,,,,,,0.0522752952186907,0.029882555046812205,0.029882555046812205
103.00045,baseline_03_forward_motion,Pitch,0.0817412361502647,0.0775473953062014,0.004193840844063296,0.004193840844063296,,,,,,,0.0520526026843102,0.029688633465954496,0.029688633465954496
103.10041,baseline_03_forward_motion,Pitch,0.0811754837632179,0.0769898767138809,0.004185607049337001,0.004185607049337001,,,,,,,0.0515930916635797,0.0295823920996382,0.0295823920996382
103.20037,baseline_03_forward_motion,Pitch,0.0806199610233306,0.0763971000494646,0.0042228609738660106,0.0042228609738660106,,,,,,,0.0513940177573674,0.029225943265963207,0.029225943265963207
103.30033,baseline_03_forward_motion,Pitch,0.0799541026353836,0.0758705194367397,0.004083583198643909,0.004083583198643909,,,,,,,0.050993933825645,0.028960168809738604,0.028960168809738604
103.40029,baseline_03_forward_motion,Pitch,0.0792865827679634,0.0751664289460692,0.004120153821894193,0.004120153821894193,,,,,,,0.0504777587957598,0.028808823972203593,0.028808823972203593
103.50025,baseline_03_forward_motion,Pitch,0.0785300284624099,0.0745462023327773,0.003983826129632606,0.003983826129632606,,,,,,,0.0501316193805973,0.028398409081812605,0.028398409081812605
103.60021,baseline_03_forward_motion,Pitch,0.0776893496513366,0.0738299223646088,0.0038594272867278068,0.0038594272867278068,,,,,,,0.0499700202640988,0.0277193293872378,0.0277193293872378
103.70017,baseline_03_forward_motion,Pitch,0.076961450278759,0.0729848415081469,0.003976608770612108,0.003976608770612108,,,,,,,0.0494084510040073,0.027552999274751702,0.027552999274751702
103.80013,baseline_03_forward_motion,Pitch,0.0762163326144218,0.0723192679223238,0.0038970646920980095,0.0038970646920980095,,,,,,,0.0486825322686427,0.027533800345779104,0.027533800345779104
103.90009,baseline_03_forward_motion,Pitch,0.0754389986395835,0.0716617443916778,0.0037772542479057036,0.0037772542479057036,,,,,,,0.0485845092320318,0.026854489407551703,0.026854489407551703
104.00005,baseline_03_forward_motion,Pitch,0.074762687087059,0.070944603314623,0.00381808377243599,0.00381808377243599,,,,,,,0.048326587714254,0.026436099372804993,0.026436099372804993
104.10001,baseline_03_forward_motion,Pitch,0.0742445290088653,0.0703904777741569,0.0038540512347084027,0.0038540512347084027,,,,,,,0.0480944340269684,0.026150094981896903,0.026150094981896903
104.19997,baseline_03_forward_motion,Pitch,0.0734394043684005,0.0699718427906263,0.0034675615777741975,0.0034675615777741975,,,,,,,0.0476598671739825,0.025779537194418008,0.025779537194418008
104.300763,baseline_03_forward_motion,Pitch,0.0726296752691268,0.0690750717050759,0.0035546035640508927,0.0035546035640508927,,,,,,,0.0472959769612742,0.025333698307852592,0.025333698307852592
104.400723,baseline_03_forward_motion,Pitch,0.0720484629273414,0.0682332681016268,0.0038151948257146018,0.0038151948257146018,,,,,,,0.0462893008497974,0.025759162077544008,0.025759162077544008
104.500683,baseline_03_forward_motion,Pitch,0.0715001076459884,0.0677756739649239,0.0037244336810644957,0.0037244336810644957,,,,,,,0.045694315097771,0.025805792548217396,0.025805792548217396
104.600643,baseline_03_forward_motion,Pitch,0.0707558169960975,0.0673366936864379,0.0034191233096595997,0.0034191233096595997,,,,,,,0.0457546506139463,0.025001166382151198,0.025001166382151198
104.700603,baseline_03_forward_motion,Pitch,0.0706284642219543,0.0666083883279206,0.004020075894033706,0.004020075894033706,,,,,,,0.0458353582578516,0.024793105964102703,0.024793105964102703
104.800563,baseline_03_forward_motion,Pitch,0.0704674944281578,0.0668188687464746,0.0036486256816832124,0.0036486256816832124,,,,,,,0.0456981212239481,0.02476937320420971,0.02476937320420971
104.900523,baseline_03_forward_motion,Pitch,0.0701869651675224,0.0666594875438248,0.0035274776236976085,0.0035274776236976085,,,,,,,0.0456710044431915,0.024515960724330904,0.024515960724330904
105.000483,baseline_03_forward_motion,Pitch,0.0699383094906807,0.0663274680894621,0.0036108414012185897,0.0036108414012185897,,,,,,,0.0454855919361172,0.02445271755456349,0.02445271755456349
105.100443,baseline_03_forward_motion,Pitch,0.0699014440178871,0.0660703830379188,0.003831060979968298,0.003831060979968298,,,,,,,0.0450638706206878,0.024837573397199303,0.024837573397199303
105.200403,baseline_03_forward_motion,Pitch,0.0697510614991188,0.0662114197843613,0.0035396417147574993,0.0035396417147574993,,,,,,,0.0454364558612922,0.024314605637826607,0.024314605637826607
105.300363,baseline_03_forward_motion,Pitch,0.0699971914291381,0.0660183488958278,0.003978842533310295,0.003978842533310295,,,,,,,0.0454177133793293,0.024579478049808798,0.024579478049808798
105.400323,baseline_03_forward_motion,Pitch,0.0700275972485542,0.0664648396777484,0.003562757570805805,0.003562757570805805,,,,,,,0.0455457033431361,0.0244818939054181,0.0244818939054181
105.500283,baseline_03_forward_motion,Pitch,0.0703450515866279,0.066340167014369,0.004004884572258907,0.004004884572258907,,,,,,,0.0453332410161276,0.025011810570500302,0.025011810570500302
105.600243,baseline_03_forward_motion,Pitch,0.0705002918839454,0.0668108011085385,0.003689490775406895,0.003689490775406895,,,,,,,0.0456193824930951,0.024880909390850296,0.024880909390850296
105.700203,baseline_03_forward_motion,Pitch,0.0708581954240799,0.0669483668380352,0.003909828586044689,0.003909828586044689,,,,,,,0.0462515771543803,0.024606618269699593,0.024606618269699593
105.800163,baseline_03_forward_motion,Pitch,0.0709456503391265,0.0673658688339342,0.0035797815051923088,0.0035797815051923088,,,,,,,0.0462637051759486,0.024681945163177905,0.024681945163177905
105.900123,baseline_03_forward_motion,Pitch,0.0711763352155685,0.0672031101675483,0.003973225048020196,0.003973225048020196,,,,,,,0.045674714506768,0.0255016207088005,0.0255016207088005
106.000083,baseline_03_forward_motion,Pitch,0.0713535025715828,0.0675510927108772,0.0038024098607055967,0.0038024098607055967,,,,,,,0.046162207304006,0.025191295267576796,0.025191295267576796
106.100043,baseline_03_forward_motion,Pitch,0.0717095211148262,0.0677610741947442,0.003948446920082005,0.003948446920082005,,,,,,,0.0467543664206065,0.024955154694219703,0.024955154694219703
106.200003,baseline_03_forward_motion,Pitch,0.0720122531056404,0.0681849682327801,0.003827284872860298,0.003827284872860298,,,,,,,0.0469071005759601,0.025105152529680298,0.025105152529680298
106.300796,baseline_03_forward_motion,Pitch,0.0726487562060356,0.0684533684782273,0.004195387727808295,0.004195387727808295,,,,,,,0.047176338289901,0.025472417916134603,0.025472417916134603
106.400756,baseline_03_forward_motion,Pitch,0.0729956179857254,0.0692271031715149,0.003768514814210505,0.003768514814210505,,,,,,,0.0475038912744484,0.025491726711277002,0.025491726711277002
106.500716,baseline_03_forward_motion,Pitch,0.0735414549708366,0.0693931201288704,0.004148334841966195,0.004148334841966195,,,,,,,0.0477071390811632,0.0258343158896734,0.0258343158896734
106.600676,baseline_03_forward_motion,Pitch,0.0740220248699188,0.0700155780224412,0.004006446847477599,0.004006446847477599,,,,,,,0.04803420636946,0.025987818500458795,0.025987818500458795
106.700636,baseline_03_forward_motion,Pitch,0.0744457393884658,0.0703781806203458,0.004067558768119997,0.004067558768119997,,,,,,,0.0479676402427977,0.0264780991456681,0.0264780991456681
106.800596,baseline_03_forward_motion,Pitch,0.0749464631080627,0.0707806789383445,0.0041657841697182035,0.0041657841697182035,,,,,,,0.0484583831529849,0.0264880799550778,0.0264880799550778
106.900556,baseline_03_forward_motion,Pitch,0.0756643489003181,0.0713149960522699,0.004349352848048202,0.004349352848048202,,,,,,,0.0489006957642554,0.0267636531360627,0.0267636531360627
107.000516,baseline_03_forward_motion,Pitch,0.0762669444084167,0.0721228858970076,0.004144058511409102,0.004144058511409102,,,,,,,0.0494223476399785,0.026844596768438207,0.026844596768438207
107.100476,baseline_03_forward_motion,Pitch,0.0769518986344337,0.0726511414083826,0.004300757226051111,0.004300757226051111,,,,,,,0.0499520742118278,0.026999824422605907,0.026999824422605907
107.200436,baseline_03_forward_motion,Pitch,0.0773566514253616,0.0732903876067068,0.004066263818654811,0.004066263818654811,,,,,,,0.0500303262875256,0.027326325137836005,0.027326325137836005
107.300396,baseline_03_forward_motion,Pitch,0.0777796730399131,0.0734767121128982,0.00430296092701489,0.00430296092701489,,,,,,,0.0500062957755367,0.027773377264376398,0.027773377264376398
107.400356,baseline_03_forward_motion,Pitch,0.0780868902802467,0.0739497618553106,0.004137128424936104,0.004137128424936104,,,,,,,0.0506958525558745,0.027391037724372208,0.027391037724372208
107.500316,baseline_03_forward_motion,Pitch,0.0785504132509231,0.0741924820754692,0.004357931175453897,0.004357931175453897,,,,,,,0.0509977057005072,0.027552707550415903,0.027552707550415903
107.600276,baseline_03_forward_motion,Pitch,0.0791056603193283,0.0747464766615863,0.0043591836577419885,0.0043591836577419885,,,,,,,0.0514912517628648,0.027614408556463493,0.027614408556463493
107.700236,baseline_03_forward_motion,Pitch,0.0797068923711776,0.075257090402166,0.00444980196901161,0.00444980196901161,,,,,,,0.0514126216207606,0.028294270750417003,0.028294270750417003
107.800196,baseline_03_forward_motion,Pitch,0.0803515166044235,0.0758799981867711,0.0044715184176523926,0.0044715184176523926,,,,,,,0.0519897469516872,0.028361769652736298,0.028361769652736298
107.900156,baseline_03_forward_motion,Pitch,0.0809303671121597,0.0765116603486437,0.004418706763515995,0.004418706763515995,,,,,,,0.052388852710657,0.028541514401502703,0.028541514401502703
108.000116,baseline_03_forward_motion,Pitch,0.0814544409513473,0.0770117756681667,0.004442665283180602,0.004442665283180602,,,,,,,0.0526839722905072,0.0287704686608401,0.0287704686608401
108.100076,baseline_03_forward_motion,Pitch,0.082180730998516,0.077522670360476,0.004658060638040001,0.004658060638040001,,,,,,,0.0533210329351846,0.0288596980633314,0.0288596980633314
108.200036,baseline_03_forward_motion,Pitch,0.0828125476837158,0.0782613520143505,0.004551195669365307,0.004551195669365307,,,,,,,0.0533884742644609,0.029424073419254904,0.029424073419254904
108.299996,baseline_03_forward_motion,Pitch,0.0835254415869712,0.0787672547770753,0.004758186809895898,0.004758186809895898,,,,,,,0.0535272671270465,0.029998174459924698,0.029998174459924698
108.400789,baseline_03_forward_motion,Pitch,0.0839930921792984,0.0795734985544781,0.004419593624820306,0.004419593624820306,,,,,,,0.0545652103917475,0.029427881787550902,0.029427881787550902
108.500749,baseline_03_forward_motion,Pitch,0.0843942165374755,0.0798607632113945,0.004533453326081002,0.004533453326081002,,,,,,,0.0547295135547396,0.0296647029827359,0.0296647029827359
108.600709,baseline_03_forward_motion,Pitch,0.084864355623722,0.0801454645128584,0.004718891110863599,0.004718891110863599,,,,,,,0.0545984137267123,0.030265941897009693,0.030265941897009693
108.700669,baseline_03_forward_motion,Pitch,0.0853697881102562,0.080679071661013,0.004690716449243196,0.004690716449243196,,,,,,,0.0552386192227583,0.030131168887497894,0.030131168887497894
108.800629,baseline_03_forward_motion,Pitch,0.0856096372008323,0.0811053843692584,0.004504252831573893,0.004504252831573893,,,,,,,0.0550871773863125,0.0305224598145198,0.0305224598145198
108.900589,baseline_03_forward_motion,Pitch,0.0861291959881782,0.0812123405247329,0.004916855463445294,0.004916855463445294,,,,,,,0.055414879361391,0.030714316626787197,0.030714316626787197
109.000549,baseline_03_forward_motion,Pitch,0.0866221487522125,0.0819173727358218,0.004704776016390702,0.004704776016390702,,,,,,,0.0561453254188672,0.030476823333345296,0.030476823333345296
109.100509,baseline_03_forward_motion,Pitch,0.0872577503323555,0.0822916461315018,0.004966104200853694,0.004966104200853694,,,,,,,0.0559446378126823,0.0313131125196732,0.0313131125196732
109.200469,baseline_03_forward_motion,Pitch,0.0876053348183631,0.0829583113999663,0.0046470234183968034,0.0046470234183968034,,,,,,,0.0562642849892366,0.031341049829126506,0.031341049829126506
109.300429,baseline_03_forward_motion,Pitch,0.0880216881632804,0.083188275890901,0.004833412272379406,0.004833412272379406,,,,,,,0.0568837988532548,0.031137889310025604,0.031137889310025604
109.400389,baseline_03_forward_motion,Pitch,0.0884547904133796,0.0835942631935443,0.004860527219835306,0.004860527219835306,,,,,,,0.0569788927670095,0.0314758976463701,0.0314758976463701
109.500349,baseline_03_forward_motion,Pitch,0.0888496339321136,0.0839680234426236,0.0048816104894900125,0.0048816104894900125,,,,,,,0.056954969024643,0.03189466490747061,0.03189466490747061
109.600309,baseline_03_forward_motion,Pitch,0.0891928896307945,0.0844211561101388,0.004771733520655699,0.004771733520655699,,,,,,,0.0578786888835905,0.031314200747204,0.031314200747204
109.700269,baseline_03_forward_motion,Pitch,0.0895317569375038,0.0846620286195704,0.0048697283179334055,0.0048697283179334055,,,,,,,0.0577285453274709,0.031803211610032904,0.031803211610032904
109.800229,baseline_03_forward_motion,Pitch,0.0898582562804222,0.0849423617880987,0.0049158944923234915,0.0049158944923234915,,,,,,,0.0576932758168696,0.032164980463552595,0.032164980463552595
109.900189,baseline_03_forward_motion,Pitch,0.0902085751295089,0.0852917592257419,0.004916815903766997,0.004916815903766997,,,,,,,0.0582177783251862,0.0319907968043227,0.0319907968043227
110.000149,baseline_03_forward_motion,Pitch,0.0906239226460456,0.0856336745004461,0.004990248145599507,0.004990248145599507,,,,,,,0.0584247351557724,0.0321991874902732,0.0321991874902732
110.100109,baseline_03_forward_motion,Pitch,0.0911431685090065,0.0860057468273849,0.005137421681621596,0.005137421681621596,,,,,,,0.0583131429610066,0.0328300255479999,0.0328300255479999
110.200069,baseline_03_forward_motion,Pitch,0.0912855491042137,0.0865867140902846,0.004698835013929106,0.004698835013929106,,,,,,,0.0588629042200041,0.0324226448842096,0.0324226448842096
110.300029,baseline_03_forward_motion,Pitch,0.0918278694152832,0.0865837314396564,0.0052441379756267975,0.0052441379756267975,,,,,,,0.0594180358247388,0.032409833590544404,0.032409833590544404
110.399989,baseline_03_forward_motion,Pitch,0.0922698229551315,0.0872761261016909,0.004993696853440602,0.004993696853440602,,,,,,,0.0594944061840801,0.032775416771051405,0.032775416771051405
110.500782,baseline_03_forward_motion,Pitch,0.0925952717661857,0.0876210981112562,0.004974173654929512,0.004974173654929512,,,,,,,0.0596578276831857,0.032937444083000006,0.032937444083000006
110.600742,baseline_03_forward_motion,Pitch,0.0931504666805267,0.0878314426652039,0.005319024015322804,0.005319024015322804,,,,,,,0.0596430987857752,0.033507367894751505,0.033507367894751505
110.700702,baseline_03_forward_motion,Pitch,0.0935322642326355,0.0884549738187931,0.005077290413842403,0.005077290413842403,,,,,,,0.059811466249719,0.033720797982916495,0.033720797982916495
110.800662,baseline_03_forward_motion,Pitch,0.0937025919556617,0.0887442314644258,0.004958360491235908,0.004958360491235908,,,,,,,0.0602121214201722,0.0334904705354895,0.0334904705354895
110.900622,baseline_03_forward_motion,Pitch,0.0940901264548301,0.0888049483565159,0.0052851780983142055,0.0052851780983142055,,,,,,,0.0604270996435938,0.0336630268112363,0.0336630268112363
111.000582,baseline_03_forward_motion,Pitch,0.0942891016602516,0.0893007993851085,0.004988302275143103,0.004988302275143103,,,,,,,0.060740319493069,0.0335487821671826,0.0335487821671826
111.100542,baseline_03_forward_motion,Pitch,0.0943448469042778,0.0893814696474204,0.004963377256857401,0.004963377256857401,,,,,,,0.0608419791548318,0.033502867749446004,0.033502867749446004
111.200502,baseline_03_forward_motion,Pitch,0.0946237817406654,0.0893087570928931,0.005315024647772296,0.005315024647772296,,,,,,,0.0605665156002836,0.03405726614038179,0.03405726614038179
111.300462,baseline_03_forward_motion,Pitch,0.0947838723659515,0.0896772248024209,0.005106647563530603,0.005106647563530603,,,,,,,0.0606239744189477,0.034159897947003796,0.034159897947003796
111.400422,baseline_03_forward_motion,Pitch,0.0948435515165329,0.0897881830246089,0.005055368491923992,0.005055368491923992,,,,,,,0.060892277797619,0.0339512737189139,0.0339512737189139
111.500382,baseline_03_forward_motion,Pitch,0.0950978323817253,0.0897418358266556,0.0053559965550697,0.0053559965550697,,,,,,,0.0606132900318856,0.0344845423498397,0.0344845423498397
111.600342,baseline_03_forward_motion,Pitch,0.0950956270098686,0.0901649679429728,0.004930659066895798,0.004930659066895798,,,,,,,0.0612797062843366,0.033815920725531995,0.033815920725531995
111.700302,baseline_03_forward_motion,Pitch,0.0952462181448936,0.0899589668659271,0.005287251278966509,0.005287251278966509,,,,,,,0.0608593124137333,0.0343869057311603,0.0343869057311603
111.800262,baseline_03_forward_motion,Pitch,0.0953327044844627,0.0901822385781433,0.005150465906319401,0.005150465906319401,,,,,,,0.0609341868714664,0.034398517612996296,0.034398517612996296
111.900222,baseline_03_forward_motion,Pitch,0.0954830721020698,0.0903121797814878,0.005170892320582002,0.005170892320582002,,,,,,,0.0615454232195433,0.0339376488825265,0.0339376488825265
112.000182,baseline_03_forward_motion,Pitch,0.0954451337456703,0.0903910502627543,0.005054083482916,0.005054083482916,,,,,,,0.0609849119087408,0.034460221836929504,0.034460221836929504
112.100142,baseline_03_forward_motion,Pitch,0.0955418646335601,0.090257978673395,0.005283885960165102,0.005283885960165102,,,,,,,0.0610032072373003,0.034538657396259796,0.034538657396259796
112.200102,baseline_03_forward_motion,Pitch,0.0956201255321502,0.090449837232911,0.005170288299239198,0.005170288299239198,,,,,,,0.0612403353736373,0.0343797901585129,0.0343797901585129
112.300062,baseline_03_forward_motion,Pitch,0.0958983227610588,0.0905212270338649,0.005377095727193887,0.005377095727193887,,,,,,,0.0613405122487515,0.034557810512307295,0.034557810512307295
112.400022,baseline_03_forward_motion,Pitch,0.0960780456662178,0.0909217213349086,0.005156324331309206,0.005156324331309206,,,,,,,0.0617009234140597,0.0343771222521581,0.0343771222521581
112.499982,baseline_03_forward_motion,Pitch,0.0962609350681305,0.0910053573923389,0.005255577675791587,0.005255577675791587,,,,,,,0.0616011398547758,0.034659795213354695,0.034659795213354695
112.600775,baseline_03_forward_motion,Pitch,0.0962524116039276,0.09120372681844,0.005048684785487603,0.005048684785487603,,,,,,,0.0618756189298477,0.0343767926740799,0.0343767926740799
112.700735,baseline_03_forward_motion,Pitch,0.0963425412774086,0.0910405636874611,0.005301977589947493,0.005301977589947493,,,,,,,0.0615380115295617,0.0348045297478469,0.0348045297478469
112.800695,baseline_03_forward_motion,Pitch,0.0961488336324691,0.0911938539724412,0.004954979660027892,0.004954979660027892,,,,,,,0.0616874837748622,0.03446134985760689,0.03446134985760689
112.900655,baseline_03_forward_motion,Pitch,0.0962160676717758,0.0908338426260046,0.005382225045771211,0.005382225045771211,,,,,,,0.0614258216208179,0.0347902460509579,0.0347902460509579
113.000615,baseline_03_forward_motion,Pitch,0.0963842049241066,0.0910338070026682,0.0053503979214384045,0.0053503979214384045,,,,,,,0.0614211384002672,0.034963066523839396,0.034963066523839396
113.100575,baseline_03_forward_motion,Pitch,0.0964336320757865,0.0912871148426622,0.005146517233124287,0.005146517233124287,,,,,,,0.0617871011225982,0.034646530953188294,0.034646530953188294
113.200535,baseline_03_forward_motion,Pitch,0.0965905338525772,0.091218730544566,0.005371803308011194,0.005371803308011194,,,,,,,0.0614863889781571,0.035104144874420096,0.035104144874420096
113.300495,baseline_03_forward_motion,Pitch,0.0964671149849891,0.091406217232411,0.005060897752578092,0.005060897752578092,,,,,,,0.0614531165365704,0.035013998448418696,0.035013998448418696
113.400455,baseline_03_forward_motion,Pitch,0.0963093787431716,0.0911918867219848,0.00511749202118679,0.00511749202118679,,,,,,,0.0617514624127837,0.03455791633038789,0.03455791633038789
113.500415,baseline_03_forward_motion,Pitch,0.096254639327526,0.0910195306841323,0.005235108643393702,0.005235108643393702,,,,,,,0.0616220912362407,0.0346325480912853,0.0346325480912853
113.600375,baseline_03_forward_motion,Pitch,0.0961614921689033,0.0910113625720329,0.00515012959687039,0.00515012959687039,,,,,,,0.0615001721482726,0.034661320020630694,0.034661320020630694
113.700335,baseline_03_forward_motion,Pitch,0.0961256548762321,0.0908885993488306,0.005237055527401502,0.005237055527401502,,,,,,,0.0613504129500356,0.03477524192619651,0.03477524192619651
