x,Baseline,Axis,AttackType,AttackActive,AbsResidual,Threshold_static_global,PointExceed_static_global,WindowCount_static_global,WindowDetection_static_global,Threshold_scenario_specific,PointExceed_scenario_specific,WindowCount_scenario_specific,WindowDetection_scenario_specific,Threshold_yaw_static_global,PointExceed_yaw_static_global,WindowCount_yaw_static_global,WindowDetection_yaw_static_global
0.0,baseline_05_mixed_maneuver,Yaw,ramp,0,0.0,0.013596,0,0.0,0,0.004795,0,0.0,0,0.013596,0,0.0,0
0.09996,baseline_05_mixed_maneuver,Yaw,ramp,0,0.0,0.013596,0,0.0,0,0.004795,0,0.0,0,0.013596,0,0.0,0
0.19992,baseline_05_mixed_maneuver,Yaw,ramp,0,0.0,0.013596,0,0.0,0,0.004795,0,0.0,0,0.013596,0,0.0,0
0.29988,baseline_05_mixed_maneuver,Yaw,ramp,0,0.0,0.013596,0,0.0,0,0.004795,0,0.0,0,0.013596,0,0.0,0
0.39984,baseline_05_mixed_maneuver,Yaw,ramp,0,0.0,0.013596,0,0.0,0,0.004795,0,0.0,0,0.013596,0,0.0,0
0.4998,baseline_05_mixed_maneuver,Yaw,ramp,0,0.0,0.013596,0,0.0,0,0.004795,0,0.0,0,0.013596,0,0.0,0
0.600593,baseline_05_mixed_maneuver,Yaw,ramp,0,0.0,0.013596,0,0.0,0,0.004795,0,0.0,0,0.013596,0,0.0,0
0.700553,baseline_05_mixed_maneuver,Yaw,ramp,0,0.0,0.013596,0,0.0,0,0.004795,0,0.0,0,0.013596,0,0.0,0
0.800513,baseline_05_mixed_maneuver,Yaw,ramp,0,0.0,0.013596,0,0.0,0,0.004795,0,0.0,0,0.013596,0,0.0,0
0.900473,baseline_05_mixed_maneuver,Yaw,ramp,0,0.0,0.013596,0,0.0,0,0.004795,0,0.0,0,0.013596,0,0.0,0
1.000433,baseline_05_mixed_maneuver,Yaw,ramp,0,0.0,0.013596,0,0.0,0,0.004795,0,0.0,0,0.013596,0,0.0,0
1.100393,baseline_05_mixed_maneuver,Yaw,ramp,0,0.0,0.013596,0,0.0,0,0.004795,0,0.0,0,0.013596,0,0.0,0
1.200353,baseline_05_mixed_maneuver,Yaw,ramp,0,0.0,0.013596,0,0.0,0,0.004795,0,0.0,0,0.013596,0,0.0,0
1.300313,baseline_05_mixed_maneuver,Yaw,ramp,0,0.0,0.013596,0,0.0,0,0.004795,0,0.0,0,0.013596,0,0.0,0
1.400273,baseline_05_mixed_maneuver,Yaw,ramp,0,0.0,0.013596,0,0.0,0,0.004795,0,0.0,0,0.013596,0,0.0,0
1.500233,baseline_05_mixed_maneuver,Yaw,ramp,0,0.0,0.013596,0,0.0,0,0.004795,0,0.0,0,0.013596,0,0.0,0
1.600193,baseline_05_mixed_maneuver,Yaw,ramp,0,0.0,0.013596,0,0.0,0,0.004795,0,0.0,0,0.013596,0,0.0,0
1.700153,baseline_05_mixed_maneuver,Yaw,ramp,0,0.0,0.013596,0,0.0,0,0.004795,0,0.0,0,0.013596,0,0.0,0
1.800113,baseline_05_mixed_maneuver,Yaw,ramp,0,0.0,0.013596,0,0.0,0,0.004795,0,0.0,0,0.013596,0,0.0,0
1.900073,baseline_05_mixed_maneuver,Yaw,ramp,0,0.0,0.013596,0,0.0,0,0.004795,0,0.0,0,0.013596,0,0.0,0
2.000033,baseline_05_mixed_maneuver,Yaw,ramp,0,0.0,0.013596,0,0.0,0,0.004795,0,0.0,0,0.013596,0,0.0,0
2.099993,baseline_05_mixed_maneuver,Yaw,ramp,0,0.0,0.013596,0,0.0,0,0.004795,0,0.0,0,0.013596,0,0.0,0
2.199953,baseline_05_mixed_maneuver,Yaw,ramp,0,0.0,0.013596,0,0.0,0,0.004795,0,0.0,0,0.013596,0,0.0,0
2.299913,baseline_05_mixed_maneuver,Yaw,ramp,0,0.0,0.013596,0,0.0,0,0.004795,0,0.0,0,0.013596,0,0.0,0
2.399873,baseline_05_mixed_maneuver,Yaw,ramp,0,0.0,0.013596,0,0.0,0,0.004795,0,0.0,0,0.013596,0,0.0,0
2.499833,baseline_05_mixed_maneuver,Yaw,ramp,0,0.0,0.013596,0,0.0,0,0.004795,0,0.0,0,0.013596,0,0.0,0
2.599793,baseline_05_mixed_maneuver,Yaw,ramp,0,0.0,0.013596,0,0.0,0,0.004795,0,0.0,0,0.013596,0,0.0,0
2.700586,baseline_05_mixed_maneuver,Yaw,ramp,0,0.0,0.013596,0,0.0,0,0.004795,0,0.0,0,0.013596,0,0.0,0
2.800546,baseline_05_mixed_maneuver,Yaw,ramp,0,0.0,0.013596,0,0.0,0,0.004795,0,0.0,0,0.013596,0,0.0,0
2.900506,baseline_05_mixed_maneuver,Yaw,ramp,0,0.0,0.013596,0,0.0,0,0.004795,0,0.0,0,0.013596,0,0.0,0
3.000466,baseline_05_mixed_maneuver,Yaw,ramp,0,0.0,0.013596,0,0.0,0,0.004795,0,0.0,0,0.013596,0,0.0,0
3.100426,baseline_05_mixed_maneuver,Yaw,ramp,0,0.0,0.013596,0,0.0,0,0.004795,0,0.0,0,0.013596,0,0.0,0
3.200386,baseline_05_mixed_maneuver,Yaw,ramp,0,0.0,0.013596,0,0.0,0,0.004795,0,0.0,0,0.013596,0,0.0,0
3.300346,baseline_05_mixed_maneuver,Yaw,ramp,0,0.0,0.013596,0,0.0,0,0.004795,0,0.0,0,0.013596,0,0.0,0
3.400306,baseline_05_mixed_maneuver,Yaw,ramp,0,0.0,0.013596,0,0.0,0,0.004795,0,0.0,0,0.013596,0,0.0,0
3.500266,baseline_05_mixed_maneuver,Yaw,ramp,0,0.0,0.013596,0,0.0,0,0.004795,0,0.0,0,0.013596,0,0.0,0
3.600226,baseline_05_mixed_maneuver,Yaw,ramp,0,0.0,0.013596,0,0.0,0,0.004795,0,0.0,0,0.013596,0,0.0,0
3.700186,baseline_05_mixed_maneuver,Yaw,ramp,0,0.0,0.013596,0,0.0,0,0.004795,0,0.0,0,0.013596,0,0.0,0
3.800146,baseline_05_mixed_maneuver,Yaw,ramp,0,0.0,0.013596,0,0.0,0,0.004795,0,0.0,0,0.013596,0,0.0,0
3.900106,baseline_05_mixed_maneuver,Yaw,ramp,0,0.0,0.013596,0,0.0,0,0.004795,0,0.0,0,0.013596,0,0.0,0
4.000066,baseline_05_mixed_maneuver,Yaw,ramp,0,0.0,0.013596,0,0.0,0,0.004795,0,0.0,0,0.013596,0,0.0,0
4.100026,baseline_05_mixed_maneuver,Yaw,ramp,0,0.0,0.013596,0,0.0,0,0.004795,0,0.0,0,0.013596,0,0.0,0
4.199986,baseline_05_mixed_maneuver,Yaw,ramp,0,0.0,0.013596,0,0.0,0,0.004795,0,0.0,0,0.013596,0,0.0,0
4.299946,baseline_05_mixed_maneuver,Yaw,ramp,0,0.0,0.013596,0,0.0,0,0.004795,0,0.0,0,0.013596,0,0.0,0
4.399906,baseline_05_mixed_maneuver,Yaw,ramp,0,0.0,0.013596,0,0.0,0,0.004795,0,0.0,0,0.013596,0,0.0,0
4.499866,baseline_05_mixed_maneuver,Yaw,ramp,0,0.0,0.013596,0,0.0,0,0.004795,0,0.0,0,0.013596,0,0.0,0
4.599826,baseline_05_mixed_maneuver,Yaw,ramp,0,0.0,0.013596,0,0.0,0,0.004795,0,0.0,0,0.013596,0,0.0,0
4.700619,baseline_05_mixed_maneuver,Yaw,ramp,0,0.0,0.013596,0,0.0,0,0.004795,0,0.0,0,0.013596,0,0.0,0
4.800579,baseline_05_mixed_maneuver,Yaw,ramp,0,0.0,0.013596,0,0.0,0,0.004795,0,0.0,0,0.013596,0,0.0,0
4.900539,baseline_05_mixed_maneuver,Yaw,ramp,0,0.0,0.013596,0,0.0,0,0.004795,0,0.0,0,0.013596,0,0.0,0
5.000499,baseline_05_mixed_maneuver,Yaw,ramp,0,0.0,0.013596,0,0.0,0,0.004795,0,0.0,0,0.013596,0,0.0,0
5.100459,baseline_05_mixed_maneuver,Yaw,ramp,0,0.0,0.013596,0,0.0,0,0.004795,0,0.0,0,0.013596,0,0.0,0
5.200419,baseline_05_mixed_maneuver,Yaw,ramp,0,0.0,0.013596,0,0.0,0,0.004795,0,0.0,0,0.013596,0,0.0,0
5.300379,baseline_05_mixed_maneuver,Yaw,ramp,0,0.0,0.013596,0,0.0,0,0.004795,0,0.0,0,0.013596,0,0.0,0
5.400339,baseline_05_mixed_maneuver,Yaw,ramp,0,0.0,0.013596,0,0.0,0,0.004795,0,0.0,0,0.013596,0,0.0,0
5.500299,baseline_05_mixed_maneuver,Yaw,ramp,0,0.0,0.013596,0,0.0,0,0.004795,0,0.0,0,0.013596,0,0.0,0
5.600259,baseline_05_mixed_maneuver,Yaw,ramp,0,0.0,0.013596,0,0.0,0,0.004795,0,0.0,0,0.013596,0,0.0,0
5.700219,baseline_05_mixed_maneuver,Yaw,ramp,0,0.0,0.013596,0,0.0,0,0.004795,0,0.0,0,0.013596,0,0.0,0
5.800179,baseline_05_mixed_maneuver,Yaw,ramp,0,0.0,0.013596,0,0.0,0,0.004795,0,0.0,0,0.013596,0,0.0,0
5.900139,baseline_05_mixed_maneuver,Yaw,ramp,0,0.0,0.013596,0,0.0,0,0.004795,0,0.0,0,0.013596,0,0.0,0
6.000099,baseline_05_mixed_maneuver,Yaw,ramp,0,0.0,0.013596,0,0.0,0,0.004795,0,0.0,0,0.013596,0,0.0,0
6.100059,baseline_05_mixed_maneuver,Yaw,ramp,0,0.0,0.013596,0,0.0,0,0.004795,0,0.0,0,0.013596,0,0.0,0
6.200019,baseline_05_mixed_maneuver,Yaw,ramp,0,0.0,0.013596,0,0.0,0,0.004795,0,0.0,0,0.013596,0,0.0,0
6.299979,baseline_05_mixed_maneuver,Yaw,ramp,0,0.0,0.013596,0,0.0,0,0.004795,0,0.0,0,0.013596,0,0.0,0
6.399939,baseline_05_mixed_maneuver,Yaw,ramp,0,0.0,0.013596,0,0.0,0,0.004795,0,0.0,0,0.013596,0,0.0,0
6.499899,baseline_05_mixed_maneuver,Yaw,ramp,0,0.0,0.013596,0,0.0,0,0.004795,0,0.0,0,0.013596,0,0.0,0
6.599859,baseline_05_mixed_maneuver,Yaw,ramp,0,0.0,0.013596,0,0.0,0,0.004795,0,0.0,0,0.013596,0,0.0,0
6.699819,baseline_05_mixed_maneuver,Yaw,ramp,0,0.0,0.013596,0,0.0,0,0.004795,0,0.0,0,0.013596,0,0.0,0
6.800612,baseline_05_mixed_maneuver,Yaw,ramp,0,0.0,0.013596,0,0.0,0,0.004795,0,0.0,0,0.013596,0,0.0,0
6.900572,baseline_05_mixed_maneuver,Yaw,ramp,0,0.0,0.013596,0,0.0,0,0.004795,0,0.0,0,0.013596,0,0.0,0
7.000532,baseline_05_mixed_maneuver,Yaw,ramp,0,0.0,0.013596,0,0.0,0,0.004795,0,0.0,0,0.013596,0,0.0,0
7.100492,baseline_05_mixed_maneuver,Yaw,ramp,0,0.0,0.013596,0,0.0,0,0.004795,0,0.0,0,0.013596,0,0.0,0
7.200452,baseline_05_mixed_maneuver,Yaw,ramp,0,0.0,0.013596,0,0.0,0,0.004795,0,0.0,0,0.013596,0,0.0,0
7.300412,baseline_05_mixed_maneuver,Yaw,ramp,0,0.0,0.013596,0,0.0,0,0.004795,0,0.0,0,0.013596,0,0.0,0
7.400372,baseline_05_mixed_maneuver,Yaw,ramp,0,0.0,0.013596,0,0.0,0,0.004795,0,0.0,0,0.013596,0,0.0,0
7.500332,baseline_05_mixed_maneuver,Yaw,ramp,0,0.0,0.013596,0,0.0,0,0.004795,0,0.0,0,0.013596,0,0.0,0
7.600292,baseline_05_mixed_maneuver,Yaw,ramp,0,0.0,0.013596,0,0.0,0,0.004795,0,0.0,0,0.013596,0,0.0,0
7.700252,baseline_05_mixed_maneuver,Yaw,ramp,0,0.0,0.013596,0,0.0,0,0.004795,0,0.0,0,0.013596,0,0.0,0
7.800212,baseline_05_mixed_maneuver,Yaw,ramp,0,0.0,0.013596,0,0.0,0,0.004795,0,0.0,0,0.013596,0,0.0,0
7.900172,baseline_05_mixed_maneuver,Yaw,ramp,0,0.0,0.013596,0,0.0,0,0.004795,0,0.0,0,0.013596,0,0.0,0
8.000132,baseline_05_mixed_maneuver,Yaw,ramp,0,0.0,0.013596,0,0.0,0,0.004795,0,0.0,0,0.013596,0,0.0,0
8.100092,baseline_05_mixed_maneuver,Yaw,ramp,0,0.0,0.013596,0,0.0,0,0.004795,0,0.0,0,0.013596,0,0.0,0
8.200052,baseline_05_mixed_maneuver,Yaw,ramp,0,0.0,0.013596,0,0.0,0,0.004795,0,0.0,0,0.013596,0,0.0,0
8.300012,baseline_05_mixed_maneuver,Yaw,ramp,0,0.0,0.013596,0,0.0,0,0.004795,0,0.0,0,0.013596,0,0.0,0
8.399972,baseline_05_mixed_maneuver,Yaw,ramp,0,0.0,0.013596,0,0.0,0,0.004795,0,0.0,0,0.013596,0,0.0,0
8.499932,baseline_05_mixed_maneuver,Yaw,ramp,0,0.0,0.013596,0,0.0,0,0.004795,0,0.0,0,0.013596,0,0.0,0
8.599892,baseline_05_mixed_maneuver,Yaw,ramp,0,0.0,0.013596,0,0.0,0,0.004795,0,0.0,0,0.013596,0,0.0,0
8.699852,baseline_05_mixed_maneuver,Yaw,ramp,0,0.0,0.013596,0,0.0,0,0.004795,0,0.0,0,0.013596,0,0.0,0
8.799812,baseline_05_mixed_maneuver,Yaw,ramp,0,0.0,0.013596,0,0.0,0,0.004795,0,0.0,0,0.013596,0,0.0,0
8.900605,baseline_05_mixed_maneuver,Yaw,ramp,0,0.0,0.013596,0,0.0,0,0.004795,0,0.0,0,0.013596,0,0.0,0
9.000565,baseline_05_mixed_maneuver,Yaw,ramp,0,0.0,0.013596,0,0.0,0,0.004795,0,0.0,0,0.013596,0,0.0,0
9.100525,baseline_05_mixed_maneuver,Yaw,ramp,0,0.0,0.013596,0,0.0,0,0.004795,0,0.0,0,0.013596,0,0.0,0
9.200485,baseline_05_mixed_maneuver,Yaw,ramp,0,0.0,0.013596,0,0.0,0,0.004795,0,0.0,0,0.013596,0,0.0,0
9.300445,baseline_05_mixed_maneuver,Yaw,ramp,0,0.0,0.013596,0,0.0,0,0.004795,0,0.0,0,0.013596,0,0.0,0
9.400405,baseline_05_mixed_maneuver,Yaw,ramp,0,0.0,0.013596,0,0.0,0,0.004795,0,0.0,0,0.013596,0,0.0,0
9.500365,baseline_05_mixed_maneuver,Yaw,ramp,0,0.0,0.013596,0,0.0,0,0.004795,0,0.0,0,0.013596,0,0.0,0
9.600325,baseline_05_mixed_maneuver,Yaw,ramp,0,0.0,0.013596,0,0.0,0,0.004795,0,0.0,0,0.013596,0,0.0,0
9.700285,baseline_05_mixed_maneuver,Yaw,ramp,0,0.0,0.013596,0,0.0,0,0.004795,0,0.0,0,0.013596,0,0.0,0
9.800245,baseline_05_mixed_maneuver,Yaw,ramp,0,0.0,0.013596,0,0.0,0,0.004795,0,0.0,0,0.013596,0,0.0,0
9.900205,baseline_05_mixed_maneuver,Yaw,ramp,0,0.0,0.013596,0,0.0,0,0.004795,0,0.0,0,0.013596,0,0.0,0
10.000165,baseline_05_mixed_maneuver,Yaw,ramp,0,0.0,0.013596,0,0.0,0,0.004795,0,0.0,0,0.013596,0,0.0,0
10.100125,baseline_05_mixed_maneuver,Yaw,ramp,0,0.0,0.013596,0,0.0,0,0.004795,0,0.0,0,0.013596,0,0.0,0
10.200085,baseline_05_mixed_maneuver,Yaw,ramp,0,0.0,0.013596,0,0.0,0,0.004795,0,0.0,0,0.013596,0,0.0,0
10.300045,baseline_05_mixed_maneuver,Yaw,ramp,0,0.0,0.013596,0,0.0,0,0.004795,0,0.0,0,0.013596,0,0.0,0
10.400005,baseline_05_mixed_maneuver,Yaw,ramp,0,0.0,0.013596,0,0.0,0,0.004795,0,0.0,0,0.013596,0,0.0,0
10.499965,baseline_05_mixed_maneuver,Yaw,ramp,0,0.0,0.013596,0,0.0,0,0.004795,0,0.0,0,0.013596,0,0.0,0
10.599925,baseline_05_mixed_maneuver,Yaw,ramp,0,0.0,0.013596,0,0.0,0,0.004795,0,0.0,0,0.013596,0,0.0,0
10.699885,baseline_05_mixed_maneuver,Yaw,ramp,0,0.0,0.013596,0,0.0,0,0.004795,0,0.0,0,0.013596,0,0.0,0
10.799845,baseline_05_mixed_maneuver,Yaw,ramp,0,0.0,0.013596,0,0.0,0,0.004795,0,0.0,0,0.013596,0,0.0,0
10.899805,baseline_05_mixed_maneuver,Yaw,ramp,0,0.0,0.013596,0,0.0,0,0.004795,0,0.0,0,0.013596,0,0.0,0
11.000598,baseline_05_mixed_maneuver,Yaw,ramp,0,0.0,0.013596,0,0.0,0,0.004795,0,0.0,0,0.013596,0,0.0,0
11.100558,baseline_05_mixed_maneuver,Yaw,ramp,0,0.0,0.013596,0,0.0,0,0.004795,0,0.0,0,0.013596,0,0.0,0
11.200518,baseline_05_mixed_maneuver,Yaw,ramp,0,0.0,0.013596,0,0.0,0,0.004795,0,0.0,0,0.013596,0,0.0,0
11.300478,baseline_05_mixed_maneuver,Yaw,ramp,0,0.0,0.013596,0,0.0,0,0.004795,0,0.0,0,0.013596,0,0.0,0
11.400438,baseline_05_mixed_maneuver,Yaw,ramp,0,0.0,0.013596,0,0.0,0,0.004795,0,0.0,0,0.013596,0,0.0,0
11.500398,baseline_05_mixed_maneuver,Yaw,ramp,0,0.0,0.013596,0,0.0,0,0.004795,0,0.0,0,0.013596,0,0.0,0
11.600358,baseline_05_mixed_maneuver,Yaw,ramp,0,0.0,0.013596,0,0.0,0,0.004795,0,0.0,0,0.013596,0,0.0,0
11.700318,baseline_05_mixed_maneuver,Yaw,ramp,0,0.0,0.013596,0,0.0,0,0.004795,0,0.0,0,0.013596,0,0.0,0
11.800278,baseline_05_mixed_maneuver,Yaw,ramp,0,0.0,0.013596,0,0.0,0,0.004795,0,0.0,0,0.013596,0,0.0,0
11.900238,baseline_05_mixed_maneuver,Yaw,ramp,0,0.0,0.013596,0,0.0,0,0.004795,0,0.0,0,0.013596,0,0.0,0
12.000198,baseline_05_mixed_maneuver,Yaw,ramp,0,0.0,0.013596,0,0.0,0,0.004795,0,0.0,0,0.013596,0,0.0,0
12.100158,baseline_05_mixed_maneuver,Yaw,ramp,0,0.0,0.013596,0,0.0,0,0.004795,0,0.0,0,0.013596,0,0.0,0
12.200118,baseline_05_mixed_maneuver,Yaw,ramp,0,0.0,0.013596,0,0.0,0,0.004795,0,0.0,0,0.013596,0,0.0,0
12.300078,baseline_05_mixed_maneuver,Yaw,ramp,0,0.0,0.013596,0,0.0,0,0.004795,0,0.0,0,0.013596,0,0.0,0
12.400038,baseline_05_mixed_maneuver,Yaw,ramp,0,0.0,0.013596,0,0.0,0,0.004795,0,0.0,0,0.013596,0,0.0,0
12.499998,baseline_05_mixed_maneuver,Yaw,ramp,0,0.0,0.013596,0,0.0,0,0.004795,0,0.0,0,0.013596,0,0.0,0
12.599958,baseline_05_mixed_maneuver,Yaw,ramp,0,0.0,0.013596,0,0.0,0,0.004795,0,0.0,0,0.013596,0,0.0,0
12.699918,baseline_05_mixed_maneuver,Yaw,ramp,0,0.0,0.013596,0,0.0,0,0.004795,0,0.0,0,0.013596,0,0.0,0
12.799878,baseline_05_mixed_maneuver,Yaw,ramp,0,0.0,0.013596,0,0.0,0,0.004795,0,0.0,0,0.013596,0,0.0,0
12.899838,baseline_05_mixed_maneuver,Yaw,ramp,0,0.0,0.013596,0,0.0,0,0.004795,0,0.0,0,0.013596,0,0.0,0
12.999798,baseline_05_mixed_maneuver,Yaw,ramp,0,0.0,0.013596,0,0.0,0,0.004795,0,0.0,0,0.013596,0,0.0,0
13.100591,baseline_05_mixed_maneuver,Yaw,ramp,0,0.0,0.013596,0,0.0,0,0.004795,0,0.0,0,0.013596,0,0.0,0
13.200551,baseline_05_mixed_maneuver,Yaw,ramp,0,0.0,0.013596,0,0.0,0,0.004795,0,0.0,0,0.013596,0,0.0,0
13.300511,baseline_05_mixed_maneuver,Yaw,ramp,0,0.0,0.013596,0,0.0,0,0.004795,0,0.0,0,0.013596,0,0.0,0
13.400471,baseline_05_mixed_maneuver,Yaw,ramp,0,0.0,0.013596,0,0.0,0,0.004795,0,0.0,0,0.013596,0,0.0,0
13.500431,baseline_05_mixed_maneuver,Yaw,ramp,0,0.0,0.013596,0,0.0,0,0.004795,0,0.0,0,0.013596,0,0.0,0
13.600391,baseline_05_mixed_maneuver,Yaw,ramp,0,0.0,0.013596,0,0.0,0,0.004795,0,0.0,0,0.013596,0,0.0,0
13.700351,baseline_05_mixed_maneuver,Yaw,ramp,0,0.0,0.013596,0,0.0,0,0.004795,0,0.0,0,0.013596,0,0.0,0
13.800311,baseline_05_mixed_maneuver,Yaw,ramp,0,0.0,0.013596,0,0.0,0,0.004795,0,0.0,0,0.013596,0,0.0,0
13.900271,baseline_05_mixed_maneuver,Yaw,ramp,0,0.0,0.013596,0,0.0,0,0.004795,0,0.0,0,0.013596,0,0.0,0
14.000231,baseline_05_mixed_maneuver,Yaw,ramp,0,0.0,0.013596,0,0.0,0,0.004795,0,0.0,0,0.013596,0,0.0,0
14.100191,baseline_05_mixed_maneuver,Yaw,ramp,0,0.0,0.013596,0,0.0,0,0.004795,0,0.0,0,0.013596,0,0.0,0
14.200151,baseline_05_mixed_maneuver,Yaw,ramp,0,0.0,0.013596,0,0.0,0,0.004795,0,0.0,0,0.013596,0,0.0,0
14.300111,baseline_05_mixed_maneuver,Yaw,ramp,1,0.0,0.013596,0,0.0,0,0.004795,0,0.0,0,0.013596,0,0.0,0
14.400071,baseline_05_mixed_maneuver,Yaw,ramp,1,0.0002026056338024,0.013596,0,0.0,0,0.004795,0,0.0,0,0.013596,0,0.0,0
14.500031,baseline_05_mixed_maneuver,Yaw,ramp,1,0.0004052112676049,0.013596,0,0.0,0,0.004795,0,0.0,0,0.013596,0,0.0,0
14.599991,baseline_05_mixed_maneuver,Yaw,ramp,1,0.0006078169014074,0.013596,0,0.0,0,0.004795,0,0.0,0,0.013596,0,0.0,0
14.699951,baseline_05_mixed_maneuver,Yaw,ramp,1,0.0008104225352099,0.013596,0,0.0,0,0.004795,0,0.0,0,0.013596,0,0.0,0
14.799911,baseline_05_mixed_maneuver,Yaw,ramp,1,0.0010130281690123,0.013596,0,0.0,0,0.004795,0,0.0,0,0.013596,0,0.0,0
14.899871,baseline_05_mixed_maneuver,Yaw,ramp,1,0.0012156338028148,0.013596,0,0.0,0,0.004795,0,0.0,0,0.013596,0,0.0,0
14.999831,baseline_05_mixed_maneuver,Yaw,ramp,1,0.0014182394366173,0.013596,0,0.0,0,0.004795,0,0.0,0,0.013596,0,0.0,0
15.099791,baseline_05_mixed_maneuver,Yaw,ramp,1,0.0016208450704198,0.013596,0,0.0,0,0.004795,0,0.0,0,0.013596,0,0.0,0
15.200584,baseline_05_mixed_maneuver,Yaw,ramp,1,0.0018234507042222,0.013596,0,0.0,0,0.004795,0,0.0,0,0.013596,0,0.0,0
15.300544,baseline_05_mixed_maneuver,Yaw,ramp,1,0.0020260563380247,0.013596,0,0.0,0,0.004795,0,0.0,0,0.013596,0,0.0,0
15.400504,baseline_05_mixed_maneuver,Yaw,ramp,1,0.0022286619718272,0.013596,0,0.0,0,0.004795,0,0.0,0,0.013596,0,0.0,0
15.500464,baseline_05_mixed_maneuver,Yaw,ramp,1,0.0024312676056297,0.013596,0,0.0,0,0.004795,0,0.0,0,0.013596,0,0.0,0
15.600424,baseline_05_mixed_maneuver,Yaw,ramp,1,0.0026338732394322,0.013596,0,0.0,0,0.004795,0,0.0,0,0.013596,0,0.0,0
15.700384,baseline_05_mixed_maneuver,Yaw,ramp,1,0.0028364788732346,0.013596,0,0.0,0,0.004795,0,0.0,0,0.013596,0,0.0,0
15.800344,baseline_05_mixed_maneuver,Yaw,ramp,1,0.0030390845070371,0.013596,0,0.0,0,0.004795,0,0.0,0,0.013596,0,0.0,0
15.900304,baseline_05_mixed_maneuver,Yaw,ramp,1,0.0032416901408396,0.013596,0,0.0,0,0.004795,0,0.0,0,0.013596,0,0.0,0
16.000264,baseline_05_mixed_maneuver,Yaw,ramp,1,0.0034442957746421,0.013596,0,0.0,0,0.004795,0,0.0,0,0.013596,0,0.0,0
16.100224,baseline_05_mixed_maneuver,Yaw,ramp,1,0.0036469014084445,0.013596,0,0.0,0,0.004795,0,0.0,0,0.013596,0,0.0,0
16.200184,baseline_05_mixed_maneuver,Yaw,ramp,1,0.003849507042247,0.013596,0,0.0,0,0.004795,0,0.0,0,0.013596,0,0.0,0
16.300144,baseline_05_mixed_maneuver,Yaw,ramp,1,0.0040521126760495,0.013596,0,0.0,0,0.004795,0,0.0,0,0.013596,0,0.0,0
16.400104,baseline_05_mixed_maneuver,Yaw,ramp,1,0.0042547183098804,0.013596,0,0.0,0,0.004795,0,0.0,0,0.013596,0,0.0,0
16.500064,baseline_05_mixed_maneuver,Yaw,ramp,1,0.0044573239436545,0.013596,0,0.0,0,0.004795,0,0.0,0,0.013596,0,0.0,0
16.600024,baseline_05_mixed_maneuver,Yaw,ramp,1,0.0046599295774854,0.013596,0,0.0,0,0.004795,0,0.0,0,0.013596,0,0.0,0
16.699984,baseline_05_mixed_maneuver,Yaw,ramp,1,0.0048625352112594,0.013596,0,0.0,0,0.004795,1,1.0,0,0.013596,0,0.0,0
16.799944,baseline_05_mixed_maneuver,Yaw,ramp,1,0.0050651408450903,0.013596,0,0.0,0,0.004795,1,2.0,0,0.013596,0,0.0,0
16.899904,baseline_05_mixed_maneuver,Yaw,ramp,1,0.0052677464788644,0.013596,0,0.0,0,0.004795,1,3.0,1,0.013596,0,0.0,0
16.999864,baseline_05_mixed_maneuver,Yaw,ramp,1,0.0054703521126953,0.013596,0,0.0,0,0.004795,1,4.0,1,0.013596,0,0.0,0
17.099824,baseline_05_mixed_maneuver,Yaw,ramp,1,0.0056729577464693,0.013596,0,0.0,0,0.004795,1,5.0,1,0.013596,0,0.0,0
17.200617,baseline_05_mixed_maneuver,Yaw,ramp,1,0.0058755633803002,0.013596,0,0.0,0,0.004795,1,6.0,1,0.013596,0,0.0,0
17.300577,baseline_05_mixed_maneuver,Yaw,ramp,1,0.0060781690140743,0.013596,0,0.0,0,0.004795,1,7.0,1,0.013596,0,0.0,0
17.400537,baseline_05_mixed_maneuver,Yaw,ramp,1,0.0062807746479052,0.013596,0,0.0,0,0.004795,1,8.0,1,0.013596,0,0.0,0
17.500497,baseline_05_mixed_maneuver,Yaw,ramp,1,0.0064833802816792,0.013596,0,0.0,0,0.004795,1,9.0,1,0.013596,0,0.0,0
17.600457,baseline_05_mixed_maneuver,Yaw,ramp,1,0.0066859859155101,0.013596,0,0.0,0,0.004795,1,10.0,1,0.013596,0,0.0,0
17.700417,baseline_05_mixed_maneuver,Yaw,ramp,1,0.0068885915492842,0.013596,0,0.0,0,0.004795,1,10.0,1,0.013596,0,0.0,0
17.800377,baseline_05_mixed_maneuver,Yaw,ramp,1,0.0070911971831151,0.013596,0,0.0,0,0.004795,1,10.0,1,0.013596,0,0.0,0
17.900337,baseline_05_mixed_maneuver,Yaw,ramp,1,0.0072938028168891,0.013596,0,0.0,0,0.004795,1,10.0,1,0.013596,0,0.0,0
18.000297,baseline_05_mixed_maneuver,Yaw,ramp,1,0.00749640845072,0.013596,0,0.0,0,0.004795,1,10.0,1,0.013596,0,0.0,0
18.100257,baseline_05_mixed_maneuver,Yaw,ramp,1,0.0076990140844941,0.013596,0,0.0,0,0.004795,1,10.0,1,0.013596,0,0.0,0
18.200217,baseline_05_mixed_maneuver,Yaw,ramp,1,0.007901619718325,0.013596,0,0.0,0,0.004795,1,10.0,1,0.013596,0,0.0,0
18.300177,baseline_05_mixed_maneuver,Yaw,ramp,1,0.008104225352099,0.013596,0,0.0,0,0.004795,1,10.0,1,0.013596,0,0.0,0
18.400137,baseline_05_mixed_maneuver,Yaw,ramp,1,0.0083068309859299,0.013596,0,0.0,0,0.004795,1,10.0,1,0.013596,0,0.0,0
18.500097,baseline_05_mixed_maneuver,Yaw,ramp,1,0.008509436619704,0.013596,0,0.0,0,0.004795,1,10.0,1,0.013596,0,0.0,0
18.600057,baseline_05_mixed_maneuver,Yaw,ramp,1,0.0087120422535349,0.013596,0,0.0,0,0.004795,1,10.0,1,0.013596,0,0.0,0
18.700017,baseline_05_mixed_maneuver,Yaw,ramp,1,0.008914647887309,0.013596,0,0.0,0,0.004795,1,10.0,1,0.013596,0,0.0,0
18.799977,baseline_05_mixed_maneuver,Yaw,ramp,1,0.0091172535211399,0.013596,0,0.0,0,0.004795,1,10.0,1,0.013596,0,0.0,0
18.899937,baseline_05_mixed_maneuver,Yaw,ramp,1,0.0093198591549139,0.013596,0,0.0,0,0.004795,1,10.0,1,0.013596,0,0.0,0
18.999897,baseline_05_mixed_maneuver,Yaw,ramp,1,0.0095224647887448,0.013596,0,0.0,0,0.004795,1,10.0,1,0.013596,0,0.0,0
19.099857,baseline_05_mixed_maneuver,Yaw,ramp,1,0.0097250704225189,0.013596,0,0.0,0,0.004795,1,10.0,1,0.013596,0,0.0,0
19.199817,baseline_05_mixed_maneuver,Yaw,ramp,1,0.0099276760563498,0.013596,0,0.0,0,0.004795,1,10.0,1,0.013596,0,0.0,0
19.30061,baseline_05_mixed_maneuver,Yaw,ramp,1,0.0101302816901238,0.013596,0,0.0,0,0.004795,1,10.0,1,0.013596,0,0.0,0
19.40057,baseline_05_mixed_maneuver,Yaw,ramp,1,0.0103328873239547,0.013596,0,0.0,0,0.004795,1,10.0,1,0.013596,0,0.0,0
19.50053,baseline_05_mixed_maneuver,Yaw,ramp,1,0.0105354929577288,0.013596,0,0.0,0,0.004795,1,10.0,1,0.013596,0,0.0,0
19.60049,baseline_05_mixed_maneuver,Yaw,ramp,1,0.0107380985915597,0.013596,0,0.0,0,0.004795,1,10.0,1,0.013596,0,0.0,0
19.70045,baseline_05_mixed_maneuver,Yaw,ramp,1,0.0109407042253337,0.013596,0,0.0,0,0.004795,1,10.0,1,0.013596,0,0.0,0
19.80041,baseline_05_mixed_maneuver,Yaw,ramp,1,0.0111433098591646,0.013596,0,0.0,0,0.004795,1,10.0,1,0.013596,0,0.0,0
19.90037,baseline_05_mixed_maneuver,Yaw,ramp,1,0.0113459154929387,0.013596,0,0.0,0,0.004795,1,10.0,1,0.013596,0,0.0,0
20.00033,baseline_05_mixed_maneuver,Yaw,ramp,1,0.0115485211267696,0.013596,0,0.0,0,0.004795,1,10.0,1,0.013596,0,0.0,0
20.10029,baseline_05_mixed_maneuver,Yaw,ramp,1,0.0117511267605436,0.013596,0,0.0,0,0.004795,1,10.0,1,0.013596,0,0.0,0
20.20025,baseline_05_mixed_maneuver,Yaw,ramp,1,0.0119537323943745,0.013596,0,0.0,0,0.004795,1,10.0,1,0.013596,0,0.0,0
20.30021,baseline_05_mixed_maneuver,Yaw,ramp,1,0.0121563380281486,0.013596,0,0.0,0,0.004795,1,10.0,1,0.013596,0,0.0,0
20.40017,baseline_05_mixed_maneuver,Yaw,ramp,1,0.0123589436619795,0.013596,0,0.0,0,0.004795,1,10.0,1,0.013596,0,0.0,0
20.50013,baseline_05_mixed_maneuver,Yaw,ramp,1,0.0125615492957535,0.013596,0,0.0,0,0.004795,1,10.0,1,0.013596,0,0.0,0
20.60009,baseline_05_mixed_maneuver,Yaw,ramp,1,0.0127641549295844,0.013596,0,0.0,0,0.004795,1,10.0,1,0.013596,0,0.0,0
20.70005,baseline_05_mixed_maneuver,Yaw,ramp,1,0.0129667605633869,0.013596,0,0.0,0,0.004795,1,10.0,1,0.013596,0,0.0,0
20.80001,baseline_05_mixed_maneuver,Yaw,ramp,1,0.0131693661971894,0.013596,0,0.0,0,0.004795,1,10.0,1,0.013596,0,0.0,0
20.89997,baseline_05_mixed_maneuver,Yaw,ramp,1,0.0133719718309919,0.013596,0,0.0,0,0.004795,1,10.0,1,0.013596,0,0.0,0
20.99993,baseline_05_mixed_maneuver,Yaw,ramp,1,0.0135745774647944,0.013596,0,0.0,0,0.004795,1,10.0,1,0.013596,0,0.0,0
21.09989,baseline_05_mixed_maneuver,Yaw,ramp,1,0.0137771830985968,0.013596,1,1.0,0,0.004795,1,10.0,1,0.013596,1,1.0,0
21.19985,baseline_05_mixed_maneuver,Yaw,ramp,1,0.0139797887323993,0.013596,1,2.0,0,0.004795,1,10.0,1,0.013596,1,2.0,0
21.29981,baseline_05_mixed_maneuver,Yaw,ramp,1,0.0141823943662018,0.013596,1,3.0,1,0.004795,1,10.0,1,0.013596,1,3.0,1
21.400603,baseline_05_mixed_maneuver,Yaw,ramp,1,0.0143850000000043,0.013596,1,4.0,1,0.004795,1,10.0,1,0.013596,1,4.0,1
21.500563,baseline_05_mixed_maneuver,Yaw,ramp,1,0.0145876056338067,0.013596,1,5.0,1,0.004795,1,10.0,1,0.013596,1,5.0,1
21.600523,baseline_05_mixed_maneuver,Yaw,ramp,1,0.0147902112676092,0.013596,1,6.0,1,0.004795,1,10.0,1,0.013596,1,6.0,1
21.700483,baseline_05_mixed_maneuver,Yaw,ramp,1,0.0149928169014117,0.013596,1,7.0,1,0.004795,1,10.0,1,0.013596,1,7.0,1
21.800443,baseline_05_mixed_maneuver,Yaw,ramp,1,0.0151954225352142,0.013596,1,8.0,1,0.004795,1,10.0,1,0.013596,1,8.0,1
21.900403,baseline_05_mixed_maneuver,Yaw,ramp,1,0.0153980281690166,0.013596,1,9.0,1,0.004795,1,10.0,1,0.013596,1,9.0,1
22.000363,baseline_05_mixed_maneuver,Yaw,ramp,1,0.0156006338028191,0.013596,1,10.0,1,0.004795,1,10.0,1,0.013596,1,10.0,1
22.100323,baseline_05_mixed_maneuver,Yaw,ramp,1,0.0158032394366216,0.013596,1,10.0,1,0.004795,1,10.0,1,0.013596,1,10.0,1
22.200283,baseline_05_mixed_maneuver,Yaw,ramp,1,0.0160058450704241,0.013596,1,10.0,1,0.004795,1,10.0,1,0.013596,1,10.0,1
22.300243,baseline_05_mixed_maneuver,Yaw,ramp,1,0.0162084507042266,0.013596,1,10.0,1,0.004795,1,10.0,1,0.013596,1,10.0,1
22.400203,baseline_05_mixed_maneuver,Yaw,ramp,1,0.016411056338029,0.013596,1,10.0,1,0.004795,1,10.0,1,0.013596,1,10.0,1
22.500163,baseline_05_mixed_maneuver,Yaw,ramp,1,0.0166136619718315,0.013596,1,10.0,1,0.004795,1,10.0,1,0.013596,1,10.0,1
22.600123,baseline_05_mixed_maneuver,Yaw,ramp,1,0.016816267605634,0.013596,1,10.0,1,0.004795,1,10.0,1,0.013596,1,10.0,1
22.700083,baseline_05_mixed_maneuver,Yaw,ramp,1,0.0170188732394365,0.013596,1,10.0,1,0.004795,1,10.0,1,0.013596,1,10.0,1
22.800043,baseline_05_mixed_maneuver,Yaw,ramp,1,0.0172214788732389,0.013596,1,10.0,1,0.004795,1,10.0,1,0.013596,1,10.0,1
22.900003,baseline_05_mixed_maneuver,Yaw,ramp,1,0.0174240845070414,0.013596,1,10.0,1,0.004795,1,10.0,1,0.013596,1,10.0,1
22.999963,baseline_05_mixed_maneuver,Yaw,ramp,1,0.0176266901408439,0.013596,1,10.0,1,0.004795,1,10.0,1,0.013596,1,10.0,1
23.099923,baseline_05_mixed_maneuver,Yaw,ramp,1,0.0178292957746464,0.013596,1,10.0,1,0.004795,1,10.0,1,0.013596,1,10.0,1
23.199883,baseline_05_mixed_maneuver,Yaw,ramp,1,0.0180319014084489,0.013596,1,10.0,1,0.004795,1,10.0,1,0.013596,1,10.0,1
23.299843,baseline_05_mixed_maneuver,Yaw,ramp,1,0.0182345070422513,0.013596,1,10.0,1,0.004795,1,10.0,1,0.013596,1,10.0,1
23.399803,baseline_05_mixed_maneuver,Yaw,ramp,1,0.0184371126760538,0.013596,1,10.0,1,0.004795,1,10.0,1,0.013596,1,10.0,1
23.500596,baseline_05_mixed_maneuver,Yaw,ramp,1,0.0186397183098563,0.013596,1,10.0,1,0.004795,1,10.0,1,0.013596,1,10.0,1
23.600556,baseline_05_mixed_maneuver,Yaw,ramp,1,0.0188423239436588,0.013596,1,10.0,1,0.004795,1,10.0,1,0.013596,1,10.0,1
23.700516,baseline_05_mixed_maneuver,Yaw,ramp,1,0.0190449295774612,0.013596,1,10.0,1,0.004795,1,10.0,1,0.013596,1,10.0,1
23.800476,baseline_05_mixed_maneuver,Yaw,ramp,1,0.0192475352112637,0.013596,1,10.0,1,0.004795,1,10.0,1,0.013596,1,10.0,1
23.900436,baseline_05_mixed_maneuver,Yaw,ramp,1,0.0194501408450662,0.013596,1,10.0,1,0.004795,1,10.0,1,0.013596,1,10.0,1
24.000396,baseline_05_mixed_maneuver,Yaw,ramp,1,0.0196527464788687,0.013596,1,10.0,1,0.004795,1,10.0,1,0.013596,1,10.0,1
24.100356,baseline_05_mixed_maneuver,Yaw,ramp,1,0.0198553521126712,0.013596,1,10.0,1,0.004795,1,10.0,1,0.013596,1,10.0,1
24.200316,baseline_05_mixed_maneuver,Yaw,ramp,1,0.0200579577464736,0.013596,1,10.0,1,0.004795,1,10.0,1,0.013596,1,10.0,1
24.300276,baseline_05_mixed_maneuver,Yaw,ramp,1,0.0202605633802761,0.013596,1,10.0,1,0.004795,1,10.0,1,0.013596,1,10.0,1
24.400236,baseline_05_mixed_maneuver,Yaw,ramp,1,0.0204631690140786,0.013596,1,10.0,1,0.004795,1,10.0,1,0.013596,1,10.0,1
24.500196,baseline_05_mixed_maneuver,Yaw,ramp,1,0.0206657746478811,0.013596,1,10.0,1,0.004795,1,10.0,1,0.013596,1,10.0,1
24.600156,baseline_05_mixed_maneuver,Yaw,ramp,1,0.0208683802816835,0.013596,1,10.0,1,0.004795,1,10.0,1,0.013596,1,10.0,1
24.700116,baseline_05_mixed_maneuver,Yaw,ramp,1,0.021070985915486,0.013596,1,10.0,1,0.004795,1,10.0,1,0.013596,1,10.0,1
24.800076,baseline_05_mixed_maneuver,Yaw,ramp,1,0.0212735915492885,0.013596,1,10.0,1,0.004795,1,10.0,1,0.013596,1,10.0,1
24.900036,baseline_05_mixed_maneuver,Yaw,ramp,1,0.0214761971831194,0.013596,1,10.0,1,0.004795,1,10.0,1,0.013596,1,10.0,1
24.999996,baseline_05_mixed_maneuver,Yaw,ramp,1,0.0216788028168934,0.013596,1,10.0,1,0.004795,1,10.0,1,0.013596,1,10.0,1
25.099956,baseline_05_mixed_maneuver,Yaw,ramp,1,0.0218814084507243,0.013596,1,10.0,1,0.004795,1,10.0,1,0.013596,1,10.0,1
25.199916,baseline_05_mixed_maneuver,Yaw,ramp,1,0.0220840140844984,0.013596,1,10.0,1,0.004795,1,10.0,1,0.013596,1,10.0,1
25.299876,baseline_05_mixed_maneuver,Yaw,ramp,1,0.0222866197183293,0.013596,1,10.0,1,0.004795,1,10.0,1,0.013596,1,10.0,1
25.399836,baseline_05_mixed_maneuver,Yaw,ramp,1,0.0224892253521034,0.013596,1,10.0,1,0.004795,1,10.0,1,0.013596,1,10.0,1
25.499796,baseline_05_mixed_maneuver,Yaw,ramp,1,0.0226918309859343,0.013596,1,10.0,1,0.004795,1,10.0,1,0.013596,1,10.0,1
25.600589,baseline_05_mixed_maneuver,Yaw,ramp,1,0.0228944366197083,0.013596,1,10.0,1,0.004795,1,10.0,1,0.013596,1,10.0,1
25.700549,baseline_05_mixed_maneuver,Yaw,ramp,1,0.0230970422535392,0.013596,1,10.0,1,0.004795,1,10.0,1,0.013596,1,10.0,1
25.800509,baseline_05_mixed_maneuver,Yaw,ramp,1,0.0232996478873133,0.013596,1,10.0,1,0.004795,1,10.0,1,0.013596,1,10.0,1
25.900469,baseline_05_mixed_maneuver,Yaw,ramp,1,0.0235022535211442,0.013596,1,10.0,1,0.004795,1,10.0,1,0.013596,1,10.0,1
26.000429,baseline_05_mixed_maneuver,Yaw,ramp,1,0.0237048591549182,0.013596,1,10.0,1,0.004795,1,10.0,1,0.013596,1,10.0,1
26.100389,baseline_05_mixed_maneuver,Yaw,ramp,1,0.0239074647887491,0.013596,1,10.0,1,0.004795,1,10.0,1,0.013596,1,10.0,1
26.200349,baseline_05_mixed_maneuver,Yaw,ramp,1,0.0241100704225232,0.013596,1,10.0,1,0.004795,1,10.0,1,0.013596,1,10.0,1
26.300309,baseline_05_mixed_maneuver,Yaw,ramp,1,0.0243126760563541,0.013596,1,10.0,1,0.004795,1,10.0,1,0.013596,1,10.0,1
26.400269,baseline_05_mixed_maneuver,Yaw,ramp,1,0.0245152816901281,0.013596,1,10.0,1,0.004795,1,10.0,1,0.013596,1,10.0,1
26.500229,baseline_05_mixed_maneuver,Yaw,ramp,1,0.024717887323959,0.013596,1,10.0,1,0.004795,1,10.0,1,0.013596,1,10.0,1
26.600189,baseline_05_mixed_maneuver,Yaw,ramp,1,0.0249204929577331,0.013596,1,10.0,1,0.004795,1,10.0,1,0.013596,1,10.0,1
26.700149,baseline_05_mixed_maneuver,Yaw,ramp,1,0.025123098591564,0.013596,1,10.0,1,0.004795,1,10.0,1,0.013596,1,10.0,1
26.800109,baseline_05_mixed_maneuver,Yaw,ramp,1,0.025325704225338,0.013596,1,10.0,1,0.004795,1,10.0,1,0.013596,1,10.0,1
26.900069,baseline_05_mixed_maneuver,Yaw,ramp,1,0.0255283098591689,0.013596,1,10.0,1,0.004795,1,10.0,1,0.013596,1,10.0,1
27.000029,baseline_05_mixed_maneuver,Yaw,ramp,1,0.025730915492943,0.013596,1,10.0,1,0.004795,1,10.0,1,0.013596,1,10.0,1
27.099989,baseline_05_mixed_maneuver,Yaw,ramp,1,0.0259335211267739,0.013596,1,10.0,1,0.004795,1,10.0,1,0.013596,1,10.0,1
27.199949,baseline_05_mixed_maneuver,Yaw,ramp,1,0.0261361267605479,0.013596,1,10.0,1,0.004795,1,10.0,1,0.013596,1,10.0,1
27.299909,baseline_05_mixed_maneuver,Yaw,ramp,1,0.0263387323943788,0.013596,1,10.0,1,0.004795,1,10.0,1,0.013596,1,10.0,1
27.399869,baseline_05_mixed_maneuver,Yaw,ramp,1,0.0265413380281529,0.013596,1,10.0,1,0.004795,1,10.0,1,0.013596,1,10.0,1
27.499829,baseline_05_mixed_maneuver,Yaw,ramp,1,0.0267439436619838,0.013596,1,10.0,1,0.004795,1,10.0,1,0.013596,1,10.0,1
27.599789,baseline_05_mixed_maneuver,Yaw,ramp,1,0.0269465492957579,0.013596,1,10.0,1,0.004795,1,10.0,1,0.013596,1,10.0,1
27.700582,baseline_05_mixed_maneuver,Yaw,ramp,1,0.0271491549295888,0.013596,1,10.0,1,0.004795,1,10.0,1,0.013596,1,10.0,1
27.800542,baseline_05_mixed_maneuver,Yaw,ramp,1,0.0273517605633628,0.013596,1,10.0,1,0.004795,1,10.0,1,0.013596,1,10.0,1
27.900502,baseline_05_mixed_maneuver,Yaw,ramp,1,0.0275543661971937,0.013596,1,10.0,1,0.004795,1,10.0,1,0.013596,1,10.0,1
28.000462,baseline_05_mixed_maneuver,Yaw,ramp,1,0.0277569718309678,0.013596,1,10.0,1,0.004795,1,10.0,1,0.013596,1,10.0,1
28.100422,baseline_05_mixed_maneuver,Yaw,ramp,1,0.0279595774647987,0.013596,1,10.0,1,0.004795,1,10.0,1,0.013596,1,10.0,1
28.200382,baseline_05_mixed_maneuver,Yaw,ramp,1,0.0281621830985727,0.013596,1,10.0,1,0.004795,1,10.0,1,0.013596,1,10.0,1
28.300342,baseline_05_mixed_maneuver,Yaw,ramp,1,0.0283647887324036,0.013596,1,10.0,1,0.004795,1,10.0,1,0.013596,1,10.0,1
28.400302,baseline_05_mixed_maneuver,Yaw,ramp,1,0.0285673943661777,0.013596,1,10.0,1,0.004795,1,10.0,1,0.013596,1,10.0,1
28.500262,baseline_05_mixed_maneuver,Yaw,ramp,1,0.0287700000000086,0.013596,1,10.0,1,0.004795,1,10.0,1,0.013596,1,10.0,1
28.600222,baseline_05_mixed_maneuver,Yaw,ramp,0,0.0,0.013596,0,9.0,1,0.004795,0,9.0,1,0.013596,0,9.0,1
28.700182,baseline_05_mixed_maneuver,Yaw,ramp,0,0.0,0.013596,0,8.0,1,0.004795,0,8.0,1,0.013596,0,8.0,1
28.800142,baseline_05_mixed_maneuver,Yaw,ramp,0,0.0,0.013596,0,7.0,1,0.004795,0,7.0,1,0.013596,0,7.0,1
28.900102,baseline_05_mixed_maneuver,Yaw,ramp,0,0.0,0.013596,0,6.0,1,0.004795,0,6.0,1,0.013596,0,6.0,1
29.000062,baseline_05_mixed_maneuver,Yaw,ramp,0,0.0,0.013596,0,5.0,1,0.004795,0,5.0,1,0.013596,0,5.0,1
29.100022,baseline_05_mixed_maneuver,Yaw,ramp,0,0.0,0.013596,0,4.0,1,0.004795,0,4.0,1,0.013596,0,4.0,1
29.199982,baseline_05_mixed_maneuver,Yaw,ramp,0,0.0,0.013596,0,3.0,1,0.004795,0,3.0,1,0.013596,0,3.0,1
29.299942,baseline_05_mixed_maneuver,Yaw,ramp,0,0.0,0.013596,0,2.0,0,0.004795,0,2.0,0,0.013596,0,2.0,0
29.399902,baseline_05_mixed_maneuver,Yaw,ramp,0,0.0,0.013596,0,1.0,0,0.004795,0,1.0,0,0.013596,0,1.0,0
29.499862,baseline_05_mixed_maneuver,Yaw,ramp,0,0.0,0.013596,0,0.0,0,0.004795,0,0.0,0,0.013596,0,0.0,0
29.599822,baseline_05_mixed_maneuver,Yaw,ramp,0,0.0,0.013596,0,0.0,0,0.004795,0,0.0,0,0.013596,0,0.0,0
29.700615,baseline_05_mixed_maneuver,Yaw,ramp,0,0.0,0.013596,0,0.0,0,0.004795,0,0.0,0,0.013596,0,0.0,0
29.800575,baseline_05_mixed_maneuver,Yaw,ramp,0,0.0,0.013596,0,0.0,0,0.004795,0,0.0,0,0.013596,0,0.0,0
29.900535,baseline_05_mixed_maneuver,Yaw,ramp,0,0.0,0.013596,0,0.0,0,0.004795,0,0.0,0,0.013596,0,0.0,0
30.000495,baseline_05_mixed_maneuver,Yaw,ramp,0,0.0,0.013596,0,0.0,0,0.004795,0,0.0,0,0.013596,0,0.0,0
30.100455,baseline_05_mixed_maneuver,Yaw,ramp,0,0.0,0.013596,0,0.0,0,0.004795,0,0.0,0,0.013596,0,0.0,0
30.200415,baseline_05_mixed_maneuver,Yaw,ramp,0,0.0,0.013596,0,0.0,0,0.004795,0,0.0,0,0.013596,0,0.0,0
30.300375,baseline_05_mixed_maneuver,Yaw,ramp,0,0.0,0.013596,0,0.0,0,0.004795,0,0.0,0,0.013596,0,0.0,0
30.400335,baseline_05_mixed_maneuver,Yaw,ramp,0,0.0,0.013596,0,0.0,0,0.004795,0,0.0,0,0.013596,0,0.0,0
30.500295,baseline_05_mixed_maneuver,Yaw,ramp,0,0.0,0.013596,0,0.0,0,0.004795,0,0.0,0,0.013596,0,0.0,0
30.600255,baseline_05_mixed_maneuver,Yaw,ramp,0,0.0,0.013596,0,0.0,0,0.004795,0,0.0,0,0.013596,0,0.0,0
30.700215,baseline_05_mixed_maneuver,Yaw,ramp,0,0.0,0.013596,0,0.0,0,0.004795,0,0.0,0,0.013596,0,0.0,0
30.800175,baseline_05_mixed_maneuver,Yaw,ramp,0,0.0,0.013596,0,0.0,0,0.004795,0,0.0,0,0.013596,0,0.0,0
30.900135,baseline_05_mixed_maneuver,Yaw,ramp,0,0.0,0.013596,0,0.0,0,0.004795,0,0.0,0,0.013596,0,0.0,0
31.000095,baseline_05_mixed_maneuver,Yaw,ramp,0,0.0,0.013596,0,0.0,0,0.004795,0,0.0,0,0.013596,0,0.0,0
31.100055,baseline_05_mixed_maneuver,Yaw,ramp,0,0.0,0.013596,0,0.0,0,0.004795,0,0.0,0,0.013596,0,0.0,0
31.200015,baseline_05_mixed_maneuver,Yaw,ramp,0,0.0,0.013596,0,0.0,0,0.004795,0,0.0,0,0.013596,0,0.0,0
31.299975,baseline_05_mixed_maneuver,Yaw,ramp,0,0.0,0.013596,0,0.0,0,0.004795,0,0.0,0,0.013596,0,0.0,0
31.399935,baseline_05_mixed_maneuver,Yaw,ramp,0,0.0,0.013596,0,0.0,0,0.004795,0,0.0,0,0.013596,0,0.0,0
31.499895,baseline_05_mixed_maneuver,Yaw,ramp,0,0.0,0.013596,0,0.0,0,0.004795,0,0.0,0,0.013596,0,0.0,0
31.599855,baseline_05_mixed_maneuver,Yaw,ramp,0,0.0,0.013596,0,0.0,0,0.004795,0,0.0,0,0.013596,0,0.0,0
31.699815,baseline_05_mixed_maneuver,Yaw,ramp,0,0.0,0.013596,0,0.0,0,0.004795,0,0.0,0,0.013596,0,0.0,0
31.800608,baseline_05_mixed_maneuver,Yaw,ramp,0,0.0,0.013596,0,0.0,0,0.004795,0,0.0,0,0.013596,0,0.0,0
31.900568,baseline_05_mixed_maneuver,Yaw,ramp,0,0.0,0.013596,0,0.0,0,0.004795,0,0.0,0,0.013596,0,0.0,0
32.000528,baseline_05_mixed_maneuver,Yaw,ramp,0,0.0,0.013596,0,0.0,0,0.004795,0,0.0,0,0.013596,0,0.0,0
32.100488,baseline_05_mixed_maneuver,Yaw,ramp,0,0.0,0.013596,0,0.0,0,0.004795,0,0.0,0,0.013596,0,0.0,0
32.200448,baseline_05_mixed_maneuver,Yaw,ramp,0,0.0,0.013596,0,0.0,0,0.004795,0,0.0,0,0.013596,0,0.0,0
32.300408,baseline_05_mixed_maneuver,Yaw,ramp,0,0.0,0.013596,0,0.0,0,0.004795,0,0.0,0,0.013596,0,0.0,0
32.400368,baseline_05_mixed_maneuver,Yaw,ramp,0,0.0,0.013596,0,0.0,0,0.004795,0,0.0,0,0.013596,0,0.0,0
32.500328,baseline_05_mixed_maneuver,Yaw,ramp,0,0.0,0.013596,0,0.0,0,0.004795,0,0.0,0,0.013596,0,0.0,0
32.600288,baseline_05_mixed_maneuver,Yaw,ramp,0,0.0,0.013596,0,0.0,0,0.004795,0,0.0,0,0.013596,0,0.0,0
32.700248,baseline_05_mixed_maneuver,Yaw,ramp,0,0.0,0.013596,0,0.0,0,0.004795,0,0.0,0,0.013596,0,0.0,0
32.800208,baseline_05_mixed_maneuver,Yaw,ramp,0,0.0,0.013596,0,0.0,0,0.004795,0,0.0,0,0.013596,0,0.0,0
32.900168,baseline_05_mixed_maneuver,Yaw,ramp,0,0.0,0.013596,0,0.0,0,0.004795,0,0.0,0,0.013596,0,0.0,0
33.000128,baseline_05_mixed_maneuver,Yaw,ramp,0,0.0,0.013596,0,0.0,0,0.004795,0,0.0,0,0.013596,0,0.0,0
33.100088,baseline_05_mixed_maneuver,Yaw,ramp,0,0.0,0.013596,0,0.0,0,0.004795,0,0.0,0,0.013596,0,0.0,0
33.200048,baseline_05_mixed_maneuver,Yaw,ramp,0,0.0,0.013596,0,0.0,0,0.004795,0,0.0,0,0.013596,0,0.0,0
33.300008,baseline_05_mixed_maneuver,Yaw,ramp,0,0.0,0.013596,0,0.0,0,0.004795,0,0.0,0,0.013596,0,0.0,0
33.399968,baseline_05_mixed_maneuver,Yaw,ramp,0,0.0,0.013596,0,0.0,0,0.004795,0,0.0,0,0.013596,0,0.0,0
33.499928,baseline_05_mixed_maneuver,Yaw,ramp,0,0.0,0.013596,0,0.0,0,0.004795,0,0.0,0,0.013596,0,0.0,0
33.599888,baseline_05_mixed_maneuver,Yaw,ramp,0,0.0,0.013596,0,0.0,0,0.004795,0,0.0,0,0.013596,0,0.0,0
33.699848,baseline_05_mixed_maneuver,Yaw,ramp,0,0.0,0.013596,0,0.0,0,0.004795,0,0.0,0,0.013596,0,0.0,0
33.799808,baseline_05_mixed_maneuver,Yaw,ramp,0,0.0,0.013596,0,0.0,0,0.004795,0,0.0,0,0.013596,0,0.0,0
33.900601,baseline_05_mixed_maneuver,Yaw,ramp,0,0.0,0.013596,0,0.0,0,0.004795,0,0.0,0,0.013596,0,0.0,0
34.000561,baseline_05_mixed_maneuver,Yaw,ramp,0,0.0,0.013596,0,0.0,0,0.004795,0,0.0,0,0.013596,0,0.0,0
34.100521,baseline_05_mixed_maneuver,Yaw,ramp,0,0.0,0.013596,0,0.0,0,0.004795,0,0.0,0,0.013596,0,0.0,0
34.200481,baseline_05_mixed_maneuver,Yaw,ramp,0,0.0,0.013596,0,0.0,0,0.004795,0,0.0,0,0.013596,0,0.0,0
34.300441,baseline_05_mixed_maneuver,Yaw,ramp,0,0.0,0.013596,0,0.0,0,0.004795,0,0.0,0,0.013596,0,0.0,0
34.400401,baseline_05_mixed_maneuver,Yaw,ramp,0,0.0,0.013596,0,0.0,0,0.004795,0,0.0,0,0.013596,0,0.0,0
34.500361,baseline_05_mixed_maneuver,Yaw,ramp,0,0.0,0.013596,0,0.0,0,0.004795,0,0.0,0,0.013596,0,0.0,0
34.600321,baseline_05_mixed_maneuver,Yaw,ramp,0,0.0,0.013596,0,0.0,0,0.004795,0,0.0,0,0.013596,0,0.0,0
34.700281,baseline_05_mixed_maneuver,Yaw,ramp,0,0.0,0.013596,0,0.0,0,0.004795,0,0.0,0,0.013596,0,0.0,0
34.800241,baseline_05_mixed_maneuver,Yaw,ramp,0,0.0,0.013596,0,0.0,0,0.004795,0,0.0,0,0.013596,0,0.0,0
34.900201,baseline_05_mixed_maneuver,Yaw,ramp,0,0.0,0.013596,0,0.0,0,0.004795,0,0.0,0,0.013596,0,0.0,0
35.000161,baseline_05_mixed_maneuver,Yaw,ramp,0,0.0,0.013596,0,0.0,0,0.004795,0,0.0,0,0.013596,0,0.0,0
35.100121,baseline_05_mixed_maneuver,Yaw,ramp,0,0.0,0.013596,0,0.0,0,0.004795,0,0.0,0,0.013596,0,0.0,0
35.200081,baseline_05_mixed_maneuver,Yaw,ramp,0,0.0,0.013596,0,0.0,0,0.004795,0,0.0,0,0.013596,0,0.0,0
35.300041,baseline_05_mixed_maneuver,Yaw,ramp,0,0.0,0.013596,0,0.0,0,0.004795,0,0.0,0,0.013596,0,0.0,0
35.400001,baseline_05_mixed_maneuver,Yaw,ramp,0,0.0,0.013596,0,0.0,0,0.004795,0,0.0,0,0.013596,0,0.0,0
35.499961,baseline_05_mixed_maneuver,Yaw,ramp,0,0.0,0.013596,0,0.0,0,0.004795,0,0.0,0,0.013596,0,0.0,0
35.599921,baseline_05_mixed_maneuver,Yaw,ramp,0,0.0,0.013596,0,0.0,0,0.004795,0,0.0,0,0.013596,0,0.0,0
35.699881,baseline_05_mixed_maneuver,Yaw,ramp,0,0.0,0.013596,0,0.0,0,0.004795,0,0.0,0,0.013596,0,0.0,0
35.799841,baseline_05_mixed_maneuver,Yaw,ramp,0,0.0,0.013596,0,0.0,0,0.004795,0,0.0,0,0.013596,0,0.0,0
35.899801,baseline_05_mixed_maneuver,Yaw,ramp,0,0.0,0.013596,0,0.0,0,0.004795,0,0.0,0,0.013596,0,0.0,0
36.000594,baseline_05_mixed_maneuver,Yaw,ramp,0,0.0,0.013596,0,0.0,0,0.004795,0,0.0,0,0.013596,0,0.0,0
36.100554,baseline_05_mixed_maneuver,Yaw,ramp,0,0.0,0.013596,0,0.0,0,0.004795,0,0.0,0,0.013596,0,0.0,0
36.200514,baseline_05_mixed_maneuver,Yaw,ramp,0,0.0,0.013596,0,0.0,0,0.004795,0,0.0,0,0.013596,0,0.0,0
36.300474,baseline_05_mixed_maneuver,Yaw,ramp,0,0.0,0.013596,0,0.0,0,0.004795,0,0.0,0,0.013596,0,0.0,0
36.400434,baseline_05_mixed_maneuver,Yaw,ramp,0,0.0,0.013596,0,0.0,0,0.004795,0,0.0,0,0.013596,0,0.0,0
36.500394,baseline_05_mixed_maneuver,Yaw,ramp,0,0.0,0.013596,0,0.0,0,0.004795,0,0.0,0,0.013596,0,0.0,0
36.600354,baseline_05_mixed_maneuver,Yaw,ramp,0,0.0,0.013596,0,0.0,0,0.004795,0,0.0,0,0.013596,0,0.0,0
36.700314,baseline_05_mixed_maneuver,Yaw,ramp,0,0.0,0.013596,0,0.0,0,0.004795,0,0.0,0,0.013596,0,0.0,0
36.800274,baseline_05_mixed_maneuver,Yaw,ramp,0,0.0,0.013596,0,0.0,0,0.004795,0,0.0,0,0.013596,0,0.0,0
36.900234,baseline_05_mixed_maneuver,Yaw,ramp,0,0.0,0.013596,0,0.0,0,0.004795,0,0.0,0,0.013596,0,0.0,0
37.000194,baseline_05_mixed_maneuver,Yaw,ramp,0,0.0,0.013596,0,0.0,0,0.004795,0,0.0,0,0.013596,0,0.0,0
37.100154,baseline_05_mixed_maneuver,Yaw,ramp,0,0.0,0.013596,0,0.0,0,0.004795,0,0.0,0,0.013596,0,0.0,0
37.200114,baseline_05_mixed_maneuver,Yaw,ramp,0,0.0,0.013596,0,0.0,0,0.004795,0,0.0,0,0.013596,0,0.0,0
37.300074,baseline_05_mixed_maneuver,Yaw,ramp,0,0.0,0.013596,0,0.0,0,0.004795,0,0.0,0,0.013596,0,0.0,0
37.400034,baseline_05_mixed_maneuver,Yaw,ramp,0,0.0,0.013596,0,0.0,0,0.004795,0,0.0,0,0.013596,0,0.0,0
37.499994,baseline_05_mixed_maneuver,Yaw,ramp,0,0.0,0.013596,0,0.0,0,0.004795,0,0.0,0,0.013596,0,0.0,0
37.599954,baseline_05_mixed_maneuver,Yaw,ramp,0,0.0,0.013596,0,0.0,0,0.004795,0,0.0,0,0.013596,0,0.0,0
37.699914,baseline_05_mixed_maneuver,Yaw,ramp,0,0.0,0.013596,0,0.0,0,0.004795,0,0.0,0,0.013596,0,0.0,0
37.799874,baseline_05_mixed_maneuver,Yaw,ramp,0,0.0,0.013596,0,0.0,0,0.004795,0,0.0,0,0.013596,0,0.0,0
37.899834,baseline_05_mixed_maneuver,Yaw,ramp,0,0.0,0.013596,0,0.0,0,0.004795,0,0.0,0,0.013596,0,0.0,0
37.999794,baseline_05_mixed_maneuver,Yaw,ramp,0,0.0,0.013596,0,0.0,0,0.004795,0,0.0,0,0.013596,0,0.0,0
38.100587,baseline_05_mixed_maneuver,Yaw,ramp,0,0.0,0.013596,0,0.0,0,0.004795,0,0.0,0,0.013596,0,0.0,0
38.200547,baseline_05_mixed_maneuver,Yaw,ramp,0,0.0,0.013596,0,0.0,0,0.004795,0,0.0,0,0.013596,0,0.0,0
38.300507,baseline_05_mixed_maneuver,Yaw,ramp,0,0.0,0.013596,0,0.0,0,0.004795,0,0.0,0,0.013596,0,0.0,0
38.400467,baseline_05_mixed_maneuver,Yaw,ramp,0,0.0,0.013596,0,0.0,0,0.004795,0,0.0,0,0.013596,0,0.0,0
38.500427,baseline_05_mixed_maneuver,Yaw,ramp,0,0.0,0.013596,0,0.0,0,0.004795,0,0.0,0,0.013596,0,0.0,0
38.600387,baseline_05_mixed_maneuver,Yaw,ramp,0,0.0,0.013596,0,0.0,0,0.004795,0,0.0,0,0.013596,0,0.0,0
38.700347,baseline_05_mixed_maneuver,Yaw,ramp,0,0.0,0.013596,0,0.0,0,0.004795,0,0.0,0,0.013596,0,0.0,0
38.800307,baseline_05_mixed_maneuver,Yaw,ramp,0,0.0,0.013596,0,0.0,0,0.004795,0,0.0,0,0.013596,0,0.0,0
38.900267,baseline_05_mixed_maneuver,Yaw,ramp,0,0.0,0.013596,0,0.0,0,0.004795,0,0.0,0,0.013596,0,0.0,0
39.000227,baseline_05_mixed_maneuver,Yaw,ramp,0,0.0,0.013596,0,0.0,0,0.004795,0,0.0,0,0.013596,0,0.0,0
39.100187,baseline_05_mixed_maneuver,Yaw,ramp,0,0.0,0.013596,0,0.0,0,0.004795,0,0.0,0,0.013596,0,0.0,0
39.200147,baseline_05_mixed_maneuver,Yaw,ramp,0,0.0,0.013596,0,0.0,0,0.004795,0,0.0,0,0.013596,0,0.0,0
39.300107,baseline_05_mixed_maneuver,Yaw,ramp,0,0.0,0.013596,0,0.0,0,0.004795,0,0.0,0,0.013596,0,0.0,0
39.400067,baseline_05_mixed_maneuver,Yaw,ramp,0,0.0,0.013596,0,0.0,0,0.004795,0,0.0,0,0.013596,0,0.0,0
39.500027,baseline_05_mixed_maneuver,Yaw,ramp,0,0.0,0.013596,0,0.0,0,0.004795,0,0.0,0,0.013596,0,0.0,0
39.599987,baseline_05_mixed_maneuver,Yaw,ramp,0,0.0,0.013596,0,0.0,0,0.004795,0,0.0,0,0.013596,0,0.0,0
39.699947,baseline_05_mixed_maneuver,Yaw,ramp,0,0.0,0.013596,0,0.0,0,0.004795,0,0.0,0,0.013596,0,0.0,0
39.799907,baseline_05_mixed_maneuver,Yaw,ramp,0,0.0,0.013596,0,0.0,0,0.004795,0,0.0,0,0.013596,0,0.0,0
39.899867,baseline_05_mixed_maneuver,Yaw,ramp,0,0.0,0.013596,0,0.0,0,0.004795,0,0.0,0,0.013596,0,0.0,0
39.999827,baseline_05_mixed_maneuver,Yaw,ramp,0,0.0,0.013596,0,0.0,0,0.004795,0,0.0,0,0.013596,0,0.0,0
40.10062,baseline_05_mixed_maneuver,Yaw,ramp,0,0.0,0.013596,0,0.0,0,0.004795,0,0.0,0,0.013596,0,0.0,0
40.20058,baseline_05_mixed_maneuver,Yaw,ramp,0,0.0,0.013596,0,0.0,0,0.004795,0,0.0,0,0.013596,0,0.0,0
40.30054,baseline_05_mixed_maneuver,Yaw,ramp,0,0.0,0.013596,0,0.0,0,0.004795,0,0.0,0,0.013596,0,0.0,0
40.4005,baseline_05_mixed_maneuver,Yaw,ramp,0,0.0,0.013596,0,0.0,0,0.004795,0,0.0,0,0.013596,0,0.0,0
40.50046,baseline_05_mixed_maneuver,Yaw,ramp,0,0.0,0.013596,0,0.0,0,0.004795,0,0.0,0,0.013596,0,0.0,0
40.60042,baseline_05_mixed_maneuver,Yaw,ramp,0,0.0,0.013596,0,0.0,0,0.004795,0,0.0,0,0.013596,0,0.0,0
40.70038,baseline_05_mixed_maneuver,Yaw,ramp,0,0.0,0.013596,0,0.0,0,0.004795,0,0.0,0,0.013596,0,0.0,0
40.80034,baseline_05_mixed_maneuver,Yaw,ramp,0,0.0,0.013596,0,0.0,0,0.004795,0,0.0,0,0.013596,0,0.0,0
40.9003,baseline_05_mixed_maneuver,Yaw,ramp,0,0.0,0.013596,0,0.0,0,0.004795,0,0.0,0,0.013596,0,0.0,0
41.00026,baseline_05_mixed_maneuver,Yaw,ramp,0,0.0,0.013596,0,0.0,0,0.004795,0,0.0,0,0.013596,0,0.0,0
41.10022,baseline_05_mixed_maneuver,Yaw,ramp,0,0.0,0.013596,0,0.0,0,0.004795,0,0.0,0,0.013596,0,0.0,0
41.20018,baseline_05_mixed_maneuver,Yaw,ramp,0,0.0,0.013596,0,0.0,0,0.004795,0,0.0,0,0.013596,0,0.0,0
41.30014,baseline_05_mixed_maneuver,Yaw,ramp,0,0.0,0.013596,0,0.0,0,0.004795,0,0.0,0,0.013596,0,0.0,0
41.4001,baseline_05_mixed_maneuver,Yaw,ramp,0,0.0,0.013596,0,0.0,0,0.004795,0,0.0,0,0.013596,0,0.0,0
41.50006,baseline_05_mixed_maneuver,Yaw,ramp,0,0.0,0.013596,0,0.0,0,0.004795,0,0.0,0,0.013596,0,0.0,0
41.60002,baseline_05_mixed_maneuver,Yaw,ramp,0,0.0,0.013596,0,0.0,0,0.004795,0,0.0,0,0.013596,0,0.0,0
41.69998,baseline_05_mixed_maneuver,Yaw,ramp,0,0.0,0.013596,0,0.0,0,0.004795,0,0.0,0,0.013596,0,0.0,0
41.79994,baseline_05_mixed_maneuver,Yaw,ramp,0,0.0,0.013596,0,0.0,0,0.004795,0,0.0,0,0.013596,0,0.0,0
41.8999,baseline_05_mixed_maneuver,Yaw,ramp,0,0.0,0.013596,0,0.0,0,0.004795,0,0.0,0,0.013596,0,0.0,0
41.99986,baseline_05_mixed_maneuver,Yaw,ramp,0,0.0,0.013596,0,0.0,0,0.004795,0,0.0,0,0.013596,0,0.0,0
42.09982,baseline_05_mixed_maneuver,Yaw,ramp,0,0.0,0.013596,0,0.0,0,0.004795,0,0.0,0,0.013596,0,0.0,0
42.200613,baseline_05_mixed_maneuver,Yaw,ramp,0,0.0,0.013596,0,0.0,0,0.004795,0,0.0,0,0.013596,0,0.0,0
42.300573,baseline_05_mixed_maneuver,Yaw,ramp,0,0.0,0.013596,0,0.0,0,0.004795,0,0.0,0,0.013596,0,0.0,0
42.400533,baseline_05_mixed_maneuver,Yaw,ramp,0,0.0,0.013596,0,0.0,0,0.004795,0,0.0,0,0.013596,0,0.0,0
42.500493,baseline_05_mixed_maneuver,Yaw,ramp,0,0.0,0.013596,0,0.0,0,0.004795,0,0.0,0,0.013596,0,0.0,0
42.600453,baseline_05_mixed_maneuver,Yaw,ramp,0,0.0,0.013596,0,0.0,0,0.004795,0,0.0,0,0.013596,0,0.0,0
42.700413,baseline_05_mixed_maneuver,Yaw,ramp,0,0.0,0.013596,0,0.0,0,0.004795,0,0.0,0,0.013596,0,0.0,0
42.800373,baseline_05_mixed_maneuver,Yaw,ramp,0,0.0,0.013596,0,0.0,0,0.004795,0,0.0,0,0.013596,0,0.0,0
42.900333,baseline_05_mixed_maneuver,Yaw,ramp,0,0.0,0.013596,0,0.0,0,0.004795,0,0.0,0,0.013596,0,0.0,0
43.000293,baseline_05_mixed_maneuver,Yaw,ramp,0,0.0,0.013596,0,0.0,0,0.004795,0,0.0,0,0.013596,0,0.0,0
43.100253,baseline_05_mixed_maneuver,Yaw,ramp,0,0.0,0.013596,0,0.0,0,0.004795,0,0.0,0,0.013596,0,0.0,0
43.200213,baseline_05_mixed_maneuver,Yaw,ramp,0,0.0,0.013596,0,0.0,0,0.004795,0,0.0,0,0.013596,0,0.0,0
43.300173,baseline_05_mixed_maneuver,Yaw,ramp,0,0.0,0.013596,0,0.0,0,0.004795,0,0.0,0,0.013596,0,0.0,0
43.400133,baseline_05_mixed_maneuver,Yaw,ramp,0,0.0,0.013596,0,0.0,0,0.004795,0,0.0,0,0.013596,0,0.0,0
43.500093,baseline_05_mixed_maneuver,Yaw,ramp,0,0.0,0.013596,0,0.0,0,0.004795,0,0.0,0,0.013596,0,0.0,0
43.600053,baseline_05_mixed_maneuver,Yaw,ramp,0,0.0,0.013596,0,0.0,0,0.004795,0,0.0,0,0.013596,0,0.0,0
43.700013,baseline_05_mixed_maneuver,Yaw,ramp,0,0.0,0.013596,0,0.0,0,0.004795,0,0.0,0,0.013596,0,0.0,0
43.799973,baseline_05_mixed_maneuver,Yaw,ramp,0,0.0,0.013596,0,0.0,0,0.004795,0,0.0,0,0.013596,0,0.0,0
43.899933,baseline_05_mixed_maneuver,Yaw,ramp,0,0.0,0.013596,0,0.0,0,0.004795,0,0.0,0,0.013596,0,0.0,0
43.999893,baseline_05_mixed_maneuver,Yaw,ramp,0,0.0,0.013596,0,0.0,0,0.004795,0,0.0,0,0.013596,0,0.0,0
44.099853,baseline_05_mixed_maneuver,Yaw,ramp,0,0.0,0.013596,0,0.0,0,0.004795,0,0.0,0,0.013596,0,0.0,0
44.199813,baseline_05_mixed_maneuver,Yaw,ramp,0,0.0,0.013596,0,0.0,0,0.004795,0,0.0,0,0.013596,0,0.0,0
44.300606,baseline_05_mixed_maneuver,Yaw,ramp,0,0.0,0.013596,0,0.0,0,0.004795,0,0.0,0,0.013596,0,0.0,0
44.400566,baseline_05_mixed_maneuver,Yaw,ramp,0,0.0,0.013596,0,0.0,0,0.004795,0,0.0,0,0.013596,0,0.0,0
44.500526,baseline_05_mixed_maneuver,Yaw,ramp,0,0.0,0.013596,0,0.0,0,0.004795,0,0.0,0,0.013596,0,0.0,0
44.600486,baseline_05_mixed_maneuver,Yaw,ramp,0,0.0,0.013596,0,0.0,0,0.004795,0,0.0,0,0.013596,0,0.0,0
44.700446,baseline_05_mixed_maneuver,Yaw,ramp,0,0.0,0.013596,0,0.0,0,0.004795,0,0.0,0,0.013596,0,0.0,0
44.800406,baseline_05_mixed_maneuver,Yaw,ramp,0,0.0,0.013596,0,0.0,0,0.004795,0,0.0,0,0.013596,0,0.0,0
44.900366,baseline_05_mixed_maneuver,Yaw,ramp,0,0.0,0.013596,0,0.0,0,0.004795,0,0.0,0,0.013596,0,0.0,0
45.000326,baseline_05_mixed_maneuver,Yaw,ramp,0,0.0,0.013596,0,0.0,0,0.004795,0,0.0,0,0.013596,0,0.0,0
45.100286,baseline_05_mixed_maneuver,Yaw,ramp,0,0.0,0.013596,0,0.0,0,0.004795,0,0.0,0,0.013596,0,0.0,0
45.200246,baseline_05_mixed_maneuver,Yaw,ramp,0,0.0,0.013596,0,0.0,0,0.004795,0,0.0,0,0.013596,0,0.0,0
45.300206,baseline_05_mixed_maneuver,Yaw,ramp,0,0.0,0.013596,0,0.0,0,0.004795,0,0.0,0,0.013596,0,0.0,0
45.400166,baseline_05_mixed_maneuver,Yaw,ramp,0,0.0,0.013596,0,0.0,0,0.004795,0,0.0,0,0.013596,0,0.0,0
45.500126,baseline_05_mixed_maneuver,Yaw,ramp,0,0.0,0.013596,0,0.0,0,0.004795,0,0.0,0,0.013596,0,0.0,0
45.600086,baseline_05_mixed_maneuver,Yaw,ramp,0,0.0,0.013596,0,0.0,0,0.004795,0,0.0,0,0.013596,0,0.0,0
45.700046,baseline_05_mixed_maneuver,Yaw,ramp,0,0.0,0.013596,0,0.0,0,0.004795,0,0.0,0,0.013596,0,0.0,0
45.800006,baseline_05_mixed_maneuver,Yaw,ramp,0,0.0,0.013596,0,0.0,0,0.004795,0,0.0,0,0.013596,0,0.0,0
45.899966,baseline_05_mixed_maneuver,Yaw,ramp,0,0.0,0.013596,0,0.0,0,0.004795,0,0.0,0,0.013596,0,0.0,0
45.999926,baseline_05_mixed_maneuver,Yaw,ramp,0,0.0,0.013596,0,0.0,0,0.004795,0,0.0,0,0.013596,0,0.0,0
46.099886,baseline_05_mixed_maneuver,Yaw,ramp,0,0.0,0.013596,0,0.0,0,0.004795,0,0.0,0,0.013596,0,0.0,0
46.199846,baseline_05_mixed_maneuver,Yaw,ramp,0,0.0,0.013596,0,0.0,0,0.004795,0,0.0,0,0.013596,0,0.0,0
46.299806,baseline_05_mixed_maneuver,Yaw,ramp,0,0.0,0.013596,0,0.0,0,0.004795,0,0.0,0,0.013596,0,0.0,0
46.400599,baseline_05_mixed_maneuver,Yaw,ramp,0,0.0,0.013596,0,0.0,0,0.004795,0,0.0,0,0.013596,0,0.0,0
46.500559,baseline_05_mixed_maneuver,Yaw,ramp,0,0.0,0.013596,0,0.0,0,0.004795,0,0.0,0,0.013596,0,0.0,0
46.600519,baseline_05_mixed_maneuver,Yaw,ramp,0,0.0,0.013596,0,0.0,0,0.004795,0,0.0,0,0.013596,0,0.0,0
46.700479,baseline_05_mixed_maneuver,Yaw,ramp,0,0.0,0.013596,0,0.0,0,0.004795,0,0.0,0,0.013596,0,0.0,0
46.800439,baseline_05_mixed_maneuver,Yaw,ramp,0,0.0,0.013596,0,0.0,0,0.004795,0,0.0,0,0.013596,0,0.0,0
46.900399,baseline_05_mixed_maneuver,Yaw,ramp,0,0.0,0.013596,0,0.0,0,0.004795,0,0.0,0,0.013596,0,0.0,0
47.000359,baseline_05_mixed_maneuver,Yaw,ramp,0,0.0,0.013596,0,0.0,0,0.004795,0,0.0,0,0.013596,0,0.0,0
47.100319,baseline_05_mixed_maneuver,Yaw,ramp,0,0.0,0.013596,0,0.0,0,0.004795,0,0.0,0,0.013596,0,0.0,0
47.200279,baseline_05_mixed_maneuver,Yaw,ramp,0,0.0,0.013596,0,0.0,0,0.004795,0,0.0,0,0.013596,0,0.0,0
47.300239,baseline_05_mixed_maneuver,Yaw,ramp,0,0.0,0.013596,0,0.0,0,0.004795,0,0.0,0,0.013596,0,0.0,0
47.400199,baseline_05_mixed_maneuver,Yaw,ramp,0,0.0,0.013596,0,0.0,0,0.004795,0,0.0,0,0.013596,0,0.0,0
47.500159,baseline_05_mixed_maneuver,Yaw,ramp,0,0.0,0.013596,0,0.0,0,0.004795,0,0.0,0,0.013596,0,0.0,0
47.600119,baseline_05_mixed_maneuver,Yaw,ramp,0,0.0,0.013596,0,0.0,0,0.004795,0,0.0,0,0.013596,0,0.0,0
