x,Baseline,Axis,AttackType,AttackActive,AbsResidual,Threshold_static_global,PointExceed_static_global,WindowCount_static_global,WindowDetection_static_global,Threshold_scenario_specific,PointExceed_scenario_specific,WindowCount_scenario_specific,WindowDetection_scenario_specific,Threshold_dynamic_xkf1,PointExceed_dynamic_xkf1,WindowCount_dynamic_xkf1,WindowDetection_dynamic_xkf1
0.0,baseline_03_forward_motion,Pitch,ramp,0,0.0012302676571377,0.01619,0,0.0,0,0.01619,0,0.0,0,0.009161,0,0.0,0
0.09996,baseline_03_forward_motion,Pitch,ramp,0,4.973648480720294e-05,0.01619,0,0.0,0,0.01619,0,0.0,0,0.009161,0,0.0,0
0.19992,baseline_03_forward_motion,Pitch,ramp,0,0.0015192886588607,0.01619,0,0.0,0,0.01619,0,0.0,0,0.009161,0,0.0,0
0.29988,baseline_03_forward_motion,Pitch,ramp,0,0.0016208982563482,0.01619,0,0.0,0,0.01619,0,0.0,0,0.009161,0,0.0,0
0.39984,baseline_03_forward_motion,Pitch,ramp,0,0.0020115217644555,0.01619,0,0.0,0,0.01619,0,0.0,0,0.009161,0,0.0,0
0.4998,baseline_03_forward_motion,Pitch,ramp,0,0.0011109242291946,0.01619,0,0.0,0,0.01619,0,0.0,0,0.009161,0,0.0,0
0.59976,baseline_03_forward_motion,Pitch,ramp,0,0.000775062539309,0.01619,0,0.0,0,0.01619,0,0.0,0,0.009161,0,0.0,0
0.69972,baseline_03_forward_motion,Pitch,ramp,0,0.0001787562473262,0.01619,0,0.0,0,0.01619,0,0.0,0,0.009161,0,0.0,0
0.800513,baseline_03_forward_motion,Pitch,ramp,0,0.000866761743703,0.01619,0,0.0,0,0.01619,0,0.0,0,0.009161,0,0.0,0
0.900473,baseline_03_forward_motion,Pitch,ramp,0,0.001105079796777,0.01619,0,0.0,0,0.01619,0,0.0,0,0.009161,0,0.0,0
1.000433,baseline_03_forward_motion,Pitch,ramp,0,0.0016028617186084,0.01619,0,0.0,0,0.01619,0,0.0,0,0.009161,0,0.0,0
1.100393,baseline_03_forward_motion,Pitch,ramp,0,0.0008851870686439,0.01619,0,0.0,0,0.01619,0,0.0,0,0.009161,0,0.0,0
1.200353,baseline_03_forward_motion,Pitch,ramp,0,0.0023781489935263,0.01619,0,0.0,0,0.01619,0,0.0,0,0.009161,0,0.0,0
1.300313,baseline_03_forward_motion,Pitch,ramp,0,0.0007843519262644,0.01619,0,0.0,0,0.01619,0,0.0,0,0.009161,0,0.0,0
1.400273,baseline_03_forward_motion,Pitch,ramp,0,0.0037725760353416,0.01619,0,0.0,0,0.01619,0,0.0,0,0.009161,0,0.0,0
1.500233,baseline_03_forward_motion,Pitch,ramp,0,0.0032561869061604,0.01619,0,0.0,0,0.01619,0,0.0,0,0.009161,0,0.0,0
1.600193,baseline_03_forward_motion,Pitch,ramp,0,0.0013742883823587,0.01619,0,0.0,0,0.01619,0,0.0,0,0.009161,0,0.0,0
1.700153,baseline_03_forward_motion,Pitch,ramp,0,0.0030654195931505,0.01619,0,0.0,0,0.01619,0,0.0,0,0.009161,0,0.0,0
1.800113,baseline_03_forward_motion,Pitch,ramp,0,0.000888315077024,0.01619,0,0.0,0,0.01619,0,0.0,0,0.009161,0,0.0,0
1.900073,baseline_03_forward_motion,Pitch,ramp,0,0.0003582706645473,0.01619,0,0.0,0,0.01619,0,0.0,0,0.009161,0,0.0,0
2.000033,baseline_03_forward_motion,Pitch,ramp,0,0.0004102309648785,0.01619,0,0.0,0,0.01619,0,0.0,0,0.009161,0,0.0,0
2.099993,baseline_03_forward_motion,Pitch,ramp,0,0.0002523369462689,0.01619,0,0.0,0,0.01619,0,0.0,0,0.009161,0,0.0,0
2.199953,baseline_03_forward_motion,Pitch,ramp,0,0.0006180723392654,0.01619,0,0.0,0,0.01619,0,0.0,0,0.009161,0,0.0,0
2.299913,baseline_03_forward_motion,Pitch,ramp,0,0.0001168668184678,0.01619,0,0.0,0,0.01619,0,0.0,0,0.009161,0,0.0,0
2.399873,baseline_03_forward_motion,Pitch,ramp,0,0.0013849792574454,0.01619,0,0.0,0,0.01619,0,0.0,0,0.009161,0,0.0,0
2.499833,baseline_03_forward_motion,Pitch,ramp,0,0.000169800211627,0.01619,0,0.0,0,0.01619,0,0.0,0,0.009161,0,0.0,0
2.599793,baseline_03_forward_motion,Pitch,ramp,0,0.0003888944562916,0.01619,0,0.0,0,0.01619,0,0.0,0,0.009161,0,0.0,0
2.699753,baseline_03_forward_motion,Pitch,ramp,0,0.0014310180458853,0.01619,0,0.0,0,0.01619,0,0.0,0,0.009161,0,0.0,0
2.800546,baseline_03_forward_motion,Pitch,ramp,0,0.0011210732944695,0.01619,0,0.0,0,0.01619,0,0.0,0,0.009161,0,0.0,0
2.900506,baseline_03_forward_motion,Pitch,ramp,0,0.0012124894780733,0.01619,0,0.0,0,0.01619,0,0.0,0,0.009161,0,0.0,0
3.000466,baseline_03_forward_motion,Pitch,ramp,0,0.0009958132691733,0.01619,0,0.0,0,0.01619,0,0.0,0,0.009161,0,0.0,0
3.100426,baseline_03_forward_motion,Pitch,ramp,0,0.0010262407891672,0.01619,0,0.0,0,0.01619,0,0.0,0,0.009161,0,0.0,0
3.200386,baseline_03_forward_motion,Pitch,ramp,0,0.0001363047617033,0.01619,0,0.0,0,0.01619,0,0.0,0,0.009161,0,0.0,0
3.300346,baseline_03_forward_motion,Pitch,ramp,0,0.0020991865710843,0.01619,0,0.0,0,0.01619,0,0.0,0,0.009161,0,0.0,0
3.400306,baseline_03_forward_motion,Pitch,ramp,0,0.0002470259194203,0.01619,0,0.0,0,0.01619,0,0.0,0,0.009161,0,0.0,0
3.500266,baseline_03_forward_motion,Pitch,ramp,0,0.0002079850724639,0.01619,0,0.0,0,0.01619,0,0.0,0,0.009161,0,0.0,0
3.600226,baseline_03_forward_motion,Pitch,ramp,0,0.0016099075866606,0.01619,0,0.0,0,0.01619,0,0.0,0,0.009161,0,0.0,0
3.700186,baseline_03_forward_motion,Pitch,ramp,0,0.0005062522344759,0.01619,0,0.0,0,0.01619,0,0.0,0,0.009161,0,0.0,0
3.800146,baseline_03_forward_motion,Pitch,ramp,0,0.0007491701662794,0.01619,0,0.0,0,0.01619,0,0.0,0,0.009161,0,0.0,0
3.900106,baseline_03_forward_motion,Pitch,ramp,0,0.0002851262354332,0.01619,0,0.0,0,0.01619,0,0.0,0,0.009161,0,0.0,0
4.000066,baseline_03_forward_motion,Pitch,ramp,0,0.0006431111245999,0.01619,0,0.0,0,0.01619,0,0.0,0,0.009161,0,0.0,0
4.100026,baseline_03_forward_motion,Pitch,ramp,0,0.001138948382691,0.01619,0,0.0,0,0.01619,0,0.0,0,0.009161,0,0.0,0
4.199986,baseline_03_forward_motion,Pitch,ramp,0,0.000116412730785,0.01619,0,0.0,0,0.01619,0,0.0,0,0.009161,0,0.0,0
4.299946,baseline_03_forward_motion,Pitch,ramp,0,0.002634246487869,0.01619,0,0.0,0,0.01619,0,0.0,0,0.009161,0,0.0,0
4.399906,baseline_03_forward_motion,Pitch,ramp,0,0.0050895148321642,0.01619,0,0.0,0,0.01619,0,0.0,0,0.009161,0,0.0,0
4.499866,baseline_03_forward_motion,Pitch,ramp,0,0.0038326293755637,0.01619,0,0.0,0,0.01619,0,0.0,0,0.009161,0,0.0,0
4.599826,baseline_03_forward_motion,Pitch,ramp,0,0.004167771180252,0.01619,0,0.0,0,0.01619,0,0.0,0,0.009161,0,0.0,0
4.699786,baseline_03_forward_motion,Pitch,ramp,0,0.0042524897331154,0.01619,0,0.0,0,0.01619,0,0.0,0,0.009161,0,0.0,0
4.799746,baseline_03_forward_motion,Pitch,ramp,0,0.0004699780471412,0.01619,0,0.0,0,0.01619,0,0.0,0,0.009161,0,0.0,0
4.900539,baseline_03_forward_motion,Pitch,ramp,0,0.0011315964450456,0.01619,0,0.0,0,0.01619,0,0.0,0,0.009161,0,0.0,0
5.000499,baseline_03_forward_motion,Pitch,ramp,0,0.0016050011099844,0.01619,0,0.0,0,0.01619,0,0.0,0,0.009161,0,0.0,0
5.100459,baseline_03_forward_motion,Pitch,ramp,0,0.0009990224572389,0.01619,0,0.0,0,0.01619,0,0.0,0,0.009161,0,0.0,0
5.200419,baseline_03_forward_motion,Pitch,ramp,0,0.0012561773493918,0.01619,0,0.0,0,0.01619,0,0.0,0,0.009161,0,0.0,0
5.300379,baseline_03_forward_motion,Pitch,ramp,0,0.0005794061804942,0.01619,0,0.0,0,0.01619,0,0.0,0,0.009161,0,0.0,0
5.400339,baseline_03_forward_motion,Pitch,ramp,0,0.0028644888215226,0.01619,0,0.0,0,0.01619,0,0.0,0,0.009161,0,0.0,0
5.500299,baseline_03_forward_motion,Pitch,ramp,0,0.0001575855026312,0.01619,0,0.0,0,0.01619,0,0.0,0,0.009161,0,0.0,0
5.600259,baseline_03_forward_motion,Pitch,ramp,0,0.0008526831516801,0.01619,0,0.0,0,0.01619,0,0.0,0,0.009161,0,0.0,0
5.700219,baseline_03_forward_motion,Pitch,ramp,0,3.2226804687798816e-05,0.01619,0,0.0,0,0.01619,0,0.0,0,0.009161,0,0.0,0
5.800179,baseline_03_forward_motion,Pitch,ramp,0,0.0015399734430901,0.01619,0,0.0,0,0.01619,0,0.0,0,0.009161,0,0.0,0
5.900139,baseline_03_forward_motion,Pitch,ramp,0,9.67474158099918e-05,0.01619,0,0.0,0,0.01619,0,0.0,0,0.009161,0,0.0,0
6.000099,baseline_03_forward_motion,Pitch,ramp,0,0.0014601921677879,0.01619,0,0.0,0,0.01619,0,0.0,0,0.009161,0,0.0,0
6.100059,baseline_03_forward_motion,Pitch,ramp,0,0.0008651182121059,0.01619,0,0.0,0,0.01619,0,0.0,0,0.009161,0,0.0,0
6.200019,baseline_03_forward_motion,Pitch,ramp,0,0.0007293674229659,0.01619,0,0.0,0,0.01619,0,0.0,0,0.009161,0,0.0,0
6.299979,baseline_03_forward_motion,Pitch,ramp,0,0.0012099325610182,0.01619,0,0.0,0,0.01619,0,0.0,0,0.009161,0,0.0,0
6.399939,baseline_03_forward_motion,Pitch,ramp,0,0.000688933703997,0.01619,0,0.0,0,0.01619,0,0.0,0,0.009161,0,0.0,0
6.499899,baseline_03_forward_motion,Pitch,ramp,0,0.0025501657934684,0.01619,0,0.0,0,0.01619,0,0.0,0,0.009161,0,0.0,0
6.599859,baseline_03_forward_motion,Pitch,ramp,0,0.0004888569949635,0.01619,0,0.0,0,0.01619,0,0.0,0,0.009161,0,0.0,0
6.699819,baseline_03_forward_motion,Pitch,ramp,0,0.003476306221167,0.01619,0,0.0,0,0.01619,0,0.0,0,0.009161,0,0.0,0
6.799779,baseline_03_forward_motion,Pitch,ramp,1,0.0018039877797623,0.01619,0,0.0,0,0.01619,0,0.0,0,0.009161,0,0.0,0
6.899739,baseline_03_forward_motion,Pitch,ramp,1,0.0041330751034655,0.01619,0,0.0,0,0.01619,0,0.0,0,0.009161,0,0.0,0
7.000532,baseline_03_forward_motion,Pitch,ramp,1,0.0046322157585646,0.01619,0,0.0,0,0.01619,0,0.0,0,0.009161,0,0.0,0
7.100492,baseline_03_forward_motion,Pitch,ramp,1,0.0028704735783683,0.01619,0,0.0,0,0.01619,0,0.0,0,0.009161,0,0.0,0
7.200452,baseline_03_forward_motion,Pitch,ramp,1,0.0059682665677551,0.01619,0,0.0,0,0.01619,0,0.0,0,0.009161,0,0.0,0
7.300412,baseline_03_forward_motion,Pitch,ramp,1,0.0059523720017521,0.01619,0,0.0,0,0.01619,0,0.0,0,0.009161,0,0.0,0
7.400372,baseline_03_forward_motion,Pitch,ramp,1,0.0079050582661458,0.01619,0,0.0,0,0.01619,0,0.0,0,0.009161,0,0.0,0
7.500332,baseline_03_forward_motion,Pitch,ramp,1,0.007812717140316,0.01619,0,0.0,0,0.01619,0,0.0,0,0.009161,0,0.0,0
7.600292,baseline_03_forward_motion,Pitch,ramp,1,0.0096791709271631,0.01619,0,0.0,0,0.01619,0,0.0,0,0.009161,1,1.0,0
7.700252,baseline_03_forward_motion,Pitch,ramp,1,0.0116901332326193,0.01619,0,0.0,0,0.01619,0,0.0,0,0.009161,1,2.0,0
7.800212,baseline_03_forward_motion,Pitch,ramp,1,0.0145901862119969,0.01619,0,0.0,0,0.01619,0,0.0,0,0.009161,1,3.0,1
7.900172,baseline_03_forward_motion,Pitch,ramp,1,0.0119497306010264,0.01619,0,0.0,0,0.01619,0,0.0,0,0.009161,1,4.0,1
8.000132,baseline_03_forward_motion,Pitch,ramp,1,0.0143835406109555,0.01619,0,0.0,0,0.01619,0,0.0,0,0.009161,1,5.0,1
8.100092,baseline_03_forward_motion,Pitch,ramp,1,0.0141306333249093,0.01619,0,0.0,0,0.01619,0,0.0,0,0.009161,1,6.0,1
8.200052,baseline_03_forward_motion,Pitch,ramp,1,0.0178775791318031,0.01619,1,1.0,0,0.01619,1,1.0,0,0.009161,1,7.0,1
8.300012,baseline_03_forward_motion,Pitch,ramp,1,0.0220806036687657,0.01619,1,2.0,0,0.01619,1,2.0,0,0.009161,1,8.0,1
8.399972,baseline_03_forward_motion,Pitch,ramp,1,0.0227105082105667,0.01619,1,3.0,1,0.01619,1,3.0,1,0.009161,1,9.0,1
8.499932,baseline_03_forward_motion,Pitch,ramp,1,0.025150720664306,0.01619,1,4.0,1,0.01619,1,4.0,1,0.009161,1,10.0,1
8.599892,baseline_03_forward_motion,Pitch,ramp,1,0.0260087322736721,0.01619,1,5.0,1,0.01619,1,5.0,1,0.009161,1,10.0,1
8.699852,baseline_03_forward_motion,Pitch,ramp,1,0.0265932309888785,0.01619,1,6.0,1,0.01619,1,6.0,1,0.009161,1,10.0,1
8.799812,baseline_03_forward_motion,Pitch,ramp,1,0.0274590550634612,0.01619,1,7.0,1,0.01619,1,7.0,1,0.009161,1,10.0,1
8.899772,baseline_03_forward_motion,Pitch,ramp,1,0.0254812869209059,0.01619,1,8.0,1,0.01619,1,8.0,1,0.009161,1,10.0,1
8.999732,baseline_03_forward_motion,Pitch,ramp,1,0.0278298295303579,0.01619,1,9.0,1,0.01619,1,9.0,1,0.009161,1,10.0,1
9.100525,baseline_03_forward_motion,Pitch,ramp,1,0.0320442520168673,0.01619,1,10.0,1,0.01619,1,10.0,1,0.009161,1,10.0,1
9.200485,baseline_03_forward_motion,Pitch,ramp,1,0.032928314208686,0.01619,1,10.0,1,0.01619,1,10.0,1,0.009161,1,10.0,1
9.300445,baseline_03_forward_motion,Pitch,ramp,1,0.0354861109618142,0.01619,1,10.0,1,0.01619,1,10.0,1,0.009161,1,10.0,1
9.400405,baseline_03_forward_motion,Pitch,ramp,1,0.0376352750118595,0.01619,1,10.0,1,0.01619,1,10.0,1,0.009161,1,10.0,1
9.500365,baseline_03_forward_motion,Pitch,ramp,1,0.0417146494402134,0.01619,1,10.0,1,0.01619,1,10.0,1,0.009161,1,10.0,1
9.600325,baseline_03_forward_motion,Pitch,ramp,1,0.0455903520153572,0.01619,1,10.0,1,0.01619,1,10.0,1,0.009161,1,10.0,1
9.700285,baseline_03_forward_motion,Pitch,ramp,1,0.0487244421936478,0.01619,1,10.0,1,0.01619,1,10.0,1,0.009161,1,10.0,1
9.800245,baseline_03_forward_motion,Pitch,ramp,1,0.0510485174324864,0.01619,1,10.0,1,0.01619,1,10.0,1,0.009161,1,10.0,1
9.900205,baseline_03_forward_motion,Pitch,ramp,1,0.0525265614841993,0.01619,1,10.0,1,0.01619,1,10.0,1,0.009161,1,10.0,1
10.000165,baseline_03_forward_motion,Pitch,ramp,1,0.0543354054400112,0.01619,1,10.0,1,0.01619,1,10.0,1,0.009161,1,10.0,1
10.100125,baseline_03_forward_motion,Pitch,ramp,1,0.0562117647688672,0.01619,1,10.0,1,0.01619,1,10.0,1,0.009161,1,10.0,1
10.200085,baseline_03_forward_motion,Pitch,ramp,1,0.0588799634641146,0.01619,1,10.0,1,0.01619,1,10.0,1,0.009161,1,10.0,1
10.300045,baseline_03_forward_motion,Pitch,ramp,1,0.0620201771027726,0.01619,1,10.0,1,0.01619,1,10.0,1,0.009161,1,10.0,1
10.400005,baseline_03_forward_motion,Pitch,ramp,1,0.0656051214642925,0.01619,1,10.0,1,0.01619,1,10.0,1,0.009161,1,10.0,1
10.499965,baseline_03_forward_motion,Pitch,ramp,1,0.0684685502122296,0.01619,1,10.0,1,0.01619,1,10.0,1,0.009161,1,10.0,1
10.599925,baseline_03_forward_motion,Pitch,ramp,1,0.0710458850502597,0.01619,1,10.0,1,0.01619,1,10.0,1,0.009161,1,10.0,1
10.699885,baseline_03_forward_motion,Pitch,ramp,1,0.0733247143884804,0.01619,1,10.0,1,0.01619,1,10.0,1,0.009161,1,10.0,1
10.799845,baseline_03_forward_motion,Pitch,ramp,1,0.0755535946621715,0.01619,1,10.0,1,0.01619,1,10.0,1,0.009161,1,10.0,1
10.899805,baseline_03_forward_motion,Pitch,ramp,1,0.0763533997551774,0.01619,1,10.0,1,0.01619,1,10.0,1,0.009161,1,10.0,1
10.999765,baseline_03_forward_motion,Pitch,ramp,1,0.0754071315578242,0.01619,1,10.0,1,0.01619,1,10.0,1,0.009161,1,10.0,1
11.099725,baseline_03_forward_motion,Pitch,ramp,1,0.0732596654171093,0.01619,1,10.0,1,0.01619,1,10.0,1,0.009161,1,10.0,1
11.200518,baseline_03_forward_motion,Pitch,ramp,1,0.0716172234817083,0.01619,1,10.0,1,0.01619,1,10.0,1,0.009161,1,10.0,1
11.300478,baseline_03_forward_motion,Pitch,ramp,1,0.0709720660271919,0.01619,1,10.0,1,0.01619,1,10.0,1,0.009161,1,10.0,1
11.400438,baseline_03_forward_motion,Pitch,ramp,1,0.071985995475989,0.01619,1,10.0,1,0.01619,1,10.0,1,0.009161,1,10.0,1
11.500398,baseline_03_forward_motion,Pitch,ramp,1,0.0730301743215346,0.01619,1,10.0,1,0.01619,1,10.0,1,0.009161,1,10.0,1
11.600358,baseline_03_forward_motion,Pitch,ramp,1,0.0744970647984779,0.01619,1,10.0,1,0.01619,1,10.0,1,0.009161,1,10.0,1
11.700318,baseline_03_forward_motion,Pitch,ramp,1,0.0755428544147343,0.01619,1,10.0,1,0.01619,1,10.0,1,0.009161,1,10.0,1
11.800278,baseline_03_forward_motion,Pitch,ramp,1,0.0770285345759011,0.01619,1,10.0,1,0.01619,1,10.0,1,0.009161,1,10.0,1
11.900238,baseline_03_forward_motion,Pitch,ramp,1,0.0785528430190029,0.01619,1,10.0,1,0.01619,1,10.0,1,0.009161,1,10.0,1
12.000198,baseline_03_forward_motion,Pitch,ramp,1,0.0801435982423539,0.01619,1,10.0,1,0.01619,1,10.0,1,0.009161,1,10.0,1
12.100158,baseline_03_forward_motion,Pitch,ramp,1,0.0816204732659921,0.01619,1,10.0,1,0.01619,1,10.0,1,0.009161,1,10.0,1
12.200118,baseline_03_forward_motion,Pitch,ramp,1,0.0830413818850983,0.01619,1,10.0,1,0.01619,1,10.0,1,0.009161,1,10.0,1
12.300078,baseline_03_forward_motion,Pitch,ramp,1,0.0845294647340905,0.01619,1,10.0,1,0.01619,1,10.0,1,0.009161,1,10.0,1
12.400038,baseline_03_forward_motion,Pitch,ramp,1,0.0859320222262308,0.01619,1,10.0,1,0.01619,1,10.0,1,0.009161,1,10.0,1
12.499998,baseline_03_forward_motion,Pitch,ramp,1,0.0873415986351145,0.01619,1,10.0,1,0.01619,1,10.0,1,0.009161,1,10.0,1
12.599958,baseline_03_forward_motion,Pitch,ramp,1,0.0887958514267718,0.01619,1,10.0,1,0.01619,1,10.0,1,0.009161,1,10.0,1
12.699918,baseline_03_forward_motion,Pitch,ramp,1,0.0901833763862859,0.01619,1,10.0,1,0.01619,1,10.0,1,0.009161,1,10.0,1
12.799878,baseline_03_forward_motion,Pitch,ramp,1,0.0915456329988634,0.01619,1,10.0,1,0.01619,1,10.0,1,0.009161,1,10.0,1
12.899838,baseline_03_forward_motion,Pitch,ramp,1,0.0929352908473485,0.01619,1,10.0,1,0.01619,1,10.0,1,0.009161,1,10.0,1
12.999798,baseline_03_forward_motion,Pitch,ramp,1,0.0942629555815588,0.01619,1,10.0,1,0.01619,1,10.0,1,0.009161,1,10.0,1
13.099758,baseline_03_forward_motion,Pitch,ramp,1,0.0956132832331643,0.01619,1,10.0,1,0.01619,1,10.0,1,0.009161,1,10.0,1
13.199718,baseline_03_forward_motion,Pitch,ramp,1,0.0971547804245186,0.01619,1,10.0,1,0.01619,1,10.0,1,0.009161,1,10.0,1
13.300511,baseline_03_forward_motion,Pitch,ramp,1,0.0986367056749626,0.01619,1,10.0,1,0.01619,1,10.0,1,0.009161,1,10.0,1
13.400471,baseline_03_forward_motion,Pitch,ramp,1,0.0999629382161488,0.01619,1,10.0,1,0.01619,1,10.0,1,0.009161,1,10.0,1
13.500431,baseline_03_forward_motion,Pitch,ramp,1,0.1013034139595505,0.01619,1,10.0,1,0.01619,1,10.0,1,0.009161,1,10.0,1
13.600391,baseline_03_forward_motion,Pitch,ramp,0,0.0041474286681768,0.01619,0,9.0,1,0.01619,0,9.0,1,0.009161,0,9.0,1
13.700351,baseline_03_forward_motion,Pitch,ramp,0,0.0038095954754797,0.01619,0,8.0,1,0.01619,0,8.0,1,0.009161,0,8.0,1
13.800311,baseline_03_forward_motion,Pitch,ramp,0,0.003808006884333,0.01619,0,7.0,1,0.01619,0,7.0,1,0.009161,0,7.0,1
13.900271,baseline_03_forward_motion,Pitch,ramp,0,0.0038594970780602,0.01619,0,6.0,1,0.01619,0,6.0,1,0.009161,0,6.0,1
14.000231,baseline_03_forward_motion,Pitch,ramp,0,0.0038679264527618,0.01619,0,5.0,1,0.01619,0,5.0,1,0.009161,0,5.0,1
14.100191,baseline_03_forward_motion,Pitch,ramp,0,0.0036900242335257,0.01619,0,4.0,1,0.01619,0,4.0,1,0.009161,0,4.0,1
14.200151,baseline_03_forward_motion,Pitch,ramp,0,0.0037327126032909,0.01619,0,3.0,1,0.01619,0,3.0,1,0.009161,0,3.0,1
14.300111,baseline_03_forward_motion,Pitch,ramp,0,0.0035323517513897,0.01619,0,2.0,0,0.01619,0,2.0,0,0.009161,0,2.0,0
14.400071,baseline_03_forward_motion,Pitch,ramp,0,0.0036874302341852,0.01619,0,1.0,0,0.01619,0,1.0,0,0.009161,0,1.0,0
14.500031,baseline_03_forward_motion,Pitch,ramp,0,0.0035342504780894,0.01619,0,0.0,0,0.01619,0,0.0,0,0.009161,0,0.0,0
14.599991,baseline_03_forward_motion,Pitch,ramp,0,0.0035519250459101,0.01619,0,0.0,0,0.01619,0,0.0,0,0.009161,0,0.0,0
14.699951,baseline_03_forward_motion,Pitch,ramp,0,0.0034923265901457,0.01619,0,0.0,0,0.01619,0,0.0,0,0.009161,0,0.0,0
14.799911,baseline_03_forward_motion,Pitch,ramp,0,0.0037425401715781,0.01619,0,0.0,0,0.01619,0,0.0,0,0.009161,0,0.0,0
14.899871,baseline_03_forward_motion,Pitch,ramp,0,0.0036252425046913,0.01619,0,0.0,0,0.01619,0,0.0,0,0.009161,0,0.0,0
14.999831,baseline_03_forward_motion,Pitch,ramp,0,0.0035924283768385,0.01619,0,0.0,0,0.01619,0,0.0,0,0.009161,0,0.0,0
15.099791,baseline_03_forward_motion,Pitch,ramp,0,0.0035245528820461,0.01619,0,0.0,0,0.01619,0,0.0,0,0.009161,0,0.0,0
15.199751,baseline_03_forward_motion,Pitch,ramp,0,0.003558884627413,0.01619,0,0.0,0,0.01619,0,0.0,0,0.009161,0,0.0,0
15.300544,baseline_03_forward_motion,Pitch,ramp,0,0.0034216530345207,0.01619,0,0.0,0,0.01619,0,0.0,0,0.009161,0,0.0,0
15.400504,baseline_03_forward_motion,Pitch,ramp,0,0.003602497856855,0.01619,0,0.0,0,0.01619,0,0.0,0,0.009161,0,0.0,0
15.500464,baseline_03_forward_motion,Pitch,ramp,0,0.0035258769483954,0.01619,0,0.0,0,0.01619,0,0.0,0,0.009161,0,0.0,0
15.600424,baseline_03_forward_motion,Pitch,ramp,0,0.0036438442495729,0.01619,0,0.0,0,0.01619,0,0.0,0,0.009161,0,0.0,0
15.700384,baseline_03_forward_motion,Pitch,ramp,0,0.0036650604501212,0.01619,0,0.0,0,0.01619,0,0.0,0,0.009161,0,0.0,0
15.800344,baseline_03_forward_motion,Pitch,ramp,0,0.0036314670557928,0.01619,0,0.0,0,0.01619,0,0.0,0,0.009161,0,0.0,0
15.900304,baseline_03_forward_motion,Pitch,ramp,0,0.0035414630033104,0.01619,0,0.0,0,0.01619,0,0.0,0,0.009161,0,0.0,0
16.000264,baseline_03_forward_motion,Pitch,ramp,0,0.0036158030000341,0.01619,0,0.0,0,0.01619,0,0.0,0,0.009161,0,0.0,0
16.100224,baseline_03_forward_motion,Pitch,ramp,0,0.0036615110277269,0.01619,0,0.0,0,0.01619,0,0.0,0,0.009161,0,0.0,0
16.200184,baseline_03_forward_motion,Pitch,ramp,0,0.0038799393124634,0.01619,0,0.0,0,0.01619,0,0.0,0,0.009161,0,0.0,0
16.300144,baseline_03_forward_motion,Pitch,ramp,0,0.0038299111846024,0.01619,0,0.0,0,0.01619,0,0.0,0,0.009161,0,0.0,0
16.400104,baseline_03_forward_motion,Pitch,ramp,0,0.0038944082047775,0.01619,0,0.0,0,0.01619,0,0.0,0,0.009161,0,0.0,0
16.500064,baseline_03_forward_motion,Pitch,ramp,0,0.0038039365893367,0.01619,0,0.0,0,0.01619,0,0.0,0,0.009161,0,0.0,0
16.600024,baseline_03_forward_motion,Pitch,ramp,0,0.0038485699171623,0.01619,0,0.0,0,0.01619,0,0.0,0,0.009161,0,0.0,0
16.699984,baseline_03_forward_motion,Pitch,ramp,0,0.0038268941844065,0.01619,0,0.0,0,0.01619,0,0.0,0,0.009161,0,0.0,0
16.799944,baseline_03_forward_motion,Pitch,ramp,0,0.0038398562557797,0.01619,0,0.0,0,0.01619,0,0.0,0,0.009161,0,0.0,0
16.899904,baseline_03_forward_motion,Pitch,ramp,0,0.003918591443993,0.01619,0,0.0,0,0.01619,0,0.0,0,0.009161,0,0.0,0
16.999864,baseline_03_forward_motion,Pitch,ramp,0,0.0039317705908712,0.01619,0,0.0,0,0.01619,0,0.0,0,0.009161,0,0.0,0
17.099824,baseline_03_forward_motion,Pitch,ramp,0,0.0039193789841655,0.01619,0,0.0,0,0.01619,0,0.0,0,0.009161,0,0.0,0
17.199784,baseline_03_forward_motion,Pitch,ramp,0,0.0040452929066405,0.01619,0,0.0,0,0.01619,0,0.0,0,0.009161,0,0.0,0
17.299744,baseline_03_forward_motion,Pitch,ramp,0,0.0039519430324931,0.01619,0,0.0,0,0.01619,0,0.0,0,0.009161,0,0.0,0
17.400537,baseline_03_forward_motion,Pitch,ramp,0,0.0041323289679039,0.01619,0,0.0,0,0.01619,0,0.0,0,0.009161,0,0.0,0
17.500497,baseline_03_forward_motion,Pitch,ramp,0,0.0042487520246171,0.01619,0,0.0,0,0.01619,0,0.0,0,0.009161,0,0.0,0
17.600457,baseline_03_forward_motion,Pitch,ramp,0,0.0041852839627089,0.01619,0,0.0,0,0.01619,0,0.0,0,0.009161,0,0.0,0
17.700417,baseline_03_forward_motion,Pitch,ramp,0,0.0042644037409977,0.01619,0,0.0,0,0.01619,0,0.0,0,0.009161,0,0.0,0
17.800377,baseline_03_forward_motion,Pitch,ramp,0,0.0043972966760993,0.01619,0,0.0,0,0.01619,0,0.0,0,0.009161,0,0.0,0
17.900337,baseline_03_forward_motion,Pitch,ramp,0,0.0042118232523564,0.01619,0,0.0,0,0.01619,0,0.0,0,0.009161,0,0.0,0
18.000297,baseline_03_forward_motion,Pitch,ramp,0,0.0043305026207106,0.01619,0,0.0,0,0.01619,0,0.0,0,0.009161,0,0.0,0
18.100257,baseline_03_forward_motion,Pitch,ramp,0,0.0042994389323891,0.01619,0,0.0,0,0.01619,0,0.0,0,0.009161,0,0.0,0
18.200217,baseline_03_forward_motion,Pitch,ramp,0,0.0044170589274621,0.01619,0,0.0,0,0.01619,0,0.0,0,0.009161,0,0.0,0
18.300177,baseline_03_forward_motion,Pitch,ramp,0,0.0044274249697361,0.01619,0,0.0,0,0.01619,0,0.0,0,0.009161,0,0.0,0
18.400137,baseline_03_forward_motion,Pitch,ramp,0,0.004486766970756,0.01619,0,0.0,0,0.01619,0,0.0,0,0.009161,0,0.0,0
18.500097,baseline_03_forward_motion,Pitch,ramp,0,0.0044284778219748,0.01619,0,0.0,0,0.01619,0,0.0,0,0.009161,0,0.0,0
18.600057,baseline_03_forward_motion,Pitch,ramp,0,0.0045308610112241,0.01619,0,0.0,0,0.01619,0,0.0,0,0.009161,0,0.0,0
18.700017,baseline_03_forward_motion,Pitch,ramp,0,0.004589395149405,0.01619,0,0.0,0,0.01619,0,0.0,0,0.009161,0,0.0,0
18.799977,baseline_03_forward_motion,Pitch,ramp,0,0.0045664970546802,0.01619,0,0.0,0,0.01619,0,0.0,0,0.009161,0,0.0,0
18.899937,baseline_03_forward_motion,Pitch,ramp,0,0.0045749006290628,0.01619,0,0.0,0,0.01619,0,0.0,0,0.009161,0,0.0,0
18.999897,baseline_03_forward_motion,Pitch,ramp,0,0.0046181758186606,0.01619,0,0.0,0,0.01619,0,0.0,0,0.009161,0,0.0,0
19.099857,baseline_03_forward_motion,Pitch,ramp,0,0.0045564544187219,0.01619,0,0.0,0,0.01619,0,0.0,0,0.009161,0,0.0,0
19.199817,baseline_03_forward_motion,Pitch,ramp,0,0.0047018176645572,0.01619,0,0.0,0,0.01619,0,0.0,0,0.009161,0,0.0,0
19.299777,baseline_03_forward_motion,Pitch,ramp,0,0.0045517433135923,0.01619,0,0.0,0,0.01619,0,0.0,0,0.009161,0,0.0,0
19.399737,baseline_03_forward_motion,Pitch,ramp,0,0.0046487248438753,0.01619,0,0.0,0,0.01619,0,0.0,0,0.009161,0,0.0,0
19.50053,baseline_03_forward_motion,Pitch,ramp,0,0.0047638291009818,0.01619,0,0.0,0,0.01619,0,0.0,0,0.009161,0,0.0,0
19.60049,baseline_03_forward_motion,Pitch,ramp,0,0.0046954928617336,0.01619,0,0.0,0,0.01619,0,0.0,0,0.009161,0,0.0,0
19.70045,baseline_03_forward_motion,Pitch,ramp,0,0.0047880327682097,0.01619,0,0.0,0,0.01619,0,0.0,0,0.009161,0,0.0,0
19.80041,baseline_03_forward_motion,Pitch,ramp,0,0.0048976435991458,0.01619,0,0.0,0,0.01619,0,0.0,0,0.009161,0,0.0,0
19.90037,baseline_03_forward_motion,Pitch,ramp,0,0.0047893270697215,0.01619,0,0.0,0,0.01619,0,0.0,0,0.009161,0,0.0,0
20.00033,baseline_03_forward_motion,Pitch,ramp,0,0.0049076320128312,0.01619,0,0.0,0,0.01619,0,0.0,0,0.009161,0,0.0,0
20.10029,baseline_03_forward_motion,Pitch,ramp,0,0.0050360898113847,0.01619,0,0.0,0,0.01619,0,0.0,0,0.009161,0,0.0,0
20.20025,baseline_03_forward_motion,Pitch,ramp,0,0.0049465569382445,0.01619,0,0.0,0,0.01619,0,0.0,0,0.009161,0,0.0,0
20.30021,baseline_03_forward_motion,Pitch,ramp,0,0.0049956893413425,0.01619,0,0.0,0,0.01619,0,0.0,0,0.009161,0,0.0,0
20.40017,baseline_03_forward_motion,Pitch,ramp,0,0.0051017156898773,0.01619,0,0.0,0,0.01619,0,0.0,0,0.009161,0,0.0,0
20.50013,baseline_03_forward_motion,Pitch,ramp,0,0.0049328644387525,0.01619,0,0.0,0,0.01619,0,0.0,0,0.009161,0,0.0,0
20.60009,baseline_03_forward_motion,Pitch,ramp,0,0.0051366601439414,0.01619,0,0.0,0,0.01619,0,0.0,0,0.009161,0,0.0,0
20.70005,baseline_03_forward_motion,Pitch,ramp,0,0.0050639795667503,0.01619,0,0.0,0,0.01619,0,0.0,0,0.009161,0,0.0,0
20.80001,baseline_03_forward_motion,Pitch,ramp,0,0.0050205247029748,0.01619,0,0.0,0,0.01619,0,0.0,0,0.009161,0,0.0,0
20.89997,baseline_03_forward_motion,Pitch,ramp,0,0.0050920218393154,0.01619,0,0.0,0,0.01619,0,0.0,0,0.009161,0,0.0,0
20.99993,baseline_03_forward_motion,Pitch,ramp,0,0.0051871550722753,0.01619,0,0.0,0,0.01619,0,0.0,0,0.009161,0,0.0,0
21.09989,baseline_03_forward_motion,Pitch,ramp,0,0.005092027400649,0.01619,0,0.0,0,0.01619,0,0.0,0,0.009161,0,0.0,0
21.19985,baseline_03_forward_motion,Pitch,ramp,0,0.0050988984982852,0.01619,0,0.0,0,0.01619,0,0.0,0,0.009161,0,0.0,0
21.29981,baseline_03_forward_motion,Pitch,ramp,0,0.0049766014261501,0.01619,0,0.0,0,0.01619,0,0.0,0,0.009161,0,0.0,0
21.39977,baseline_03_forward_motion,Pitch,ramp,0,0.0050726882738788,0.01619,0,0.0,0,0.01619,0,0.0,0,0.009161,0,0.0,0
21.49973,baseline_03_forward_motion,Pitch,ramp,0,0.0050572082496904,0.01619,0,0.0,0,0.01619,0,0.0,0,0.009161,0,0.0,0
21.600523,baseline_03_forward_motion,Pitch,ramp,0,0.0052118479164664,0.01619,0,0.0,0,0.01619,0,0.0,0,0.009161,0,0.0,0
21.700483,baseline_03_forward_motion,Pitch,ramp,0,0.0051486873049673,0.01619,0,0.0,0,0.01619,0,0.0,0,0.009161,0,0.0,0
21.800443,baseline_03_forward_motion,Pitch,ramp,0,0.0053149910064645,0.01619,0,0.0,0,0.01619,0,0.0,0,0.009161,0,0.0,0
21.900403,baseline_03_forward_motion,Pitch,ramp,0,0.0051822606691076,0.01619,0,0.0,0,0.01619,0,0.0,0,0.009161,0,0.0,0
22.000363,baseline_03_forward_motion,Pitch,ramp,0,0.0050970900814443,0.01619,0,0.0,0,0.01619,0,0.0,0,0.009161,0,0.0,0
22.100323,baseline_03_forward_motion,Pitch,ramp,0,0.0052149015312204,0.01619,0,0.0,0,0.01619,0,0.0,0,0.009161,0,0.0,0
22.200283,baseline_03_forward_motion,Pitch,ramp,0,0.0051843166201661,0.01619,0,0.0,0,0.01619,0,0.0,0,0.009161,0,0.0,0
22.300243,baseline_03_forward_motion,Pitch,ramp,0,0.0052752282630042,0.01619,0,0.0,0,0.01619,0,0.0,0,0.009161,0,0.0,0
22.400203,baseline_03_forward_motion,Pitch,ramp,0,0.0052898480590393,0.01619,0,0.0,0,0.01619,0,0.0,0,0.009161,0,0.0,0
22.500163,baseline_03_forward_motion,Pitch,ramp,0,0.005243276755493,0.01619,0,0.0,0,0.01619,0,0.0,0,0.009161,0,0.0,0
22.600123,baseline_03_forward_motion,Pitch,ramp,0,0.0052728928200726,0.01619,0,0.0,0,0.01619,0,0.0,0,0.009161,0,0.0,0
