run_id,n_files,success_count_rmse,fail_count_rmse,success_rate_rmse_percent,success_count_mae,fail_count_mae,success_rate_mae_percent,run_success_all_rmse,run_success_all_mae,mean_original_rmse,mean_heuristic_rmse,mean_heuristic_improvement_over_original_rmse_percent,mean_original_mae,mean_heuristic_mae,config_run_id,config_hover_speed_threshold,config_accel_low_threshold,config_accel_high_threshold,config_gyro_high_threshold,config_smoothing_previous,config_smoothing_target,config_hover_w_naive,config_hover_w_cv,config_hover_w_arx,config_translation_w_naive,config_translation_w_cv,config_translation_w_arx,config_maneuver_w_naive,config_maneuver_w_cv,config_maneuver_w_arx
1,24,18,6,75.0,18,6,75.0,False,False,0.0015963915477515288,0.0009885462764879654,36.067775605010375,0.0005646334334951755,0.00035194767893326917,1,0.6197133992289419,0.27501075522266694,1.8688159663305184,0.15044483216697024,0.9325648185495222,0.06743518145047778,0.6953232947412865,0.24128578964543262,0.06339091561328075,0.2507880269229928,0.5850399020303748,0.1641720710466326,0.17187897520836043,0.14868144696957786,0.6794395778220617
2,24,20,4,83.33333333333333,20,4,83.33333333333333,False,False,0.0015963915477515288,0.0013807286349811164,25.93327473435565,0.0005646334334951755,0.0004892609743074825,2,0.6249422188897615,0.7949414806032167,1.7459913995915675,0.31516955774415895,0.9456974822020088,0.05430251779799122,0.5370940183150514,0.24454299411632718,0.21836298756862146,0.15983836419950498,0.4857860001395902,0.35437563566090485,0.12654541683886586,0.199199166130186,0.6742554170309482
3,24,22,2,91.66666666666667,23,1,95.83333333333333,False,False,0.0015963915477515288,0.0010548369666779878,43.96873334452607,0.0005646334334951755,0.0003602052529317436,3,0.7237471831737299,0.8537260313668911,3.0660386148673555,0.37837930401221803,0.8965210564618461,0.1034789435381539,0.7280621051822056,0.11823867096173649,0.15369922385605775,0.2381537792134171,0.5159691999182715,0.24587702086831145,0.15794493379163466,0.3792745002283723,0.46278056597999306
4,24,18,6,75.0,18,6,75.0,False,False,0.0015963915477515288,0.0012202667328540544,26.868839559616465,0.0005646334334951755,0.00044261740287350536,4,0.4139491378257734,0.5393879636021072,1.4295319480781619,0.1547558988624636,0.8181802572937513,0.18181974270624868,0.648965145093725,0.20946153924420027,0.14157331566207476,0.20782527493306743,0.6243016090853826,0.16787311598155,0.18503039254457937,0.25823916157768706,0.5567304458777336
5,24,21,3,87.5,21,3,87.5,False,False,0.0015963915477515288,0.0012063440119388785,35.30793896204995,0.0005646334334951755,0.00042325931618428643,5,0.3855693240990485,0.9791267979503492,1.6176556109643387,0.22075494879094149,0.9781142031145871,0.021885796885412923,0.6535003826706587,0.1597761630932224,0.1867234542361188,0.2675473609308818,0.6275784590584351,0.10487418001068304,0.010667310388174646,0.27968553725846784,0.7096471523533575
6,24,20,4,83.33333333333333,18,6,75.0,False,False,0.0015963915477515288,0.0011862738082080717,31.01284187448877,0.0005646334334951755,0.000423279111439678,6,0.4054914217931632,1.1929097143350544,3.221827159563505,0.19160504635931508,0.9179789597530784,0.08202104024692158,0.6082862480765482,0.24618459195036443,0.1455291599730873,0.15293579576488006,0.5890560969969993,0.2580081072381204,0.05387573620760954,0.24983974061816872,0.6962845231742217
7,24,19,5,79.16666666666667,19,5,79.16666666666667,False,False,0.0015963915477515288,0.0014253877378403851,25.13903234697376,0.0005646334334951755,0.0004987821278534604,7,0.4997002525701986,0.46932075915728333,3.494459614613998,0.279286832154409,0.816363694191283,0.18363630580871704,0.6658607818539688,0.09099143225460554,0.24314778589142566,0.3107611893798124,0.614625227074156,0.07461358354603154,0.07893800115891152,0.371207033835464,0.5498549650056246
8,24,21,3,87.5,21,3,87.5,False,False,0.0015963915477515288,0.0012379301902004198,34.544357812573885,0.0005646334334951755,0.0004304298648275188,8,0.7855391888068091,1.110779702234498,1.2758322993713442,0.37432481871208756,0.9227078664247834,0.07729213357521658,0.6929749891051893,0.10959507189469643,0.1974299390001143,0.09895287966066495,0.6803955862312743,0.22065153410806088,0.20264687893851877,0.3454997476497856,0.45185337341169557
9,24,24,0,100.0,24,0,100.0,True,True,0.0015963915477515288,0.0008029836027098096,56.08059261716428,0.0005646334334951755,0.0002600943360802912,9,0.5502930565251491,0.42865188053013137,3.303412638525846,0.4417333564265451,0.8537200624607539,0.14627993753924606,0.7270401765450965,0.1900624585166553,0.08289736493824819,0.2366139925900179,0.5226681754751905,0.24071783193479152,0.1668058720143185,0.12605909263201262,0.7071350353536688
10,24,18,6,75.0,18,6,75.0,False,False,0.0015963915477515288,0.0015239338167653072,18.577935947513385,0.0005646334334951755,0.000541418888770402,10,0.30973837119291614,1.179098616264617,3.2271242251021643,0.4242494882125307,0.8553525425724791,0.14464745742752094,0.5062289738573459,0.2392358220282394,0.25453520411441466,0.10217375309469252,0.8023100362161348,0.09551621068917263,0.1859866128004425,0.3599826422916524,0.454030744907905
11,24,20,4,83.33333333333333,20,4,83.33333333333333,False,False,0.0015963915477515288,0.0013710093827609456,27.029421362826824,0.0005646334334951755,0.00048255926382312033,11,0.5376411890493656,0.7998035934949439,1.8463774151151329,0.4425948684883658,0.8761648292361597,0.12383517076384032,0.5992968124733072,0.17747033284436736,0.2232328546823255,0.11218781968271696,0.5334475157602188,0.3543646645570642,0.15119174925169424,0.235749865913712,0.6130583848345937
12,24,20,4,83.33333333333333,20,4,83.33333333333333,False,False,0.0015963915477515288,0.001373092191975204,27.819734740756928,0.0005646334334951755,0.00047844824653295797,12,0.36050209793413285,0.47469733703155736,2.0106925148317742,0.314738923305755,0.8414206518673839,0.1585793481326161,0.6947440929479977,0.07505901212418849,0.23019689492781376,0.099838837162181,0.641155560670528,0.2590056021672909,0.0189355912988979,0.19593871939175192,0.7851256893093501
13,24,24,0,100.0,24,0,100.0,True,True,0.0015963915477515288,0.0008181971186542509,54.87527472823587,0.0005646334334951755,0.0002672746620476394,13,0.4071184036852193,0.382311848725025,3.3549070413065096,0.306969391996378,0.885080784736123,0.11491921526387705,0.7023433652139793,0.214526563471679,0.0831300713143416,0.09544025118090825,0.6908507311355327,0.21370901768355893,0.0966032757922237,0.2938707122178381,0.6095260119899382
14,24,19,5,79.16666666666667,20,4,83.33333333333333,False,False,0.0015963915477515288,0.0012116959687412407,35.066328624312234,0.0005646334334951755,0.0004272181747909893,14,0.792082605682983,0.3484178711519589,2.1558978847301047,0.2026861724277334,0.9551010565435024,0.044898943456497586,0.7103876638873138,0.10878597479579659,0.18082636131688964,0.21719667126036593,0.6291089367071514,0.15369439203248259,0.1753142406386286,0.19375538143896512,0.6309303779224061
15,24,24,0,100.0,24,0,100.0,True,True,0.0015963915477515288,0.0007967629930738721,56.29173838254619,0.0005646334334951755,0.0002599867199927996,15,0.575162656224924,0.30058832952488124,3.498385553928635,0.42621241328597836,0.9744193263112553,0.025580673688744726,0.711923918537592,0.21350013880146662,0.07457594266094136,0.229819810768792,0.5701667791266478,0.20001341010456034,0.012859160762628058,0.2040789536188573,0.7830618856185146
16,24,21,3,87.5,21,3,87.5,False,False,0.0015963915477515288,0.001179423646344663,37.41305563677758,0.0005646334334951755,0.00041003937397124135,16,0.43260152908607596,1.0340706019485695,2.2737688265130727,0.24035336869557333,0.9723171753547412,0.02768282464525884,0.6821848488734027,0.14347030301706767,0.17434484810952966,0.10090563688330764,0.5427060190387956,0.3563883440778969,0.11980880569563157,0.23976504004533525,0.6404261542590332
17,24,24,0,100.0,24,0,100.0,True,True,0.0015963915477515288,0.0007945281383482479,57.95253102863999,0.0005646334334951755,0.0002514648709141867,17,0.32858263645374153,0.8341775944589712,2.3814133615689057,0.4337239514217284,0.828337891029107,0.17166210897089296,0.8418588996248558,0.06651856483087037,0.09162253554427374,0.224215301758667,0.6574896746082174,0.11829502363311564,0.031069014582492508,0.4266706141101906,0.5422603713073169
18,24,21,3,87.5,21,3,87.5,False,False,0.0015963915477515288,0.0011988993299255812,36.78812282626295,0.0005646334334951755,0.0004140339749336877,18,0.5972595767667206,0.8693815103321031,2.193256059505713,0.3126525301810511,0.8941008887957527,0.10589911120424733,0.7265603379651001,0.08371419980525135,0.18972546222964853,0.13055855241178405,0.5994181229385863,0.2700233246496297,0.07064782092907486,0.19843943258801952,0.7309127464829055
19,24,18,6,75.0,18,6,75.0,False,False,0.0015963915477515288,0.0015802766619625052,16.957749040156315,0.0005646334334951755,0.0005568860557336808,19,0.33627155724657865,0.7082855226185861,3.4965224919224953,0.4982434015347925,0.8131869297979339,0.18681307020206606,0.6098344545687349,0.11355004009475098,0.2766155053365141,0.2561564446818623,0.6127261879296954,0.13111736738844232,0.03333569559562907,0.3311960859987834,0.6354682184055875
20,24,0,24,0.0,0,24,0.0,False,False,0.0015963915477515288,0.0034399912852422104,-79.26864536866206,0.0005646334334951755,0.0012221557947959454,20,0.605838882862975,1.2372330636315043,2.721446714849148,0.05352039821847108,0.9470787443207831,0.052921255679216905,0.5667335653739174,0.18682208117023721,0.24644435345584528,0.14596148102213702,0.7212955036881554,0.1327430152897074,0.13349441145812338,0.18852685770429406,0.6779787308375826
21,24,20,4,83.33333333333333,18,6,75.0,False,False,0.0015963915477515288,0.0008947287774695838,43.52890240375641,0.0005646334334951755,0.0003067337204650629,21,0.6588060935693989,0.45359731232745293,2.677035407491429,0.16879275573368424,0.8879357333868878,0.1120642666131122,0.7215069756884919,0.21767193074929037,0.06082109356221774,0.2396733727861093,0.6912103341755077,0.06911629303838315,0.18417037147807078,0.3085651502490332,0.507264478272896
22,24,0,24,0.0,0,24,0.0,False,False,0.0015963915477515288,0.003928076177541772,-104.47199404676779,0.0005646334334951755,0.0013921584465974208,22,0.6706154541739654,0.8016804211263913,2.2122955677065286,0.05435136482375299,0.8135438948132782,0.18645610518672184,0.6501011892916424,0.2088452853819123,0.1410535253264452,0.2922508723641568,0.6158760259416374,0.09187310169420577,0.029250950505024888,0.19085778747038842,0.7798912620245867
23,24,12,12,50.0,12,12,50.0,False,False,0.0015963915477515288,0.001650587303093051,5.766856548078455,0.0005646334334951755,0.0006059664608014268,23,0.6980611524440208,1.1107025820009029,3.2725804321845677,0.1445344422528893,0.8449153530601264,0.15508464693987356,0.5317207178582878,0.22234124762964813,0.2459380345120641,0.18756682738739186,0.7072925354352144,0.10514063717739364,0.15262112850466938,0.2643224059312931,0.5830564655640375
24,24,21,3,87.5,21,3,87.5,False,False,0.0015963915477515288,0.0012282349809775424,34.42810230155242,0.0005646334334951755,0.00042893807958678515,24,0.7053858599701984,1.1314162046633243,1.3057693142709246,0.3814540122897869,0.8597933842303572,0.14020661576964277,0.6289934634331623,0.17995254201563102,0.19105399455120672,0.2699647827517086,0.4665266158158054,0.26350860143248606,0.021420702633876035,0.32123109541355527,0.6573482019525687
25,24,21,3,87.5,20,4,83.33333333333333,False,False,0.0015963915477515288,0.0010666638047311123,38.141703728555335,0.0005646334334951755,0.00037012862077861797,25,0.4112168587728322,1.066586605596929,2.2856822780276196,0.18733589030237024,0.9431621898475151,0.0568378101524849,0.8032822818324489,0.07133458062175246,0.12538313754579872,0.1202950742432583,0.6041880720628914,0.2755168536938505,0.07019264383545055,0.3264318093937699,0.6033755467707795
26,24,18,6,75.0,16,8,66.66666666666667,False,False,0.0015963915477515288,0.0013939311980057222,14.48059010812193,0.0005646334334951755,0.0005245571896065229,26,0.79057484359913,0.7862157324787219,3.3632835657306104,0.10190378833314243,0.974672109984001,0.025327890015999,0.6007841033642746,0.28507492989842487,0.11414096673730051,0.08922033849417951,0.6204124037223399,0.2903672577834807,0.0749488979957113,0.2983579451807672,0.6266931568235217
27,24,21,3,87.5,21,3,87.5,False,False,0.0015963915477515288,0.0011640597937304386,38.09251886414833,0.0005646334334951755,0.00040244942253243356,27,0.4925977166723636,0.8265880434965995,1.8231256388118093,0.3689533777253768,0.8003044300793534,0.19969556992064663,0.6783114840088018,0.14328614920399113,0.17840236678720703,0.24778139537039484,0.60744446908171,0.14477413554789523,0.01911692597601815,0.3633391649715416,0.6175439090524403
28,24,21,3,87.5,19,5,79.16666666666667,False,False,0.0015963915477515288,0.001094624961060187,34.92879416651834,0.0005646334334951755,0.00038317550195239174,28,0.4569578225291798,1.0980152795063356,2.869447091781388,0.18514502069506888,0.8556712391975576,0.1443287608024424,0.7162504565887369,0.15566683180694527,0.12808271160431783,0.08921462982085498,0.5748037360595408,0.33598163411960413,0.13095163625320813,0.32170129970284167,0.5473470640439502
29,24,21,3,87.5,19,5,79.16666666666667,False,False,0.0015963915477515288,0.001158375264437567,32.465098925216004,0.0005646334334951755,0.000411542257667814,29,0.45047493728278265,0.7979372131356982,1.250913364318897,0.17911117259101722,0.8773798669981703,0.12262013300182972,0.6646505652397943,0.18860710306517592,0.14674233169502976,0.2123604952535168,0.5644569128964438,0.2231825918500393,0.20693023679707115,0.34774632869482,0.4453234345081089
30,24,24,0,100.0,24,0,100.0,True,True,0.0015963915477515288,0.0009048605503010407,49.33036988935589,0.0005646334334951755,0.00030937493083044214,30,0.34239776836256086,0.7654520099152164,2.67411692547304,0.2008347149344104,0.9473162236165995,0.052683776383400494,0.7147883364552398,0.19186413862536839,0.09334752491939186,0.17067726740381123,0.6373163888577296,0.1920063437384592,0.12469377366358962,0.4171798506912243,0.45812637564518616
31,24,24,0,100.0,24,0,100.0,True,True,0.0015963915477515288,0.0007277106225862875,59.345772605050264,0.0005646334334951755,0.0002298592343707652,31,0.5072205054988597,0.8797653807377137,1.6874792826643459,0.3633594127207272,0.8889878904218786,0.11101210957812135,0.7053706666160321,0.237583957203752,0.05704537618021585,0.2584187325420477,0.6646288412497031,0.07695242620824919,0.0926785635111291,0.14087558882001838,0.7664458476688525
32,24,20,4,83.33333333333333,20,4,83.33333333333333,False,False,0.0015963915477515288,0.0013538458639231101,28.085412642809917,0.0005646334334951755,0.0004756378718950476,32,0.5589788752218704,0.3002183851406409,1.8106961292349362,0.4317513563082469,0.8821631285846311,0.11783687141536892,0.6177614156683034,0.16133616854004154,0.220902415791655,0.17241479651193195,0.5882120575873043,0.23937314590076367,0.13234540639733908,0.30393716345032656,0.5637174301523344
33,24,20,4,83.33333333333333,20,4,83.33333333333333,False,False,0.0015963915477515288,0.0013233005617211077,30.146396154221488,0.0005646334334951755,0.00046225981132115595,33,0.7152845848607075,0.7978719506108284,3.26871823227484,0.3846449489718132,0.8854413986281496,0.11455860137185037,0.6660659566531472,0.11623351031257159,0.21770053303428122,0.24837693895504817,0.5402877609914847,0.2113353000534671,0.09294114652638706,0.17210067895352346,0.7349581745200895
34,24,12,12,50.0,13,11,54.166666666666664,False,False,0.0015963915477515288,0.0013876978404637676,8.845853087043313,0.0005646334334951755,0.0004901477875177491,34,0.4358575535410923,0.5697095684187623,2.4653425006665266,0.11226832768227007,0.8416270663510736,0.15837293364892635,0.7304007193392881,0.20874759121672187,0.06085168944398999,0.1787030160872808,0.6400500720724397,0.18124691184027952,0.04491798343482783,0.21460644372716575,0.7404755728380065
35,24,18,6,75.0,18,6,75.0,False,False,0.0015963915477515288,0.0015012255165799211,20.714726528284526,0.0005646334334951755,0.0005295840003547796,35,0.5920397071021126,0.9455229864979681,3.177647072683852,0.39451755925313126,0.8684685852069881,0.1315314147930119,0.5946577052475434,0.14858233999679202,0.25675995475566465,0.24228585099166852,0.6186083065733065,0.1391058424350249,0.15841874829711514,0.2468070472004638,0.5947742045024211
36,24,0,24,0.0,0,24,0.0,False,False,0.0015963915477515288,0.0037383621984416675,-95.15829855800189,0.0005646334334951755,0.0013282815717461447,36,0.41026934716190944,0.46942163462143616,2.2306309461049323,0.06306116897602186,0.8605033178657089,0.13949668213429112,0.7647272457681478,0.14667310574383705,0.08859964848801519,0.21666162479029458,0.5137576835208267,0.2695806916888787,0.007273724517620888,0.2566849561806059,0.7360413193017733
37,24,24,0,100.0,24,0,100.0,True,True,0.0015963915477515288,0.0010133116842873224,46.12463785238358,0.0005646334334951755,0.00034232338069648053,37,0.3135510231701562,0.8927496480093358,1.5553238462687695,0.2577642998231803,0.809051234027953,0.19094876597204702,0.7442241041913391,0.11219189644770577,0.14358399936095512,0.2517757654418255,0.4989501961415213,0.2492740384166533,0.24841592407209478,0.2249026082375282,0.526681467690377
38,24,19,5,79.16666666666667,19,5,79.16666666666667,False,False,0.0015963915477515288,0.0012882499989070168,30.12839234062771,0.0005646334334951755,0.0004586261000067914,38,0.30969164352500533,0.7894190479225337,3.4997926141457207,0.20748215467408276,0.9170259367849775,0.08297406321502254,0.6458648830688447,0.1670200787217884,0.18711503820936684,0.3845956638362199,0.5509604271567372,0.06444390900704307,0.04154360831002347,0.15722679577857912,0.8012295959113974
39,24,24,0,100.0,24,0,100.0,True,True,0.0015963915477515288,0.000776047935588658,57.10313518436237,0.0005646334334951755,0.0002497654013471847,39,0.5819847909650095,0.46796454090650363,2.8237961853038396,0.3951041442603084,0.8302020458062045,0.1697979541937955,0.7072631230991253,0.21980349433956117,0.07293338256131358,0.25409178488624795,0.675098973516568,0.07080924159718409,0.006727184798189806,0.21920758205675173,0.7740652331450585
40,24,13,11,54.166666666666664,12,12,50.0,False,False,0.0015963915477515288,0.002245403816343215,-18.873606114055978,0.0005646334334951755,0.0008048749549531688,40,0.779086419102948,0.6466544415166273,2.8587830863613037,0.08419841502937699,0.9243105948679364,0.07568940513206357,0.7072082981222524,0.06936239197841461,0.22342930989933313,0.29575135658144935,0.620573670593466,0.0836749728250846,0.20608639190835013,0.31330286023888576,0.4806107478527641
41,24,17,7,70.83333333333333,18,6,75.0,False,False,0.0015963915477515288,0.0014605920710007983,22.63980362938123,0.0005646334334951755,0.0005181706656288464,41,0.5141890066173722,0.6205708762180562,2.388411776773425,0.20355402868757744,0.9529236128599239,0.047076387140076115,0.6956306945770249,0.06342152159068097,0.2409477838322941,0.19498142927693848,0.5926052598976463,0.2124133108254152,0.08073924520296456,0.2646236748285278,0.6546370799685077
42,24,20,4,83.33333333333333,20,4,83.33333333333333,False,False,0.0015963915477515288,0.001337226456083406,29.578371493256856,0.0005646334334951755,0.0004668353659507815,42,0.4350411981937004,1.058199218806756,2.4608890395085754,0.26757387674743827,0.878403408740701,0.121596591259299,0.6795416570317222,0.09874376626336502,0.2217145767049129,0.2854127983102566,0.4146089409070115,0.2999782607827319,0.05926036571869185,0.2553004978970939,0.6854391363842142
43,24,14,10,58.333333333333336,14,10,58.333333333333336,False,False,0.0015963915477515288,0.0016037049471266326,5.991773854606161,0.0005646334334951755,0.0005865732338300194,43,0.489494652064132,0.2786999977700896,3.164643881703033,0.1318279357209613,0.8381815730323531,0.16181842696764692,0.6717735528827775,0.10943296406545586,0.2187934830517666,0.3160002815166626,0.6196171157766857,0.06438260270665183,0.21030342623083406,0.11531722902726413,0.6743793447419019
44,24,24,0,100.0,24,0,100.0,True,True,0.0015963915477515288,0.0008439085949700599,55.37827472740133,0.0005646334334951755,0.0002740134041637723,44,0.5442889234243937,1.0081646534824664,2.8038710137546765,0.3406563048834285,0.8883478403141455,0.11165215968585451,0.8224364924224407,0.07281270406524348,0.1047508035123158,0.2563861944504695,0.5201494200630931,0.22346438548643743,0.11635000499353969,0.2810753955439396,0.6025745994625206
45,24,18,6,75.0,18,6,75.0,False,False,0.0015963915477515288,0.0010952801910347886,31.017571398744764,0.0005646334334951755,0.0003863266672860354,45,0.6729677183568048,0.5807912971959301,2.83142361991798,0.17191239213928836,0.8452526617161695,0.15474733828383047,0.7688653694093766,0.12741869385096377,0.10371593673965955,0.2063878968209795,0.6902562264836246,0.10335587669539588,0.04981880844245317,0.2481627103353813,0.7020184812221655
46,24,15,9,62.5,14,10,58.333333333333336,False,False,0.0015963915477515288,0.0015996124156345403,8.964097790028513,0.0005646334334951755,0.0005914990197319909,46,0.7883035114415284,0.7746368691086079,1.8867470823686487,0.09523674864085585,0.8349411640563933,0.1650588359436067,0.8092618067465862,0.12192591746219344,0.06881227579122028,0.19791934739874462,0.4798520438323152,0.32222860876894016,0.14630215210203304,0.36390120087944783,0.4897966470185191
47,24,24,0,100.0,24,0,100.0,True,True,0.0015963915477515288,0.0007346677210363629,60.708042937031,0.0005646334334951755,0.00022936808179591103,47,0.734230598631472,0.7408786945237789,3.213619403746703,0.3083288988318495,0.8844914500874919,0.11550854991250814,0.8158553486453188,0.11133241722697144,0.07281223412770975,0.272382540916127,0.4844833248668134,0.24313413421705954,0.10647728397997627,0.1338487972242264,0.7596739187957974
48,24,18,6,75.0,18,6,75.0,False,False,0.0015963915477515288,0.0013315193888004523,26.019257654465054,0.0005646334334951755,0.000477633410827688,48,0.32680453714626656,0.39919758447365516,2.5163890934402695,0.18672598032900245,0.9789052620878396,0.021094737912160433,0.5719276769215791,0.2331492073766689,0.19492311570175203,0.2918127956348711,0.49811070186160267,0.2100765025035263,0.09404022159733297,0.21287463548122593,0.6930851429214412
49,24,24,0,100.0,24,0,100.0,True,True,0.0015963915477515288,0.0008078020939475076,57.10767458866957,0.0005646334334951755,0.0002608459171504844,49,0.7950156302333989,0.5553802443193604,2.6473114724123343,0.32433391051030863,0.933216074987218,0.06678392501278196,0.81156954930749,0.09384273257883075,0.09458771811367929,0.3051652469680946,0.5692110295949125,0.1256237234369929,0.02519108938910987,0.1354935007375116,0.8393154098733785
50,24,19,5,79.16666666666667,19,5,79.16666666666667,False,False,0.0015963915477515288,0.001403231786295693,25.387071352851276,0.0005646334334951755,0.0004952244291228807,50,0.5969055975597817,0.5412592890310276,1.7708215277510582,0.36813012344556495,0.9265377604568691,0.07346223954313091,0.5850379747604265,0.1830814808408928,0.2318805443986807,0.24170000608742193,0.5486694100736326,0.20963058383894548,0.2021807993585184,0.21550393861003975,0.5823152620314419
51,24,12,12,50.0,12,12,50.0,False,False,0.0015963915477515288,0.0026116866022236336,-36.18743966540498,0.0005646334334951755,0.000927109538099746,51,0.6238173617012404,1.158411445212606,3.1099201092126343,0.08213442658511637,0.8298661020597304,0.17013389794026956,0.6049125385276901,0.21821032749612324,0.17687713397618676,0.1620342075197286,0.5335466889957643,0.30441910348450707,0.13937738660789833,0.3425500458001314,0.5180725675919703
52,24,18,6,75.0,18,6,75.0,False,False,0.0015963915477515288,0.0016348547014891565,14.38346365198133,0.0005646334334951755,0.0005759433152771915,52,0.5468976096725422,0.330441851899301,1.3396867644131294,0.24441289887234768,0.858017885004494,0.14198211499550595,0.6370310631358589,0.07276345040083328,0.29020548646330785,0.23756957984753654,0.49765270941473866,0.2647777107377248,0.22312936764510907,0.2993878309406977,0.4774828014141931
53,24,21,3,87.5,21,3,87.5,False,False,0.0015963915477515288,0.0012898102361576585,31.070188192207137,0.0005646334334951755,0.00045352816230041104,53,0.3201158365723081,1.006268830412557,2.3086268523161753,0.3431792702451589,0.9648931018268181,0.03510689817318191,0.6023477781158055,0.1927568084429811,0.20489541344121337,0.2505288990920697,0.5536469945060888,0.1958241064018415,0.06683596694021134,0.26833712561404266,0.664826907445746
54,24,24,0,100.0,24,0,100.0,True,True,0.0015963915477515288,0.0009497643255782462,48.92079245475916,0.0005646334334951755,0.00032122674172351917,54,0.4649018317894827,0.9436736739834325,1.8984900395632756,0.47533709280344477,0.9464418862528351,0.053558113747164904,0.7175143880828508,0.15819044291202589,0.12429516900512316,0.13285817660809687,0.712345480116384,0.15479634327551905,0.09870865650798051,0.34208129194802245,0.559210051543997
55,24,22,2,91.66666666666667,24,0,100.0,False,True,0.0015963915477515288,0.0009081829523377914,49.31288682193547,0.0005646334334951755,0.00030989658871028537,55,0.5712967971785975,0.6632475707993215,1.672060718137686,0.21280071161825387,0.9361597677300033,0.06384023226999669,0.6928336104623263,0.21625689706590143,0.09090949247177231,0.1839899286370556,0.6605748628958663,0.15543520846707812,0.1450294323826016,0.11839064494146853,0.73657992267593
56,24,18,6,75.0,18,6,75.0,False,False,0.0015963915477515288,0.0014678935995841417,21.280766178490165,0.0005646334334951755,0.0005218684412982119,56,0.6044358335409825,0.48929746232765037,1.606350868561773,0.2978775531512015,0.8994052536296719,0.10059474637032806,0.5027294662770532,0.25719142934765354,0.24007910437529328,0.20152033720050488,0.4780277764862212,0.3204518863132739,0.11027557939981708,0.3104960337363583,0.5792283868638245
57,24,15,9,62.5,17,7,70.83333333333333,False,False,0.0015963915477515288,0.0012983623056351092,21.6120904300067,0.0005646334334951755,0.00047319108883887357,57,0.4367124483566371,1.0847239455766944,3.455550423357595,0.15967890773381227,0.8992277138384845,0.10077228616151546,0.599286804211541,0.24563966485728933,0.15507353093116974,0.26319079484729796,0.6253639902121284,0.11144521494057365,0.1507811600915258,0.18721899574703954,0.6619998441614348
58,24,21,3,87.5,19,5,79.16666666666667,False,False,0.0015963915477515288,0.0009070193833450165,43.87263284055542,0.0005646334334951755,0.0003074580897081481,58,0.5538688379048282,1.0705494731855785,1.88638771238636,0.18435013239729525,0.905648790034549,0.09435120996545099,0.7760829939636437,0.14873519759675644,0.0751818084395998,0.21920265019669716,0.5574493866574007,0.22334796314590205,0.14209301079060643,0.2712750304880581,0.5866319587213356
59,24,14,10,58.333333333333336,14,10,58.333333333333336,False,False,0.0015963915477515288,0.0014964539177899996,14.856668455069752,0.0005646334334951755,0.0005429445826688281,59,0.3943261868535527,0.9474984276205713,2.5365446944660275,0.1551031007260519,0.9395980055178665,0.06040199448213346,0.5500084237840055,0.22979716169345454,0.22019441452254002,0.2674869195473824,0.505425071323394,0.22708800912922344,0.158306412883282,0.3420056341070511,0.499687953009667
60,24,21,3,87.5,22,2,91.66666666666667,False,False,0.0015963915477515288,0.0010895958808770296,41.63952858096099,0.0005646334334951755,0.0003764045469309262,60,0.3185098056727881,0.7522911501329659,2.5779059659465258,0.44136514101299695,0.9573542673297755,0.042645732670224534,0.6706887875228836,0.17287398587602393,0.15643722660109236,0.24762653399606743,0.5235916433773964,0.22878182262653607,0.032496720212797085,0.22258411110243134,0.7449191686847715
61,24,24,0,100.0,24,0,100.0,True,True,0.0015963915477515288,0.0009109638440964596,51.391176509915134,0.0005646334334951755,0.0003044242374790898,61,0.46928061702571583,0.942704598586882,2.7121324683033636,0.43329438155781114,0.9534214405818607,0.046578559418139265,0.7562818719531601,0.12889814942702174,0.1148199786198181,0.20733519891663238,0.5493448963060709,0.2433199047772967,0.010577192741922004,0.14607765440244985,0.8433451528556282
62,24,24,0,100.0,24,0,100.0,True,True,0.0015963915477515288,0.0010123072532899548,44.919887516498726,0.0005646334334951755,0.0003466862932098788,62,0.7604645493901483,1.2474259229562152,2.930224325160336,0.24528716236540654,0.8177197627489756,0.18228023725102438,0.6427071741291004,0.22329096974898763,0.13400185612191198,0.23833131880167974,0.7027807189091303,0.058887962289189785,0.20122211788592104,0.20490498706789337,0.5938728950461857
63,24,21,3,87.5,21,3,87.5,False,False,0.0015963915477515288,0.001275176186831954,31.101230127094425,0.0005646334334951755,0.00044914963475093875,63,0.3727848978496992,0.78116631814876,2.523338139310858,0.40663376324642897,0.8305970568322576,0.1694029431677424,0.5499875220861559,0.25489470767739714,0.19511777023644702,0.12470362109237604,0.7804949788383735,0.09480140006925046,0.13859284988863532,0.22707661328753403,0.6343305368238307
64,24,21,3,87.5,21,3,87.5,False,False,0.0015963915477515288,0.0012085456191621477,35.910359729623366,0.0005646334334951755,0.00041903992865816644,64,0.3046987157274355,1.0546330769751462,3.277721203097487,0.35492489856458576,0.8284356119729217,0.1715643880270783,0.6788827230871541,0.13141222874239913,0.18970504817044662,0.2580870003333611,0.6083965104312232,0.13351648923541565,0.21710118645731916,0.1743642917246287,0.6085345218180521
65,24,21,3,87.5,21,3,87.5,False,False,0.0015963915477515288,0.0012380037812648912,33.11490747691428,0.0005646334334951755,0.00043621402347145886,65,0.541604030529608,0.4872057019275746,2.5368260577891624,0.3086653685803903,0.9786845678528415,0.021315432147158475,0.5620657149308226,0.25334878039481706,0.18458550467436044,0.1304582656378047,0.6174460726872022,0.25209566167499325,0.1849583328741414,0.11640467327575255,0.698636993850106
66,24,21,3,87.5,21,3,87.5,False,False,0.0015963915477515288,0.0012226272242648608,34.56913922632679,0.0005646334334951755,0.00042773055550814564,66,0.5483636432619352,1.1541552908937254,1.8939368407831876,0.40948705377841943,0.9092716996695679,0.09072830033043211,0.6190298571807321,0.19229242469204008,0.1886777181272279,0.21297931032741962,0.5787282946024026,0.20829239507017783,0.15174368754823048,0.23160519630918322,0.6166511161425863
67,24,18,6,75.0,18,6,75.0,False,False,0.0015963915477515288,0.001477877540308508,22.010922495523833,0.0005646334334951755,0.0005209942246574589,67,0.6231703044452614,0.5589328839526361,2.241852177866326,0.3108082124157812,0.9318247582290629,0.06817524177093714,0.6172257160658814,0.13137161330041658,0.251402670633702,0.13382190430106966,0.590144310864949,0.2760337848339813,0.17530670103157847,0.20629088978886223,0.6184024091795591
68,24,24,0,100.0,24,0,100.0,True,True,0.0015963915477515288,0.0007689582498714449,58.83661464629696,0.0005646334334951755,0.000245620205742873,68,0.7152363097836987,0.5069700845632623,3.1055520782204162,0.26683152344318356,0.9451679288828779,0.05483207111712207,0.7916880250910214,0.13142383754899084,0.07688813735998785,0.2985303158337372,0.4019860998133421,0.2994835843529206,0.14743763142463998,0.24235871281349855,0.6102036557618614
69,24,21,3,87.5,21,3,87.5,False,False,0.0015963915477515288,0.0012366610613442138,34.29101371354327,0.0005646334334951755,0.0004301544581258221,69,0.7836348736500162,1.054587644020562,2.0729938611625243,0.40580688586502184,0.8025053579181622,0.19749464208183776,0.6589244720053515,0.14619624476454957,0.1948792832300987,0.21290076298830488,0.5361160926953815,0.2509831443163136,0.26415511447066936,0.15498410111025124,0.5808607844190793
70,24,18,6,75.0,18,6,75.0,False,False,0.0015963915477515288,0.0015040426431632426,19.71480911524468,0.0005646334334951755,0.0005337526925724676,70,0.31251232482324115,1.134234845214852,2.5131666100622274,0.46186515893442176,0.8398460960133183,0.16015390398668172,0.517556508000422,0.23154997034319375,0.25089352165638423,0.17672515450757398,0.7077677188144024,0.11550712667802354,0.21715093897659987,0.18957830024228736,0.5932707607811127
71,24,24,0,100.0,24,0,100.0,True,True,0.0015963915477515288,0.0009709679559468805,47.045535655187585,0.0005646334334951755,0.0003313824690715814,71,0.3485959993109108,1.1372593085285023,1.5552441095892573,0.2541396906000017,0.9206875193930308,0.07931248060696916,0.6473675169707833,0.22894311666637143,0.12368936636284512,0.29999355011377443,0.5080659079359412,0.19194054195028443,0.027503417757836147,0.3013843348761005,0.6711122473660633
72,24,21,3,87.5,21,3,87.5,False,False,0.0015963915477515288,0.0011943735136668591,37.077453351701976,0.0005646334334951755,0.0004128473493787133,72,0.7757607626905297,0.2827162868550469,2.08369240715248,0.24952238872731575,0.9710999305732568,0.02890006942674317,0.7414092349041864,0.06532325930602685,0.1932675057897867,0.1835845692556871,0.6807945625742305,0.13562086817008226,0.1369028490365968,0.22891617898272024,0.6341809719806829
73,24,24,0,100.0,24,0,100.0,True,True,0.0015963915477515288,0.0009782166566108177,46.0159262156304,0.0005646334334951755,0.00033534948261129395,73,0.7240165942318405,0.7047173685705171,2.7412296606394504,0.33876701025494793,0.9074862727135181,0.09251372728648188,0.609218483360623,0.26959656759093753,0.12118494904843938,0.11193334355695264,0.7980592351871754,0.09000742125587188,0.21942636489857878,0.19787909646111884,0.5826945386403024
74,24,24,0,100.0,24,0,100.0,True,True,0.0015963915477515288,0.000762989245342543,59.36803557106822,0.0005646334334951755,0.000237701666941538,74,0.7348477133847724,0.5785595534322304,1.5819969048682483,0.4552389660342912,0.800510399266403,0.199489600733597,0.8344931671445289,0.08455594725779629,0.08095088559767478,0.14845774708750006,0.5570875612316764,0.2944546916808236,0.007108718149092571,0.11603424780252611,0.8768570340483813
75,24,12,12,50.0,12,12,50.0,False,False,0.0015963915477515288,0.0021110052586413466,-13.250168861992686,0.0005646334334951755,0.000762384961848991,75,0.4189658030452315,0.5737714619620224,1.6420539531638987,0.07357955803752944,0.9335092502517469,0.06649074974825309,0.6441952837733568,0.20745411736218303,0.14835059886446017,0.29174418225827276,0.6231057269360273,0.08515009080569996,0.12872235462293163,0.4403463351894162,0.43093131018765213
76,24,21,3,87.5,21,3,87.5,False,False,0.0015963915477515288,0.0011529598685760414,38.313890353036975,0.0005646334334951755,0.00040120399116533615,76,0.6916134979901898,1.1169809077598383,2.423265233104439,0.25611913494395694,0.9735247129619652,0.02647528703803481,0.6408616799745693,0.19041744631023547,0.1687208737151952,0.21775536753320188,0.5073916193022526,0.2748530131645456,0.021594641374705934,0.15077216727271242,0.8276331913525816
77,24,24,0,100.0,24,0,100.0,True,True,0.0015963915477515288,0.0009740809313792576,47.798989843334176,0.0005646334334951755,0.00032884986886056567,77,0.33284111666005695,0.5250159995579532,2.674422629677285,0.29676039532176224,0.8585333797973602,0.14146662020263978,0.7218522237666493,0.1467939265622245,0.13135384967112637,0.24857241146234813,0.47183483285095257,0.2795927556866994,0.16084354799549738,0.24731855014094148,0.5918379018635612
78,24,18,6,75.0,18,6,75.0,False,False,0.0015963915477515288,0.000994004369011171,37.78852334154496,0.0005646334334951755,0.0003504049546063052,78,0.6604199583287995,0.4650230663274969,2.2659985609218833,0.15282210846406297,0.8610076913903315,0.1389923086096685,0.7567854179392474,0.16444045204005425,0.07877413002069837,0.17690362529564468,0.6618321362470315,0.16126423845732388,0.04264747615900418,0.4727966067776485,0.4845559170633474
79,24,21,3,87.5,21,3,87.5,False,False,0.0015963915477515288,0.0011360993222154522,39.170411018942026,0.0005646334334951755,0.00039454190731899006,79,0.7158859442374272,0.3432301017036774,1.4672699732730177,0.38245819931992203,0.9461184713499307,0.053881528650069344,0.6580380880242664,0.17372878354729737,0.16823312842843624,0.19750704669865166,0.5954541967027771,0.2070387565985713,0.12203777425035452,0.26603420702149205,0.6119280187281535
80,24,22,2,91.66666666666667,23,1,95.83333333333333,False,False,0.0015963915477515288,0.000991435187484343,44.90021128042918,0.0005646334334951755,0.0003459378312012558,80,0.6605303393730747,1.2183986253114745,2.600922705255523,0.20824078356191705,0.9040253333101739,0.09597466668982613,0.6610098661648509,0.22672086080409873,0.11226927303105028,0.08407271611268724,0.752535439025907,0.16339184486140576,0.1471987612610936,0.23234687806203075,0.6204543606768758
81,24,18,6,75.0,18,6,75.0,False,False,0.0015963915477515288,0.0014424252839524854,22.591774017983884,0.0005646334334951755,0.0005124697510697175,81,0.722577580664179,1.224546602125708,3.091460433966507,0.32610797624095916,0.9156858494893696,0.0843141505106304,0.5088970349193731,0.25688443944304784,0.23421852563757906,0.15087204792332654,0.54698882301931,0.3021391290573635,0.11047197907528221,0.31311044996548987,0.5764175709592279
82,24,18,6,75.0,18,6,75.0,False,False,0.0015963915477515288,0.0013174687638071413,18.203016702615134,0.0005646334334951755,0.00047684666680018897,82,0.7349313532682191,0.8163210947613763,2.1517647739989103,0.1138435943680709,0.9139709622779925,0.08602903772200754,0.6223134066410623,0.262505149547147,0.11518144381179074,0.20147131455497716,0.61415734663047,0.18437133881455292,0.14594345816262494,0.3008623945984465,0.5531941472389286
83,24,21,3,87.5,21,3,87.5,False,False,0.0015963915477515288,0.0011419949694700731,38.47887757277346,0.0005646334334951755,0.00039776949964670126,83,0.34247851998858964,0.3026088264255218,1.6041722684910946,0.32802718186671376,0.9213143679103604,0.07868563208963963,0.6251462366016578,0.20877544571464504,0.16607831768369727,0.18857935290488695,0.5259048218010931,0.28551582529402,0.03467731125686673,0.30524717602832,0.6600755127148134
84,24,0,24,0.0,0,24,0.0,False,False,0.0015963915477515288,0.0040163255035156374,-108.29427117665462,0.0005646334334951755,0.0014150924251521417,84,0.6392431273800665,0.7366327533642508,2.7510482571567865,0.0704378131719924,0.8711474112957732,0.12885258870422678,0.8108121890758021,0.05541039043428728,0.13377742048991065,0.16314136754942699,0.6545990094619534,0.18225962298861975,0.08560519501125166,0.10718101217754727,0.8072137928112011
85,24,20,4,83.33333333333333,20,4,83.33333333333333,False,False,0.0015963915477515288,0.0013754376537465074,27.946528733666653,0.0005646334334951755,0.0004805037346532279,85,0.38784740093792114,0.6302074457152362,2.833260342610993,0.2751180559502959,0.9500037564355781,0.049996243564421894,0.7139229806327118,0.058353742096741705,0.22772327727054661,0.07870413468182838,0.511585920329545,0.4097099449886265,0.17904776553802432,0.25048178365963036,0.5704704508023455
86,24,1,23,4.166666666666667,1,23,4.166666666666667,False,False,0.0015963915477515288,0.003316095130878102,-73.82522346405644,0.0005646334334951755,0.0011820846854105034,86,0.6547494807844672,0.6676939598434806,1.509140088493546,0.05938545156113697,0.8584582723001926,0.14154172769980744,0.6422756395790266,0.15818347186796652,0.19954088855300695,0.30617406829912575,0.4088684153684653,0.2849575163324089,0.05911965375104746,0.2975025628203685,0.643377783428584
87,24,20,4,83.33333333333333,20,4,83.33333333333333,False,False,0.0015963915477515288,0.0012242713814624997,33.10280751613234,0.0005646334334951755,0.00042861791375678444,87,0.4978833484296665,0.5602745618358613,2.0139048825840438,0.1998808801219094,0.8302638874482237,0.16973611255177634,0.7400181980824279,0.07972940404230114,0.180252397875271,0.28482361626648534,0.4777646114355092,0.23741177229800547,0.18475838936274844,0.3476680336833481,0.46757357695390356
88,24,21,3,87.5,21,3,87.5,False,False,0.0015963915477515288,0.0011547982530277863,37.492730578692765,0.0005646334334951755,0.0004036164515830655,88,0.3732221091388472,0.44727180282398327,2.605397716864623,0.3920968829961014,0.917991621893373,0.08200837810662698,0.5949022136481164,0.23641682962551072,0.168680956726373,0.23720527110551454,0.6042723917000709,0.15852233719441478,0.18538554773171143,0.23877213455337434,0.5758423177149141
89,24,12,12,50.0,13,11,54.166666666666664,False,False,0.0015963915477515288,0.0015538862786003138,0.8567023294482455,0.0005646334334951755,0.0005516714785915089,89,0.6122608897209474,1.1142468748314163,2.6612391655244867,0.11793083062688461,0.8122915265292361,0.18770847347076391,0.742533355186494,0.13244017537418437,0.12502646943932164,0.08223756534219075,0.7417004153985544,0.17606201925925488,0.10772798702383367,0.11433883729000285,0.7779331756861634
90,24,20,4,83.33333333333333,20,4,83.33333333333333,False,False,0.0015963915477515288,0.0013306900352863787,29.3051925330706,0.0005646334334951755,0.0004671200822175244,90,0.3383655005867275,1.1142500339252392,3.174410085776203,0.3267537747870081,0.8912722071201119,0.1087277928798881,0.6199040947646431,0.16419847291972908,0.2158974323156277,0.2675081281761848,0.4866506003819437,0.24584127144187154,0.16081914316186377,0.2097430551187039,0.6294378017194324
91,24,24,0,100.0,24,0,100.0,True,True,0.0015963915477515288,0.0008120831781031499,55.86877557909162,0.0005646334334951755,0.0002628555461715766,91,0.37543053834781925,0.3118737001011007,1.4828792238583812,0.4546070752800981,0.8618187996508881,0.13818120034911185,0.7481715644585204,0.16472395261348544,0.08710448292799419,0.14107540299025087,0.6525973052012943,0.20632729180845477,0.14975464258091975,0.17825802305947486,0.6719873343596054
92,24,24,0,100.0,24,0,100.0,True,True,0.0015963915477515288,0.0007591856144216762,59.93808578094568,0.0005646334334951755,0.0002396220430125155,92,0.44144678930720893,0.6587693972473203,2.011326080393194,0.31904863807234524,0.9420608476814596,0.05793915231854041,0.8471578907407201,0.072521837377391,0.08032027188188887,0.2451083779520824,0.49662807710414053,0.25826354494377707,0.11575523934227452,0.2942311069188761,0.5900136537388495
93,24,21,3,87.5,21,3,87.5,False,False,0.0015963915477515288,0.0011689202705586017,37.44143034403389,0.0005646334334951755,0.0004099116114131731,93,0.4666810180302783,0.8327395145864196,1.5682138563147152,0.2074193543911299,0.974185371384694,0.025814628615306034,0.6961580811936351,0.12967682187122964,0.17416509693513543,0.3254650858409103,0.5144506128274856,0.16008430133160403,0.15021041085648518,0.2919080684853566,0.5578815206581582
94,24,24,0,100.0,24,0,100.0,True,True,0.0015963915477515288,0.0010299873127192656,44.95764559578283,0.0005646334334951755,0.00035173531205882485,94,0.7144794864472322,0.9887746721294828,2.7921824906245467,0.2868770028803783,0.9162844677320279,0.08371553226797213,0.7129512680101663,0.14342613592231584,0.1436225960675179,0.11263259951385013,0.525592434755203,0.36177496573094686,0.15795392065276714,0.23295301189944093,0.609093067447792
95,24,24,0,100.0,24,0,100.0,True,True,0.0015963915477515288,0.0009315261709741182,50.99683010367454,0.0005646334334951755,0.0003097037484519294,95,0.33858254215043815,1.0944283886858832,1.4775667182527619,0.39689362416339546,0.95032156879422,0.04967843120577997,0.8161032476107434,0.05644973788946011,0.1274470144997965,0.3126142881324392,0.5053116709670322,0.18207404090052853,0.03332710561921533,0.3212363151958511,0.6454365791849335
96,24,24,0,100.0,24,0,100.0,True,True,0.0015963915477515288,0.0010057153814908347,45.58005529760558,0.0005646334334951755,0.0003444618518932743,96,0.7045218598196505,0.4155391657440587,2.2347651615612802,0.23488637517344008,0.9217453259939359,0.07825467400606412,0.6916360638597601,0.17593035391964926,0.13243358222059068,0.25796467293992126,0.5445380644365654,0.19749726262351325,0.07066166725512053,0.3498225935014667,0.5795157392434127
97,24,21,3,87.5,21,3,87.5,False,False,0.0015963915477515288,0.0011991351598689987,36.22702687729062,0.0005646334334951755,0.00041679239424982276,97,0.7175566963628537,0.6178409582250328,3.3810428830492767,0.49299790708920976,0.883102396119378,0.11689760388062198,0.6646016751914926,0.14905234615283292,0.18634597865567454,0.25046187318212015,0.5355553561735275,0.2139827706443524,0.036703076862818415,0.19890002991194095,0.7643968932252406
98,24,24,0,100.0,24,0,100.0,True,True,0.0015963915477515288,0.0009516276441661788,47.97853441922121,0.0005646334334951755,0.0003240972089848979,98,0.7370584725261184,0.8045407454244312,1.480826896433921,0.4306515245300473,0.9532098886552602,0.04679011134473976,0.6441364488378152,0.23869088020247084,0.11717267095971401,0.33437394431638734,0.4771806007737095,0.18844545490990325,0.22752930743316402,0.1708977936003368,0.6015728989664991
99,24,24,0,100.0,24,0,100.0,True,True,0.0015963915477515288,0.0006711790137646272,63.70521906634253,0.0005646334334951755,0.00020015655800687576,99,0.47479253906932445,0.27667019080293853,1.3698279961349176,0.275903201611956,0.8424400532954179,0.15755994670458207,0.8172876884549495,0.13079765266977075,0.05191465887527968,0.2513521182593258,0.5616206345060395,0.18702724723463468,0.2224367139589607,0.16657567740497595,0.6109876086360633
100,24,21,3,87.5,23,1,95.83333333333333,False,False,0.0015963915477515288,0.0010523253895567777,44.322963525326884,0.0005646334334951755,0.0003580138972644167,100,0.7148807915764113,0.9460719885759836,1.562283556590919,0.3674912788800862,0.8807482653168044,0.11925173468319561,0.7501616463563298,0.09489401548676721,0.15494433815690292,0.2528982652563619,0.5214034436144604,0.22569829112917777,0.16191116515785636,0.17046736477268276,0.6676214700694609
