timestamp,TimeUS,DesRoll,Roll,DesPitch,Pitch,DesYaw,Yaw,AEKF
1778515987.16001606,105342846,-0.00014592221123166382,0.07198009639978409,8.898103988030925e-05,0.06057000905275345,354.2610168457031,354.2610168457031,3
1778515987.25997615,105442806,-0.00014592218212783337,0.07178681343793869,8.898103260435164e-05,0.060583047568798065,354.2605895996094,354.2605895996094,3
1778515987.35993624,105542766,-0.00014592210936825722,0.07165748625993729,8.898103988030925e-05,0.06048431620001793,354.2602233886719,354.2602233886719,3
1778515987.45989609,105642726,-0.000145922094816342,0.07152996212244034,8.898103988030925e-05,0.060495175421237946,354.2599792480469,354.2599792480469,3
1778515987.55985618,105742686,-0.00014592208026442677,0.07150015234947205,8.89810107764788e-05,0.060523055493831635,354.259765625,354.259765625,3
1778515987.65981603,105842646,-0.00014592210936825722,0.07172469049692154,8.898105443222448e-05,0.06106710433959961,354.2596435546875,354.2596435546875,3
1778515987.75977612,105942606,-0.000145922094816342,0.07190144062042236,8.898103988030925e-05,0.061540309339761734,354.2591552734375,354.2591552734375,3
1778515987.85973620,106042566,-0.00014592206571251154,0.07251226902008057,8.898106898413971e-05,0.06203978508710861,354.25885009765625,354.25885009765625,3
1778515987.95969605,106142526,-0.00014592206571251154,0.07317889481782913,8.898107626009732e-05,0.06272736191749573,354.25836181640625,354.25836181640625,3
1778515988.05965614,106242486,-0.00014592203660868108,0.07403840869665146,8.898108353605494e-05,0.06346137821674347,354.25799560546875,354.25799560546875,3
1778515988.15961623,106342446,-0.00014592197840102017,0.07496624439954758,8.89810617081821e-05,0.0644923746585846,354.2577209472656,354.2577209472656,3
1778515988.25957608,106442406,-0.00014592196384910494,0.07588565349578857,8.898103988030925e-05,0.06545157730579376,354.2574768066406,354.2574768066406,3
1778515988.35953617,106542366,-0.00014592197840102017,0.07685037702322006,8.89810617081821e-05,0.06671048700809479,354.257080078125,354.257080078125,3
1778515988.45949626,106642326,-0.00014592197840102017,0.0782015472650528,8.898103988030925e-05,0.06802326440811157,354.2567443847656,354.2567443847656,3
1778515988.55945611,106742286,-0.00014592196384910494,0.07949003577232361,8.89810107764788e-05,0.06935104727745056,354.25640869140625,354.25640869140625,3
1778515988.65941620,106842246,-0.00014592192019335926,0.08105488121509552,8.898098167264834e-05,0.07074189186096191,354.2559814453125,354.2559814453125,3
1778515988.75937605,106942206,-0.00014592193474527448,0.08245068788528442,8.898103260435164e-05,0.07222357392311096,354.2556457519531,354.2556457519531,3
1778515988.85933614,107042166,-0.00014592192019335926,0.08410710841417313,8.898102532839403e-05,0.07386677712202072,354.2552795410156,354.2552795410156,3
1778515988.95929623,107142126,-0.00014592192019335926,0.08570372313261032,8.898103260435164e-05,0.07554320245981216,354.2548828125,354.2548828125,3
1778515989.05925608,107242086,-0.0001459219929529354,0.08712084591388702,8.898107626009732e-05,0.0771525576710701,354.2544250488281,354.2544250488281,3
1778515989.15921617,107342046,-0.00014592192019335926,0.08861591666936874,8.898101805243641e-05,0.07871325314044952,354.25390625,354.25390625,3
1778515989.26000905,107442839,-0.00014592192019335926,0.09015382081270218,8.89810107764788e-05,0.0803019255399704,354.2537841796875,354.2537841796875,3
1778515989.35996914,107542799,-0.00014592190564144403,0.09170664846897125,8.898100350052118e-05,0.08188922703266144,354.25360107421875,354.25360107421875,3
1778515989.45992923,107642759,-0.00014592190564144403,0.09316693991422653,8.898096712073311e-05,0.08355269581079483,354.2530822753906,354.2530822753906,3
1778515989.55988908,107742719,-0.00014592193474527448,0.09482476860284805,8.898097439669073e-05,0.08515004068613052,354.252685546875,354.252685546875,3
1778515989.65984917,107842679,-0.00014592193474527448,0.09668246656656265,8.898096712073311e-05,0.08694431930780411,354.2518615722656,354.2518615722656,3
1778515989.75980926,107942639,-0.0001459219929529354,0.09838289022445679,8.898098167264834e-05,0.08864892274141312,354.2511901855469,354.2511901855469,3
1778515989.85976911,108042599,-0.00014592203660868108,0.1004226803779602,8.898098167264834e-05,0.09030220657587051,354.2505798339844,354.2505798339844,3
1778515989.95972919,108142559,-0.00014592206571251154,0.10209773480892181,8.89809598447755e-05,0.09211491793394089,354.2498779296875,354.2498779296875,3
1778515990.05968904,108242519,-0.00014592208026442677,0.10378329455852509,8.89809598447755e-05,0.0937369093298912,354.2488708496094,354.2488708496094,3
1778515990.15964913,108342479,-0.0001459220511605963,0.1055997684597969,8.89809089130722e-05,0.0956333801150322,354.24810791015625,354.24810791015625,3
1778515990.25960922,108442439,-0.00014592200750485063,0.10741063207387924,8.898086525732651e-05,0.09738032519817352,354.2474365234375,354.2474365234375,3
1778515990.35956907,108542399,-0.0001459219929529354,0.10902824252843857,8.89808579813689e-05,0.09900994598865509,354.2468566894531,354.24688720703125,3
1778515990.45952916,108642359,-0.00014592197840102017,0.11075949668884277,8.898082887753844e-05,0.10088136047124863,354.2461853027344,354.2461853027344,3
1778515990.55948925,108742319,-0.00014592192019335926,0.11261716485023499,8.898082160158083e-05,0.10262078046798706,354.2453308105469,354.2453308105469,3
1778515990.65944910,108842279,-0.00014592187653761357,0.11459486931562424,8.898079249775037e-05,0.10431287437677383,354.2443542480469,354.24432373046875,3
1778515990.75940919,108942239,-0.00014592190564144403,0.11641672253608704,8.898076339391991e-05,0.1062576174736023,354.2434997558594,354.2434997558594,3
1778515990.85936904,109042199,-0.00014592192019335926,0.11797622591257095,8.898079249775037e-05,0.10803462564945221,354.2425842285156,354.2425842285156,3
1778515990.95932913,109142159,-0.0001459219492971897,0.11976199597120285,8.898081432562321e-05,0.10981836915016174,354.24169921875,354.24169921875,3
1778515991.05928922,109242119,-0.0001459219492971897,0.12153078615665436,8.898082160158083e-05,0.11165891587734222,354.2408752441406,354.2408752441406,3
1778515991.15924907,109342079,-0.00014592200750485063,0.12363649159669876,8.898085070541129e-05,0.11362382024526596,354.2398681640625,354.2398681640625,3
1778515991.25920916,109442039,-0.00014592197840102017,0.12561748921871185,8.898082887753844e-05,0.11540289968252182,354.2391052246094,354.2391052246094,3
1778515991.36000204,109542832,-0.00014592196384910494,0.12722624838352203,8.89808070496656e-05,0.11714626103639603,354.23809814453125,354.23809814453125,3
1778515991.45996213,109642792,-0.00014592190564144403,0.12890948355197906,8.89807561179623e-05,0.1191113293170929,354.23712158203125,354.23712158203125,3
1778515991.55992222,109742752,-0.00014592184743378311,0.1307617872953415,8.898073429008946e-05,0.12112493067979813,354.2359313964844,354.2359313964844,3
1778515991.65988207,109842712,-0.00014592187653761357,0.1326061338186264,8.898076339391991e-05,0.12307609617710114,354.2349853515625,354.2349853515625,3
1778515991.75984216,109942672,-0.0001459218910895288,0.13455051183700562,8.898077066987753e-05,0.12477588653564453,354.2340393066406,354.2340393066406,3
1778515991.85980225,110042632,-0.00014592192019335926,0.1363988220691681,8.898078522179276e-05,0.12656153738498688,354.23297119140625,354.23297119140625,3
1778515991.95976210,110142592,-0.00014592192019335926,0.1384485363960266,8.898078522179276e-05,0.12845049798488617,354.2319030761719,354.2319030761719,3
1778515992.05972219,110242552,-0.00014592184743378311,0.1401856243610382,8.898076339391991e-05,0.1300445944070816,354.2308349609375,354.2308349609375,3
1778515992.15968204,110342512,-0.00014592187653761357,0.14201809465885162,8.898073429008946e-05,0.13188177347183228,354.22967529296875,354.22967529296875,3
1778515992.25964212,110442472,-0.00014592183288186789,0.14402389526367188,8.898068335838616e-05,0.13349312543869019,354.2286376953125,354.2286376953125,3
1778515992.35960221,110542432,-0.00014592180377803743,0.14590127766132355,8.898066880647093e-05,0.13512547314167023,354.2275085449219,354.2275085449219,3
1778515992.45956206,110642392,-0.00014592180377803743,0.1476679891347885,8.898068335838616e-05,0.13692258298397064,354.2265319824219,354.226318359375,3
1778515992.55952215,110742352,-0.00014592180377803743,0.14946429431438446,8.898068335838616e-05,0.1386563926935196,354.2265319824219,354.2252197265625,3
1778515992.65948224,110842312,-0.00014592180377803743,0.1513466238975525,8.898068335838616e-05,0.14035776257514954,354.2265319824219,354.2240905761719,3
1778515992.75944209,110942272,-0.00014592180377803743,0.15313881635665894,8.898068335838616e-05,0.14203038811683655,354.2265319824219,354.22271728515625,3
1778515992.85940218,111042232,-0.00014592180377803743,0.15488365292549133,8.898068335838616e-05,0.14389601349830627,354.2265319824219,354.22161865234375,3
1778515992.95936203,111142192,-0.00014592180377803743,0.15656475722789764,8.898068335838616e-05,0.1456257849931717,354.2265319824219,354.2202453613281,3
1778515993.05932212,111242152,-0.00014592180377803743,0.15832534432411194,8.898068335838616e-05,0.14724129438400269,354.2265319824219,354.2189636230469,3
1778515993.15928221,111342112,-0.00014592180377803743,0.15986268222332,8.898068335838616e-05,0.1488761454820633,354.2265319824219,354.2176818847656,3
1778515993.25924206,111442072,-0.007724115625023842,0.16145597398281097,-0.007360325660556555,0.1504574567079544,354.2265319824219,354.2164611816406,3
1778515993.35920215,111542032,-0.05340917035937309,0.1630246490240097,-0.052308954298496246,0.15199005603790283,354.2265319824219,354.2152404785156,3
1778515993.45999503,111642825,-0.09610695391893387,0.1646094173192978,-0.09416203945875168,0.1535843461751938,354.2265930175781,354.21368408203125,3
1778515993.55995512,111742785,-0.12194707244634628,0.16614127159118652,-0.11940901726484299,0.15510503947734833,354.2266540527344,354.21270751953125,3
1778515993.65991521,111842745,-0.13807864487171173,0.16768129169940948,-0.1351930797100067,0.15650755167007446,354.2266845703125,354.2116394042969,3
1778515993.75987506,111942705,-0.14883743226528168,0.16900523006916046,-0.14540566504001617,0.15798898041248322,354.2267150878906,354.21038818359375,3
1778515993.85983515,112042665,-0.15967394411563873,0.1315857470035553,-0.15553858876228333,0.12454734742641449,354.22674560546875,354.2091369628906,3
1778515993.95979524,112142625,-0.16938476264476776,-0.026577245444059372,-0.16453829407691956,-0.02710907720029354,354.2267761230469,354.2092590332031,3
1778515994.05975509,112242585,-0.17101694643497467,-0.15443579852581024,-0.16564013063907623,-0.14725910127162933,354.2267761230469,354.2094421386719,3
1778515994.15971518,112342545,-0.14647845923900604,-0.20092551410198212,-0.14190322160720825,-0.1943311244249344,354.2267150878906,354.2093811035156,3
1778515994.25967503,112442505,-0.09606742113828659,-0.1919361799955368,-0.09426787495613098,-0.18567076325416565,354.2265930175781,354.2091064453125,3
1778515994.35963511,112542465,-0.02087266370654106,-0.1418280303478241,-0.023994173854589462,-0.1391848623752594,354.2265319824219,354.2086486816406,3
1778515994.45959520,112642425,0.0647362619638443,-0.06280907243490219,0.0558398962020874,-0.06591293960809708,354.2265625,354.2080383300781,3
1778515994.55955505,112742385,0.14762021601200104,0.031040379777550697,0.1335398405790329,0.01735335774719715,354.2267150878906,354.2079772949219,3
1778515994.65951514,112842345,0.21558351814746857,0.10780633240938187,0.1974799484014511,0.0900811105966568,354.2269287109375,354.2079162597656,3
1778515994.75947523,112942305,0.2697451710700989,0.16906331479549408,0.24633748829364777,0.14496742188930511,354.2271423339844,354.2080383300781,3
1778515994.85943508,113042265,0.3087038993835449,0.2141805738210678,0.27983343601226807,0.18760356307029724,354.2273254394531,354.2080078125,3
1778515994.95939517,113142225,0.33890050649642944,0.24974171817302704,0.30503228306770325,0.22484546899795532,354.22747802734375,354.2073974609375,3
1778515995.05935526,113242185,0.358066588640213,0.27722954750061035,0.320352166891098,0.24597735702991486,354.2275695800781,354.206787109375,3
1778515995.15931511,113342145,0.3696058392524719,0.3013545274734497,0.3302777111530304,0.2636833190917969,354.2276306152344,354.2065734863281,3
1778515995.25927520,113442105,0.3727039694786072,0.30550259351730347,0.33348000049591064,0.2717788815498352,354.2276611328125,354.2067565917969,3
1778515995.35923505,113542065,0.3696500062942505,0.3127036392688751,0.33314117789268494,0.27649375796318054,354.2276611328125,354.2073974609375,3
1778515995.46002817,113642858,0.3592308461666107,0.3106042742729187,0.3271906077861786,0.2785327732563019,354.2276306152344,354.207763671875,3
1778515995.55998826,113742818,0.3494662344455719,0.3033617436885834,0.32023000717163086,0.26951315999031067,354.2275695800781,354.2076721191406,3
1778515995.65994811,113842778,0.3357996344566345,0.2949749529361725,0.3111822307109833,0.26497700810432434,352.5586242675781,352.5409240722656,3
1778515995.75990820,113942738,0.32014599442481995,0.28244543075561523,0.3060489594936371,0.265799343585968,352.55859375,352.5380859375,3
1778515995.85986805,114042698,0.3026215434074402,0.26720181107521057,0.29710620641708374,0.2633250653743744,352.55853271484375,352.5339660644531,3
1778515995.95982814,114142658,0.28777167201042175,0.25384417176246643,0.28590822219848633,0.2557525038719177,352.5584716796875,352.5402526855469,3
1778515996.05978823,114242618,0.27429938316345215,0.2432892769575119,0.27172285318374634,0.24250569939613342,352.55841064453125,352.5518798828125,3
1778515996.15974808,114342578,0.2635301649570465,0.236069917678833,0.2616381347179413,0.23342226445674896,352.558349609375,352.5626220703125,3
1778515996.25970817,114442538,0.2514035999774933,0.22899013757705688,0.2526842951774597,0.22612564265727997,352.5583190917969,352.56982421875,3
1778515996.35966825,114542498,0.23980067670345306,0.22146743535995483,0.24835556745529175,0.21752309799194336,352.55828857421875,352.57427978515625,3
1778515996.45962811,114642458,0.22755390405654907,0.2193215936422348,0.2473486214876175,0.21964296698570251,352.55828857421875,352.57537841796875,3
1778515996.55958819,114742418,0.21803458034992218,0.20908842980861664,0.25147053599357605,0.2201276570558548,352.5583190917969,352.5775146484375,3
1778515996.65954804,114842378,0.20872162282466888,0.1936764121055603,0.25587576627731323,0.2259366661310196,352.558349609375,352.575927734375,3
1778515996.75950813,114942338,0.20318521559238434,0.1819135546684265,0.26236701011657715,0.23599576950073242,352.5583801269531,352.5750732421875,3
1778515996.85946822,115042298,0.20063817501068115,0.1784839779138565,0.2673526108264923,0.2413886934518814,352.5583801269531,352.5722961425781,3
1778515996.95942807,115142258,0.20346425473690033,0.18365493416786194,0.2724577784538269,0.24453330039978027,352.55841064453125,352.57196044921875,3
1778515997.05938816,115242218,0.20696796476840973,0.1879800707101822,0.27560925483703613,0.24928142130374908,352.55841064453125,352.572509765625,3
1778515997.15934825,115342178,0.21302227675914764,0.19195671379566193,0.2794412672519684,0.2612361013889313,352.5584411621094,352.57421875,3
1778515997.25930810,115442138,0.21887323260307312,0.2033701390028,0.2808432877063751,0.2738029658794403,352.5584411621094,352.5757751464844,3
1778515997.35926819,115542098,0.22551381587982178,0.21142946183681488,0.27973970770835876,0.2741844654083252,352.5584411621094,352.577880859375,3
1778515997.45922804,115642058,0.2304922640323639,0.212290421128273,0.2751070261001587,0.27537164092063904,352.55841064453125,352.57525634765625,3
1778515997.56002116,115742851,0.23567664623260498,0.2170332372188568,0.27082738280296326,0.278975248336792,352.5583801269531,352.5713195800781,3
1778515997.65998125,115842811,0.23967820405960083,0.21655885875225067,0.2635820806026459,0.27618294954299927,352.558349609375,352.5666809082031,3
1778515997.75994110,115942771,0.24489066004753113,0.21480105817317963,0.2557455599308014,0.26513853669166565,352.5583190917969,352.5648498535156,3
1778515997.85990119,116042731,0.248867928981781,0.21369218826293945,0.24462291598320007,0.256996750831604,352.5582580566406,352.5641784667969,3
1778515997.95986104,116142691,0.25433918833732605,0.2223987877368927,0.23545320332050323,0.24339242279529572,352.5582275390625,352.565185546875,3
1778515998.05982113,116242651,0.2575288414955139,0.23578022420406342,0.225681334733963,0.22610771656036377,352.55816650390625,352.5655517578125,3
1778515998.15978122,116342611,0.25921374559402466,0.24412332475185394,0.21730895340442657,0.2106448858976364,352.55810546875,352.56610107421875,3
1778515998.25974107,116442571,0.25671136379241943,0.24382813274860382,0.2070622742176056,0.1998451203107834,352.55804443359375,352.5652160644531,3
1778515998.35970116,116542531,0.25389352440834045,0.24322420358657837,0.195488840341568,0.18778745830059052,352.5579833984375,352.5637512207031,3
1778515998.45966125,116642491,0.24840377271175385,0.24098843336105347,0.1809803992509842,0.16998611390590668,352.55792236328125,352.5604248046875,3
1778515998.55962110,116742451,0.24291346967220306,0.23818300664424896,0.16740910708904266,0.15481306612491608,352.5578308105469,352.5550842285156,3
1778515998.65958118,116842411,0.2364564687013626,0.23418913781642914,0.15539059042930603,0.1429971158504486,352.55780029296875,352.5516357421875,3
1778515998.75954103,116942371,0.23039460182189941,0.2265586405992508,0.14688941836357117,0.1322678029537201,352.5577697753906,352.553466796875,3
1778515998.85950112,117042331,0.22441959381103516,0.21984469890594482,0.14122721552848816,0.12469835579395294,352.5577392578125,352.5558166503906,3
1778515998.95946121,117142291,0.21947789192199707,0.21481922268867493,0.1369692087173462,0.1209651529788971,352.5577392578125,352.55816650390625,3
1778515999.05942106,117242251,0.21614821255207062,0.2114308923482895,0.13400137424468994,0.11867019534111023,352.5577087402344,352.558837890625,3
1778515999.15938115,117342211,0.21369291841983795,0.2091563194990158,0.1318230926990509,0.1169189065694809,352.5577087402344,352.55877685546875,3
1778515999.25934124,117442171,0.21184585988521576,0.20906488597393036,0.1301875114440918,0.11622940003871918,352.5577087402344,352.5570983886719,3
1778515999.35930109,117542131,0.20998096466064453,0.2072296291589737,0.1292356252670288,0.11506886780261993,352.5577087402344,352.5551452636719,3
1778515999.45926118,117642091,0.20587439835071564,0.20328983664512634,0.13008570671081543,0.11875666677951813,352.5577087402344,352.5530090332031,3
1778515999.55922103,117742051,0.19884519279003143,0.19489255547523499,0.13193243741989136,0.12307611852884293,352.5577087402344,352.5513000488281,3
1778515999.66001415,117842844,0.1906047761440277,0.1874871551990509,0.1327047199010849,0.1250503659248352,352.55767822265625,352.5500793457031,3
1778515999.75997424,117942804,0.18323583900928497,0.17884601652622223,0.13271112740039825,0.12884846329689026,352.55767822265625,352.550048828125,3
1778515999.85993409,118042764,0.17684713006019592,0.17264513671398163,0.1321045607328415,0.1271803379058838,352.55767822265625,352.5506286621094,3
1778515999.95989418,118142724,0.17226944863796234,0.16896384954452515,0.13204334676265717,0.12853699922561646,352.55767822265625,352.55084228515625,3
1778516000.05985403,118242684,0.16896435618400574,0.16606293618679047,0.1330777257680893,0.13129979372024536,352.5576477050781,352.5506591796875,3
1778516000.15981412,118342644,0.1658908873796463,0.15715382993221283,0.13480795919895172,0.13022087514400482,352.5576477050781,352.5506591796875,3
1778516000.25977421,118442604,0.16160358488559723,0.15367279946804047,0.1374247968196869,0.13178060948848724,352.5576477050781,352.5509033203125,3
1778516000.35973406,118542564,0.15790297091007233,0.14686179161071777,0.1425827443599701,0.13108526170253754,352.5576477050781,352.5511169433594,3
1778516000.45969415,118642524,0.1548088639974594,0.14045865833759308,0.14767751097679138,0.14282993972301483,352.55767822265625,352.5507507324219,3
1778516000.55965424,118742484,0.15283460915088654,0.13733550906181335,0.1501631885766983,0.1469053477048874,352.55767822265625,352.551025390625,3
1778516000.65961409,118842444,0.15211714804172516,0.13694138824939728,0.15106648206710815,0.14646166563034058,352.55767822265625,352.55120849609375,3
1778516000.75957417,118942404,0.15021772682666779,0.13847778737545013,0.15601004660129547,0.14333754777908325,352.55767822265625,352.55169677734375,3
1778516000.85953403,119042364,0.14680486917495728,0.14130009710788727,0.16376739740371704,0.15072621405124664,352.55767822265625,352.55169677734375,3
1778516000.95949411,119142324,0.14430323243141174,0.1455911099910736,0.17165470123291016,0.16162876784801483,352.55767822265625,352.551025390625,3
1778516001.05945420,119242284,0.14282339811325073,0.14821170270442963,0.17749466001987457,0.17478789389133453,352.55767822265625,352.5505676269531,3
1778516001.15941405,119342244,0.14216090738773346,0.1476302146911621,0.18096764385700226,0.1846567988395691,352.55767822265625,352.55078125,3
1778516001.25937414,119442204,0.14219269156455994,0.14404985308647156,0.18228039145469666,0.19492730498313904,352.55767822265625,352.5511474609375,3
1778516001.35933423,119542164,0.1439228504896164,0.14993800222873688,0.18141110241413116,0.1886163204908371,352.55767822265625,352.5514221191406,3
1778516001.45929408,119642124,0.14456315338611603,0.15542706847190857,0.18109145760536194,0.18189123272895813,352.55767822265625,352.551513671875,3
1778516001.55925417,119742084,0.14612145721912384,0.16111116111278534,0.18099205195903778,0.18395940959453583,352.5577087402344,352.55181884765625,3
1778516001.65921426,119842044,0.15108829736709595,0.1595546305179596,0.18014122545719147,0.18287742137908936,352.5577087402344,352.55194091796875,3
1778516001.76000714,119942837,0.15778183937072754,0.1599249243736267,0.17916038632392883,0.17962387204170227,352.5577087402344,352.5520935058594,3
1778516001.85996723,120042797,0.1636842042207718,0.16226543486118317,0.17790456116199493,0.17714923620224,352.5577087402344,352.5520935058594,3
1778516001.95992708,120142757,0.16831380128860474,0.1625843644142151,0.17691044509410858,0.17412309348583221,352.5577392578125,352.55224609375,3
1778516002.05988717,120242717,0.17206503450870514,0.16057635843753815,0.17576947808265686,0.16980378329753876,352.5577392578125,352.5521240234375,3
1778516002.15984726,120342677,0.17683151364326477,0.1680673062801361,0.17510518431663513,0.17191435396671295,352.5577392578125,352.5527038574219,3
1778516002.25980711,120442637,0.18070335686206818,0.17174889147281647,0.17431457340717316,0.17215442657470703,352.5577392578125,352.5528869628906,3
1778516002.35976720,120542597,0.18365967273712158,0.16721290349960327,0.17379529774188995,0.17147472500801086,352.5577392578125,352.5537414550781,3
1778516002.45972705,120642557,0.1866902858018875,0.16847850382328033,0.17326219379901886,0.17069865763187408,352.5577392578125,352.55450439453125,3
1778516002.55968714,120742517,0.19209575653076172,0.17872807383537292,0.17370574176311493,0.17184129357337952,352.5577697753906,352.5525817871094,3
1778516002.65964723,120842477,0.19637972116470337,0.18643833696842194,0.17401927709579468,0.17143665254116058,352.5577697753906,352.5490417480469,3
1778516002.75960708,120942437,0.19914476573467255,0.19151383638381958,0.17455032467842102,0.16887174546718597,352.5577697753906,352.5483703613281,3
1778516002.85956717,121042397,0.20079226791858673,0.1899390071630478,0.17523391544818878,0.16073903441429138,352.5577697753906,352.5497741699219,3
1778516002.95952725,121142357,0.20323678851127625,0.19312824308872223,0.17843501269817352,0.16334372758865356,352.5577697753906,352.55218505859375,3
1778516003.05948710,121242317,0.20537018775939941,0.18970134854316711,0.18189384043216705,0.17147450149059296,352.55780029296875,352.55377197265625,3
1778516003.15944719,121342277,0.20808808505535126,0.19331789016723633,0.1862224042415619,0.17793689668178558,352.55780029296875,352.5555114746094,3
1778516003.25940704,121442237,0.2104521244764328,0.1946120411157608,0.18947118520736694,0.18236204981803894,352.55780029296875,352.5561218261719,3
1778516003.35936713,121542197,0.21633268892765045,0.19869039952754974,0.1934986412525177,0.18171370029449463,352.5578308105469,352.5567626953125,3
1778516003.45932722,121642157,0.2228100299835205,0.2098551243543625,0.19671674072742462,0.18678119778633118,352.557861328125,352.556640625,3
1778516003.55928707,121742117,0.22984236478805542,0.21283859014511108,0.20366474986076355,0.19980648159980774,352.557861328125,352.5563049316406,3
1778516003.65924716,121842077,0.23505249619483948,0.21518132090568542,0.2108851671218872,0.21556925773620605,352.5578918457031,352.5565185546875,3
1778516003.75920725,121942037,0.24069267511367798,0.2245531529188156,0.2184627503156662,0.22305822372436523,352.55792236328125,352.55718994140625,3
1778516003.86000013,122042830,0.24478401243686676,0.23402118682861328,0.22355271875858307,0.22691191732883453,352.5579528808594,352.5574035644531,3
1778516003.95996022,122142790,0.25010964274406433,0.24542236328125,0.22930766642093658,0.22671765089035034,352.5579528808594,352.5567321777344,3
1778516004.05992007,122242750,0.25368109345436096,0.25507888197898865,0.233642116189003,0.2299358993768692,352.5579833984375,352.555419921875,3
1778516004.15988016,122342710,0.2555297613143921,0.26233190298080444,0.23697593808174133,0.23280666768550873,352.5579833984375,352.55584716796875,3
1778516004.25984025,122442670,0.2547016739845276,0.2620027959346771,0.2384728342294693,0.23470351099967957,352.5579833984375,352.5556640625,3
1778516004.35980010,122542630,0.2525418996810913,0.25862371921539307,0.2414666712284088,0.23252606391906738,352.5579833984375,352.5533752441406,3
1778516004.45976019,122642590,0.24968697130680084,0.25332725048065186,0.24663448333740234,0.23689298331737518,352.5580139160156,352.55133056640625,3
1778516004.55972004,122742550,0.24929353594779968,0.24877583980560303,0.2548031806945801,0.2443722039461136,352.5580749511719,352.5516357421875,3
1778516004.65968013,122842510,0.2503248155117035,0.24887020885944366,0.2612607479095459,0.24865390360355377,352.55810546875,352.5530700683594,3
1778516004.75964022,122942470,0.25478607416152954,0.2521282434463501,0.2671535313129425,0.25448843836784363,352.55810546875,352.5559997558594,3
1778516004.85960007,123042430,0.25999295711517334,0.2573334872722626,0.2709692120552063,0.26172319054603577,352.5581359863281,352.5583190917969,3
1778516004.95956016,123142390,0.26649588346481323,0.25921303033828735,0.2729574143886566,0.2668626606464386,352.55816650390625,352.5580139160156,3
1778516005.05952024,123242350,0.2720508873462677,0.26399266719818115,0.27128055691719055,0.27085891366004944,352.55816650390625,352.5562438964844,3
1778516005.15948009,123342310,0.2771807014942169,0.2674306631088257,0.2673563063144684,0.2617780864238739,352.5581359863281,352.5567932128906,3
1778516005.25944018,123442270,0.2796773910522461,0.2684285640716553,0.26126664876937866,0.2533436417579651,352.5580749511719,352.557861328125,3
1778516005.35940003,123542230,0.28058838844299316,0.26798215508461,0.2555793523788452,0.24503865838050842,352.55804443359375,352.5572204589844,3
1778516005.45936012,123642190,0.27998074889183044,0.26882636547088623,0.25055158138275146,0.2377299964427948,352.55804443359375,352.554443359375,3
1778516005.55932021,123742150,0.2781883478164673,0.26644662022590637,0.24788811802864075,0.23291493952274323,352.55804443359375,352.5537109375,3
1778516005.65928006,123842110,0.2745126485824585,0.26560357213020325,0.24801380932331085,0.23111648857593536,352.5580139160156,352.5537414550781,3
1778516005.75924015,123942070,0.2698357105255127,0.2635912001132965,0.25447529554367065,0.237376406788826,352.55804443359375,352.554931640625,3
1778516005.85920024,124042030,0.2628825306892395,0.25571054220199585,0.2625539302825928,0.24714793264865875,352.55810546875,352.5552673339844,3
1778516005.95999312,124142823,0.2564203143119812,0.2467818409204483,0.2729717791080475,0.2519882321357727,352.5581359863281,352.5554504394531,3
1778516006.05995321,124242783,0.24795912206172943,0.23627695441246033,0.2804499566555023,0.256182998418808,352.55816650390625,352.5538024902344,3
1778516006.15991306,124342743,0.24137695133686066,0.22259986400604248,0.289110004901886,0.26090335845947266,352.5581970214844,352.5535583496094,3
1778516006.25987315,124442703,0.23560266196727753,0.21146409213542938,0.2944227159023285,0.26782459020614624,352.5582275390625,352.5541687011719,3
1778516006.35983324,124542663,0.23228543996810913,0.21335388720035553,0.29852890968322754,0.27302929759025574,352.5582580566406,352.5560607910156,3
1778516006.45979309,124642623,0.22939401865005493,0.21699613332748413,0.2976789176464081,0.2774076461791992,352.5582580566406,352.5582580566406,3
1778516006.55975318,124742583,0.22710148990154266,0.21728795766830444,0.2948806583881378,0.2802393436431885,352.5582275390625,352.55859375,3
1778516006.65971303,124842543,0.22385108470916748,0.21400386095046997,0.2887968122959137,0.28250882029533386,352.5582275390625,352.5567626953125,3
1778516006.75967312,124942503,0.2218179702758789,0.21282978355884552,0.2821691632270813,0.2821606397628784,352.5581970214844,352.55401611328125,3
1778516006.85963321,125042463,0.21858996152877808,0.2082860767841339,0.2725067734718323,0.2756476402282715,352.55816650390625,352.55316162109375,3
1778516006.95959306,125142423,0.21724700927734375,0.20284247398376465,0.26373031735420227,0.2624414265155792,352.5581359863281,352.55743408203125,3
1778516007.05955315,125242383,0.21617871522903442,0.20571088790893555,0.2532433271408081,0.24677202105522156,352.55810546875,352.56121826171875,3
1778516007.15951324,125342343,0.21632222831249237,0.20812392234802246,0.2450052797794342,0.23371921479701996,352.5580749511719,352.56219482421875,3
1778516007.25947309,125442303,0.21564465761184692,0.20632405579090118,0.2366006225347519,0.22812281548976898,352.55804443359375,352.559814453125,3
1778516007.35943317,125542263,0.2152801752090454,0.20675893127918243,0.23031269013881683,0.22341080009937286,352.55804443359375,352.55584716796875,3
1778516007.45939302,125642223,0.21383915841579437,0.20109139382839203,0.22385405004024506,0.21780039370059967,352.5580139160156,352.55401611328125,3
1778516007.55935311,125742183,0.21388937532901764,0.19499613344669342,0.21894726157188416,0.21116483211517334,352.5580139160156,352.5569763183594,3
1778516007.65931320,125842143,0.21466794610023499,0.19660785794258118,0.21443341672420502,0.20359139144420624,352.5580139160156,352.56024169921875,3
1778516007.75927305,125942103,0.21740871667861938,0.204731747508049,0.21173152327537537,0.1970757395029068,352.5580139160156,352.5632629394531,3
1778516007.85923314,126042063,0.2185969054698944,0.20776645839214325,0.20970869064331055,0.19185175001621246,352.5580139160156,352.5634460449219,3
1778516007.96002603,126142856,0.21853935718536377,0.2095356434583664,0.20862644910812378,0.18700088560581207,352.5580139160156,352.56414794921875,3
1778516008.05998611,126242816,0.21706297993659973,0.20897552371025085,0.20792852342128754,0.1831638365983963,352.5579833984375,352.5639343261719,3
1778516008.15994620,126342776,0.21552054584026337,0.20914873480796814,0.20726028084754944,0.18035666644573212,352.5579833984375,352.56158447265625,3
1778516008.25990605,126442736,0.21261531114578247,0.2071002870798111,0.2041115015745163,0.182876855134964,352.5579833984375,352.55712890625,3
1778516008.35986614,126542696,0.21098484098911285,0.20614008605480194,0.19873224198818207,0.1868448406457901,352.5579833984375,352.5538635253906,3
1778516008.45982623,126642656,0.20874863862991333,0.20964330434799194,0.18752676248550415,0.181666761636734,352.55792236328125,352.55487060546875,3
1778516008.55978608,126742616,0.20799213647842407,0.20708419382572174,0.17550897598266602,0.17444808781147003,352.557861328125,352.5576171875,3
1778516008.65974617,126842576,0.20564445853233337,0.20266446471214294,0.16123291850090027,0.16243822872638702,352.55780029296875,352.5574035644531,3
1778516008.75970626,126942536,0.20480690896511078,0.20075951516628265,0.14991812407970428,0.1519804298877716,352.5577392578125,352.5548400878906,3
1778516008.85966611,127042496,0.2025732547044754,0.19526293873786926,0.1383780837059021,0.14258594810962677,352.55767822265625,352.5508117675781,3
1778516008.95962620,127142456,0.20151808857917786,0.18723249435424805,0.13056451082229614,0.13375146687030792,352.55767822265625,352.55047607421875,3
1778516009.05958605,127242416,0.2013305276632309,0.18249572813510895,0.12457858771085739,0.12179212272167206,352.5576477050781,352.5531921386719,3
1778516009.15954614,127342376,0.2046286016702652,0.18821868300437927,0.12302126735448837,0.10827337205410004,352.55767822265625,352.55426025390625,3
1778516009.25950623,127442336,0.20710591971874237,0.19917461276054382,0.12455504387617111,0.10019877552986145,352.55767822265625,352.55279541015625,3
1778516009.35946608,127542296,0.20874491333961487,0.2081766575574875,0.1321849375963211,0.11165185272693634,352.55767822265625,352.55224609375,3
1778516009.45942616,127642256,0.20602338016033173,0.20370806753635406,0.1400146782398224,0.1258411556482315,352.5577392578125,352.5502014160156,3
1778516009.55938625,127742216,0.20318463444709778,0.1978229135274887,0.1470407098531723,0.13515840470790863,352.5577392578125,352.5464782714844,3
1778516009.65934610,127842176,0.20145781338214874,0.19514858722686768,0.14946001768112183,0.1427045613527298,352.5577392578125,352.5453796386719,3
1778516009.75930619,127942136,0.20139051973819733,0.1907351315021515,0.15009349584579468,0.14922770857810974,352.5577392578125,352.5480041503906,3
1778516009.85926604,128042096,0.20001552999019623,0.18667836487293243,0.1483619064092636,0.1488206535577774,352.5577392578125,352.5532531738281,3
1778516009.95922613,128142056,0.19847868382930756,0.18688179552555084,0.14554764330387115,0.13926273584365845,352.5577392578125,352.55548095703125,3
1778516010.06001925,128242849,0.19684675335884094,0.18938744068145752,0.1426001936197281,0.13176724314689636,352.5577392578125,352.5539245605469,3
1778516010.15997910,128342809,0.1957598775625229,0.1877037137746811,0.14106234908103943,0.12806183099746704,352.5577392578125,352.5494384765625,3
1778516010.25993919,128442769,0.19597095251083374,0.18762649595737457,0.14154376089572906,0.1313694417476654,352.5577392578125,352.5439758300781,3
1778516010.35989904,128542729,0.19598256051540375,0.186747208237648,0.14157021045684814,0.1373826116323471,352.5577392578125,352.54254150390625,3
1778516010.45985913,128642689,0.19598256051540375,0.18623238801956177,0.14157021045684814,0.13933929800987244,352.5577392578125,352.54559326171875,3
1778516010.55981922,128742649,0.19598256051540375,0.18527249991893768,0.14157021045684814,0.14397664368152618,352.5577392578125,352.5495910644531,3
1778516010.65977907,128842609,0.19598256051540375,0.17984171211719513,0.14157021045684814,0.1499687135219574,352.5577392578125,352.5500183105469,3
1778516010.75973916,128942569,0.19598256051540375,0.18053442239761353,0.14157021045684814,0.1546098291873932,352.5577392578125,352.54779052734375,3
1778516010.85969925,129042529,0.19598256051540375,0.18311697244644165,0.14157021045684814,0.15713153779506683,352.5577392578125,352.5443115234375,3
1778516010.95965910,129142489,0.19598256051540375,0.1871204376220703,0.14157021045684814,0.15283358097076416,352.5577392578125,352.5434875488281,3
1778516011.05961919,129242449,0.19354857504367828,0.19049732387065887,0.14164607226848602,0.14959554374217987,352.5577392578125,352.54669189453125,3
1778516011.15957904,129342409,0.18880103528499603,0.18316133320331573,0.14452718198299408,0.14730438590049744,352.5577392578125,352.5514831542969,3
1778516011.25953913,129442369,0.18342098593711853,0.1775110512971878,0.14705395698547363,0.1470872461795807,352.5577392578125,352.552734375,3
1778516011.35949922,129542329,0.17934073507785797,0.16857154667377472,0.14866863191127777,0.14646437764167786,352.5577087402344,352.5504150390625,3
1778516011.45945907,129642289,0.1774669885635376,0.16612938046455383,0.1497756689786911,0.14619825780391693,352.5577087402344,352.5460205078125,3
1778516011.55941916,129742249,0.17792686820030212,0.16761745512485504,0.1514369249343872,0.14753246307373047,352.5577392578125,352.5428771972656,3
1778516011.65937924,129842209,0.1780690848827362,0.16917602717876434,0.1521788090467453,0.14673356711864471,352.5577392578125,352.5447692871094,3
1778516011.75933909,129942169,0.1775536984205246,0.17035289108753204,0.15207484364509583,0.14652127027511597,352.5577392578125,352.54962158203125,3
1778516011.85929918,130042129,0.17374342679977417,0.1622876226902008,0.15191884338855743,0.1396765410900116,352.5577087402344,352.5527038574219,3
1778516011.95925903,130142089,0.16704502701759338,0.15645384788513184,0.15316304564476013,0.13086555898189545,352.5577087402344,352.55181884765625,3
1778516012.05921912,130242049,0.15675775706768036,0.14768508076667786,0.15480190515518188,0.13799713551998138,352.5577087402344,352.5486755371094,3
1778516012.16001225,130342842,0.14707855880260468,0.13685329258441925,0.15706051886081696,0.14383049309253693,352.55767822265625,352.54449462890625,3
1778516012.25997210,130442802,0.13751141726970673,0.13562847673892975,0.15742403268814087,0.14803622663021088,352.55767822265625,352.54345703125,3
1778516012.35993218,130542762,0.12989820539951324,0.1326507031917572,0.1569664031267166,0.15025995671749115,352.55767822265625,352.546142578125,3
1778516012.45989203,130642722,0.12176964432001114,0.12310077250003815,0.15492482483386993,0.14698252081871033,352.5576477050781,352.5511474609375,3
1778516012.55985212,130742682,0.11613961309194565,0.11254628002643585,0.15360376238822937,0.15196634829044342,352.5576477050781,352.5542297363281,3
1778516012.65981221,130842642,0.11293566226959229,0.10326381772756577,0.15220750868320465,0.1579643040895462,352.5576477050781,352.5538635253906,3
1778516012.75977206,130942602,0.11261996626853943,0.10068583488464355,0.15063339471817017,0.16213320195674896,352.5576477050781,352.5512390136719,3
1778516012.85973215,131042562,0.11354655027389526,0.10359984636306763,0.14777182042598724,0.1558569371700287,352.5576477050781,352.5475769042969,3
1778516012.95969224,131142522,0.11675819754600525,0.107931949198246,0.14311760663986206,0.14660175144672394,352.5576477050781,352.5477600097656,3
1778516013.05965209,131242482,0.11793775111436844,0.11031973361968994,0.1387930065393448,0.1397290676832199,352.5576477050781,352.55218505859375,3
1778516013.15961218,131342442,0.1179860308766365,0.11031150072813034,0.13537943363189697,0.12797591090202332,352.5576171875,352.55584716796875,3
1778516013.25957203,131442402,0.11808639019727707,0.10784965753555298,0.13414990901947021,0.11793211847543716,352.5576171875,352.5563659667969,3
1778516013.35953212,131542362,0.11895247548818588,0.10997408628463745,0.13547630608081818,0.11129206418991089,352.5576171875,352.55499267578125,3
1778516013.45949221,131642322,0.11958032846450806,0.10944661498069763,0.1377931833267212,0.119078628718853,352.5576477050781,352.5522766113281,3
1778516013.55945206,131742282,0.12098032236099243,0.11025168001651764,0.1415146142244339,0.1279919445514679,352.5576477050781,352.5487365722656,3
1778516013.65941215,131842242,0.12294066697359085,0.1130465492606163,0.14569248259067535,0.13406071066856384,352.5576477050781,352.5481872558594,3
1778516013.75937223,131942202,0.1261114627122879,0.11527537554502487,0.15264827013015747,0.14341309666633606,352.5576477050781,352.5522766113281,3
1778516013.85933208,132042162,0.12862709164619446,0.1165289431810379,0.1585380882024765,0.1537543088197708,352.55767822265625,352.5577392578125,3
1778516013.95929217,132142122,0.13140983879566193,0.11879509687423706,0.16535831987857819,0.1628679633140564,352.55767822265625,352.5598449707031,3
1778516014.05925226,132242082,0.13329879939556122,0.12287911027669907,0.17035402357578278,0.17034415900707245,352.55767822265625,352.55865478515625,3
1778516014.15921211,132342042,0.13509730994701385,0.12367240339517593,0.17353908717632294,0.1761876791715622,352.5577087402344,352.5558166503906,3
1778516014.26000524,132442835,0.13685563206672668,0.12868033349514008,0.174739271402359,0.17710568010807037,352.5577087402344,352.5538024902344,3
1778516014.35996509,132542795,0.13748225569725037,0.12746211886405945,0.174495667219162,0.1736546903848648,352.5577087402344,352.5556945800781,3
1778516014.45992517,132642755,0.13756026327610016,0.1257401704788208,0.1740347295999527,0.16568021476268768,352.5577087402344,352.5570373535156,3
1778516014.55988503,132742715,0.14067794382572174,0.12985453009605408,0.17235779762268066,0.16209907829761505,352.5577087402344,352.555908203125,3
1778516014.65984511,132842675,0.14308659732341766,0.13289369642734528,0.16849792003631592,0.15926425158977509,352.5577087402344,352.55242919921875,3
1778516014.75980520,132942635,0.14440426230430603,0.13496297597885132,0.1662502884864807,0.1579638570547104,352.5577087402344,352.5484619140625,3
1778516014.85976505,133042595,0.14546018838882446,0.12758232653141022,0.1660020351409912,0.15898717939853668,352.5577087402344,352.54791259765625,3
1778516014.95972514,133142555,0.14688782393932343,0.12119713425636292,0.16564133763313293,0.15918850898742676,352.5577087402344,352.5518493652344,3
1778516015.05968523,133242515,0.1475691944360733,0.12622720003128052,0.16526582837104797,0.1644110381603241,352.5577087402344,352.5564270019531,3
1778516015.15964508,133342475,0.14794707298278809,0.1320752203464508,0.164781853556633,0.17033728957176208,352.5577087402344,352.55792236328125,3
1778516015.25960517,133442435,0.14870989322662354,0.13524192571640015,0.1626010239124298,0.17522093653678894,352.5577087402344,352.55621337890625,3
1778516015.35956526,133542395,0.1525135040283203,0.1442914754152298,0.1573171317577362,0.16623744368553162,352.5577087402344,352.5544738769531,3
1778516015.45952511,133642355,0.15496520698070526,0.14970386028289795,0.15015745162963867,0.1553613394498825,352.5577087402344,352.5535583496094,3
1778516015.55948520,133742315,0.15488171577453613,0.1500803530216217,0.1450156271457672,0.14648406207561493,352.55767822265625,352.5549011230469,3
1778516015.65944505,133842275,0.15330567955970764,0.15329311788082123,0.14171452820301056,0.1405358910560608,352.55767822265625,352.55572509765625,3
1778516015.75940514,133942235,0.15121077001094818,0.15129289031028748,0.13996024429798126,0.1358257383108139,352.55767822265625,352.5564880371094,3
1778516015.85936522,134042195,0.1501815915107727,0.15038815140724182,0.14068765938282013,0.13353250920772552,352.55767822265625,352.5564270019531,3
1778516015.95932508,134142155,0.1498182862997055,0.14953939616680145,0.1411060243844986,0.1287631392478943,352.55767822265625,352.5567626953125,3
1778516016.05928516,134242115,0.149723082780838,0.14755432307720184,0.14135630428791046,0.12593527138233185,352.55767822265625,352.5565490722656,3
1778516016.15924525,134342075,0.1496269255876541,0.143082857131958,0.14887502789497375,0.1296648234128952,352.55767822265625,352.5563049316406,3
1778516016.25920510,134442035,0.14854001998901367,0.14038103818893433,0.157644122838974,0.14102795720100403,352.5577087402344,352.5554504394531,3
1778516016.35999823,134542828,0.1483963131904602,0.13829758763313293,0.16484464704990387,0.15710386633872986,352.5577087402344,352.5545654296875,3
1778516016.45995808,134642788,0.14853468537330627,0.1356552690267563,0.16877777874469757,0.16662023961544037,352.5577087402344,352.5534973144531,3
1778516016.55991817,134742748,0.14865541458129883,0.13261933624744415,0.17005272209644318,0.1743929088115692,352.5577087402344,352.5522155761719,3
1778516016.65987825,134842708,0.14892825484275818,0.13529838621616364,0.16821858286857605,0.17369364202022552,352.5577087402344,352.551513671875,3
1778516016.75983810,134942668,0.1517312228679657,0.1443086713552475,0.16497467458248138,0.16366606950759888,352.5577087402344,352.5518798828125,3
1778516016.85979819,135042628,0.15515628457069397,0.1522030383348465,0.1613568514585495,0.15434716641902924,352.5577087402344,352.5518798828125,3
1778516016.95975804,135142588,0.1588931381702423,0.15762192010879517,0.15943187475204468,0.14436770975589752,352.5577087402344,352.55126953125,3
1778516017.05971813,135242548,0.16269519925117493,0.1608143299818039,0.1583995372056961,0.1435086727142334,352.5577087402344,352.5504150390625,3
1778516017.15967822,135342508,0.16453631222248077,0.16111694276332855,0.15762871503829956,0.1428474634885788,352.5577087402344,352.5501403808594,3
1778516017.25963807,135442468,0.1656702309846878,0.1611824929714203,0.15747787058353424,0.1458314210176468,352.5577087402344,352.5498962402344,3
1778516017.35959816,135542428,0.1660439372062683,0.16117964684963226,0.15681646764278412,0.1446162462234497,352.5577087402344,352.5496520996094,3
1778516017.45955825,135642388,0.1640341430902481,0.16172859072685242,0.1539163738489151,0.1486806422472,352.5577087402344,352.5489501953125,3
1778516017.55951810,135742348,0.16032740473747253,0.15669870376586914,0.14935164153575897,0.1420322060585022,352.5577087402344,352.5490417480469,3
1778516017.65947819,135842308,0.1559136062860489,0.146969273686409,0.14421021938323975,0.1323874294757843,352.55767822265625,352.5491027832031,3
1778516017.75943804,135942268,0.15234531462192535,0.1368405967950821,0.14033757150173187,0.1230519488453865,352.55767822265625,352.54931640625,3
1778516017.85939813,136042228,0.1505529135465622,0.1347101330757141,0.1385875791311264,0.12094775587320328,352.55767822265625,352.5491943359375,3
1778516017.95935822,136142188,0.14974446594715118,0.1366293728351593,0.13842327892780304,0.12704138457775116,352.55767822265625,352.5487060546875,3
1778516018.05931807,136242148,0.1496252566576004,0.1400943249464035,0.1384567767381668,0.13041114807128906,352.55767822265625,352.54803466796875,3
1778516018.15927815,136342108,0.1496252566576004,0.14536195993423462,0.1384567767381668,0.12614455819129944,352.55767822265625,352.54754638671875,3
1778516018.25923824,136442068,0.1481834203004837,0.1466040164232254,0.13823819160461426,0.12311028689146042,352.55767822265625,352.54736328125,3
1778516018.36003113,136542861,0.14484688639640808,0.14808838069438934,0.14056606590747833,0.1282925009727478,352.55767822265625,352.5467834472656,3
1778516018.45999122,136642821,0.14333362877368927,0.1517498791217804,0.14254452288150787,0.13610273599624634,352.55767822265625,352.54547119140625,3
1778516018.55995107,136742781,0.1423903852701187,0.14718976616859436,0.14354880154132843,0.13554346561431885,352.55767822265625,352.5443115234375,3
1778516018.65991116,136842741,0.13857631385326385,0.1407220959663391,0.14326290786266327,0.1350080966949463,352.55767822265625,352.5433349609375,3
1778516018.75987124,136942701,0.13325227797031403,0.13242287933826447,0.14391715824604034,0.13695384562015533,352.5576477050781,352.5433349609375,3
1778516018.85983109,137042661,0.12819704413414001,0.12636631727218628,0.14343926310539246,0.13780470192432404,352.5576477050781,352.5440673828125,3
1778516018.95979118,137142621,0.12465731054544449,0.12129677832126617,0.14042089879512787,0.13627968728542328,352.5576477050781,352.5451354980469,3
1778516019.05975103,137242581,0.1220543384552002,0.1191803365945816,0.1326211839914322,0.1344713419675827,352.5576171875,352.5457763671875,3
1778516019.15971112,137342541,0.12209895253181458,0.11706893891096115,0.12317829579114914,0.12064968049526215,352.5576171875,352.54656982421875,3
1778516019.25967121,137442501,0.12206431478261948,0.1163141280412674,0.11225554347038269,0.10778476297855377,352.5576171875,352.547607421875,3
1778516019.35963106,137542461,0.12218739837408066,0.1146181970834732,0.1029530018568039,0.09836333990097046,352.5575866699219,352.54827880859375,3
1778516019.45959115,137642421,0.12322574108839035,0.11500902473926544,0.09555984288454056,0.09113438427448273,352.5575866699219,352.54833984375,3
1778516019.55955124,137742381,0.12470415979623795,0.11320149153470993,0.09091907739639282,0.08465070277452469,352.5575866699219,352.5479431152344,3
1778516019.65951109,137842341,0.12623195350170135,0.11589792370796204,0.08935630321502686,0.08321422338485718,352.5575866699219,352.5475158691406,3
1778516019.75947118,137942301,0.12933072447776794,0.11967384815216064,0.09083098918199539,0.08493245393037796,352.5575866699219,352.54718017578125,3
1778516019.85943103,138042261,0.13448984920978546,0.12422563135623932,0.09454703330993652,0.08804628998041153,352.5576171875,352.54669189453125,3
1778516019.95939112,138142221,0.14026829600334167,0.12710994482040405,0.09993046522140503,0.09297847002744675,352.5576171875,352.5461730957031,3
1778516020.05935121,138242181,0.1452323943376541,0.13591469824314117,0.10542517900466919,0.09612429887056351,352.5576171875,352.5458068847656,3
1778516020.15931106,138342141,0.14941786229610443,0.14120887219905853,0.111648328602314,0.10388364642858505,352.5576477050781,352.546142578125,3
1778516020.25927114,138442101,0.15199144184589386,0.14442722499370575,0.11696719378232956,0.10962425917387009,352.5576477050781,352.54595947265625,3
1778516020.35923123,138542061,0.1534646898508072,0.14317528903484344,0.1217438355088234,0.10762129724025726,352.5576477050781,352.54559326171875,3
1778516020.46002412,138642854,0.15382248163223267,0.15104596316814423,0.12676891684532166,0.1188441812992096,352.5576477050781,352.54541015625,3
1778516020.55998421,138742814,0.1538541316986084,0.15556225180625916,0.1322113573551178,0.1276557445526123,352.55767822265625,352.5450439453125,3
1778516020.65994406,138842774,0.15167786180973053,0.1498422771692276,0.1357845813035965,0.13487990200519562,352.55767822265625,352.5443420410156,3
1778516020.75990415,138942734,0.1491074115037918,0.14522044360637665,0.13717515766620636,0.13605913519859314,352.55767822265625,352.5443420410156,3
1778516020.85986423,139042694,0.14733530580997467,0.13899321854114532,0.1369677633047104,0.13182009756565094,352.55767822265625,352.5442199707031,3
1778516020.95982409,139142654,0.1468893438577652,0.13200247287750244,0.13677024841308594,0.12769612669944763,352.55767822265625,352.54425048828125,3
1778516021.05978417,139242614,0.14720360934734344,0.13161426782608032,0.1369907259941101,0.12789437174797058,352.55767822265625,352.5448913574219,3
1778516021.15974402,139342574,0.14720360934734344,0.13674749433994293,0.1369907259941101,0.13436971604824066,352.55767822265625,352.545166015625,3
1778516021.25970411,139442534,0.14711974561214447,0.13771536946296692,0.13685788214206696,0.1356695145368576,352.55767822265625,352.5455322265625,3
1778516021.35966420,139542494,0.14710834622383118,0.13576847314834595,0.1368398219347,0.12926621735095978,352.55767822265625,352.5445861816406,3
1778516021.45962405,139642454,0.14515723288059235,0.12945768237113953,0.13315562903881073,0.12062414735555649,352.5576477050781,352.5430908203125,3
1778516021.55958414,139742414,0.1430695354938507,0.12862613797187805,0.12879161536693573,0.11456359922885895,352.5576477050781,352.542724609375,3
1778516021.65954423,139842374,0.14168600738048553,0.12966616451740265,0.12622462213039398,0.1171373799443245,352.5576477050781,352.54339599609375,3
1778516021.75950408,139942334,0.14042609930038452,0.13073191046714783,0.12496718764305115,0.11277616769075394,352.5576477050781,352.5442199707031,3
1778516021.85946417,140042294,0.1389494687318802,0.13092434406280518,0.12433996051549911,0.10702197253704071,352.5576477050781,352.54400634765625,3
1778516021.95942426,140142254,0.13670764863491058,0.13027606904506683,0.12517310678958893,0.11302486807107925,352.5576477050781,352.5453186035156,3
1778516022.05938411,140242214,0.13559319078922272,0.12991011142730713,0.12696939706802368,0.1269075870513916,352.5576477050781,352.54718017578125,3
1778516022.15934420,140342174,0.1351882368326187,0.12941595911979675,0.12762212753295898,0.13820098340511322,352.5576477050781,352.5487976074219,3
1778516022.25930405,140442134,0.13270427286624908,0.1291065663099289,0.12508119642734528,0.14763237535953522,352.5576477050781,352.55035400390625,3
1778516022.35926414,140542094,0.12829984724521637,0.1285795122385025,0.1184832826256752,0.15514850616455078,352.5576171875,352.552001953125,3
1778516022.45922422,140642054,0.12356948107481003,0.12820576131343842,0.10848560929298401,0.15223915874958038,352.5576171875,352.5538635253906,3
1778516022.56001711,140742847,0.12042156606912613,0.12781427800655365,0.09851017594337463,0.14858976006507874,352.5575866699219,352.5558166503906,3
1778516022.65997720,140842807,0.11723733693361282,0.12225282937288284,0.08775489777326584,0.1317329853773117,352.5575866699219,352.5575866699219,3
1778516022.75993705,140942767,0.11488752067089081,0.11427988857030869,0.07925017923116684,0.11687592417001724,352.55755615234375,352.5576477050781,3
1778516022.85989714,141042727,0.11306275427341461,0.10274937748908997,0.07295281440019608,0.10480029881000519,352.55755615234375,352.55596923828125,3
1778516022.95985723,141142687,0.11297445744276047,0.09822724014520645,0.06987990438938141,0.0947347953915596,352.55755615234375,352.55426025390625,3
1778516023.05981708,141242647,0.113178551197052,0.09948164969682693,0.06881627440452576,0.08635140210390091,352.55755615234375,352.55023193359375,3
1778516023.15977716,141342607,0.11468178778886795,0.09766839444637299,0.07085434347391129,0.07297500222921371,352.55755615234375,352.5476379394531,3
1778516023.25973725,141442567,0.11599574983119965,0.09784302860498428,0.07462052255868912,0.06138548627495766,352.55755615234375,352.54876708984375,3
1778516023.35969710,141542527,0.11747507005929947,0.10430468618869781,0.0837760791182518,0.055880509316921234,352.5575866699219,352.5508117675781,3
1778516023.45965719,141642487,0.11705762892961502,0.1068824753165245,0.09465356171131134,0.05256249010562897,352.5575866699219,352.5491943359375,3
1778516023.55961704,141742447,0.11538621783256531,0.1082843467593193,0.10839777439832687,0.06678067147731781,352.5576171875,352.54547119140625,3
1778516023.65957713,141842407,0.11168546229600906,0.10890047997236252,0.12149927020072937,0.08583156764507294,352.5576477050781,352.5408630371094,3
1778516023.75953722,141942367,0.10874051600694656,0.10212048888206482,0.1334405243396759,0.10283320397138596,352.5576477050781,352.5395202636719,3
1778516023.85949707,142042327,0.10595090687274933,0.0963527113199234,0.14158113300800323,0.1170256957411766,352.5576477050781,352.5421447753906,3
1778516023.95945716,142142287,0.10465434193611145,0.09767798334360123,0.14758233726024628,0.1277443766593933,352.5576477050781,352.547119140625,3
1778516024.05941725,142242247,0.10433488339185715,0.09876791387796402,0.15107156336307526,0.14312532544136047,352.5576477050781,352.54888916015625,3
1778516024.15937710,142342207,0.10476808249950409,0.09713168442249298,0.15239202976226807,0.1510830521583557,352.5576477050781,352.5471496582031,3
1778516024.25933719,142442167,0.10533162951469421,0.09870778024196625,0.15157288312911987,0.1465935856103897,352.5576477050781,352.543701171875,3
1778516024.35929704,142542127,0.10602405667304993,0.09887287020683289,0.15032874047756195,0.13821764290332794,352.5576477050781,352.54327392578125,3
1778516024.45925713,142642087,0.1076444685459137,0.0993632897734642,0.14459972083568573,0.12904544174671173,352.5576477050781,352.5466613769531,3
1778516024.55921721,142742047,0.11104845255613327,0.10428285598754883,0.14017681777477264,0.12412857264280319,352.5576477050781,352.5495300292969,3
1778516024.66001010,142842840,0.11455512791872025,0.10659884661436081,0.13805030286312103,0.1200757697224617,352.5576477050781,352.54840087890625,3
1778516024.75997019,142942800,0.11581239104270935,0.11096271872520447,0.1372879147529602,0.116825632750988,352.5576477050781,352.5445861816406,3
1778516024.85993004,143042760,0.1162198930978775,0.11423545330762863,0.13692308962345123,0.12014983594417572,352.5576477050781,352.5419006347656,3
1778516024.95989013,143142720,0.116251640021801,0.11938360333442688,0.13668814301490784,0.11756094545125961,352.5576477050781,352.5437927246094,3
1778516025.05985022,143242680,0.11427338421344757,0.11583428084850311,0.133756622672081,0.11676235496997833,352.5576477050781,352.54718017578125,3
1778516025.15981007,143342640,0.11122997850179672,0.11241058260202408,0.12929633259773254,0.11889756470918655,352.5576477050781,352.5484619140625,3
1778516025.25977015,143442600,0.10857390612363815,0.10742808878421783,0.12523336708545685,0.12050672620534897,352.5576477050781,352.54583740234375,3
1778516025.35973024,143542560,0.10666226595640182,0.1022612527012825,0.12162459641695023,0.11522601544857025,352.5576477050781,352.5424499511719,3
1778516025.45969009,143642520,0.10579018294811249,0.09743186086416245,0.11827341467142105,0.11291326582431793,352.5576171875,352.5415344238281,3
1778516025.55965018,143742480,0.10619046539068222,0.09072252362966537,0.11523804813623428,0.1081090122461319,352.5576171875,352.54449462890625,3
1778516025.65961003,143842440,0.1093602254986763,0.09477151185274124,0.11127731949090958,0.10927601158618927,352.5576171875,352.5478515625,3
1778516025.75957012,143942400,0.11179720610380173,0.10376472771167755,0.10869937390089035,0.11253536492586136,352.5576171875,352.5476989746094,3
1778516025.85953021,144042360,0.11292576789855957,0.10332517325878143,0.10789709538221359,0.11540652811527252,352.5576171875,352.5444641113281,3
1778516025.95949006,144142320,0.11333592236042023,0.09980591386556625,0.10760556906461716,0.11312615126371384,352.5576171875,352.54107666015625,3
1778516026.05945015,144242280,0.11334750056266785,0.09773749858140945,0.10759735852479935,0.10634790360927582,352.5576171875,352.5415954589844,3
1778516026.15941024,144342240,0.11337343603372574,0.09738634526729584,0.10759783536195755,0.10274294763803482,352.5576171875,352.5458984375,3
1778516026.25937009,144442200,0.11648376286029816,0.10358208417892456,0.10676184296607971,0.10257112234830856,352.5576171875,352.54766845703125,3
1778516026.35933018,144542160,0.12365121394395828,0.11335089057683945,0.10737764835357666,0.10185974836349487,352.5576477050781,352.5455627441406,3
1778516026.45929003,144642120,0.12872818112373352,0.12080252170562744,0.10858083516359329,0.1002640649676323,352.5576477050781,352.541015625,3
1778516026.55925012,144742080,0.1307104378938675,0.11892618238925934,0.10923267155885696,0.09784512221813202,352.5576477050781,352.53936767578125,3
1778516026.65921021,144842040,0.1308719962835312,0.11838006973266602,0.11019856482744217,0.09725802391767502,352.5576477050781,352.5420227050781,3
1778516026.76000309,144942833,0.1307344138622284,0.12145426869392395,0.1116536557674408,0.1001754030585289,352.5576477050781,352.5469665527344,3
1778516026.85996318,145042793,0.12966765463352203,0.12014510482549667,0.11449676007032394,0.10485122352838516,352.5576477050781,352.5483703613281,3
1778516026.95992303,145142753,0.12750206887722015,0.12087360769510269,0.11856718361377716,0.10838779807090759,352.5576477050781,352.54595947265625,3
1778516027.05988312,145242713,0.12421270459890366,0.11920420080423355,0.12125032395124435,0.10846778750419617,352.5576477050781,352.5415344238281,3
1778516027.15984321,145342673,0.12262842059135437,0.12321709841489792,0.12235182523727417,0.10924883931875229,352.5576477050781,352.5406799316406,3
1778516027.25980306,145442633,0.11811724305152893,0.11964487284421921,0.12344051152467728,0.11201317608356476,352.5576477050781,352.5434875488281,3
1778516027.35976315,145542593,0.11392547935247421,0.11113611608743668,0.12453790009021759,0.11435335874557495,352.5576477050781,352.54559326171875,3
1778516027.45972323,145642553,0.11058511584997177,0.10855553299188614,0.1248522624373436,0.11587691307067871,352.5576477050781,352.54571533203125,3
1778516027.55968308,145742513,0.10839292407035828,0.10354830324649811,0.12484607100486755,0.11623641848564148,352.5576477050781,352.5451965332031,3
1778516027.65964317,145842473,0.1069619432091713,0.10314802825450897,0.1240634173154831,0.11703663319349289,352.5576477050781,352.54266357421875,3
1778516027.75960326,145942433,0.10604950040578842,0.10000061243772507,0.12402787804603577,0.11263365298509598,352.5576477050781,352.5413818359375,3
1778516027.85956311,146042393,0.1056973859667778,0.0977998897433281,0.12442057579755783,0.11663220822811127,352.5576477050781,352.5431823730469,3
1778516027.95952320,146142353,0.10587289184331894,0.09948434680700302,0.13237732648849487,0.12222370505332947,352.5576477050781,352.54534912109375,3
1778516028.05948305,146242313,0.1054278016090393,0.0969402939081192,0.14011552929878235,0.12780198454856873,352.5576477050781,352.54400634765625,3
1778516028.15944314,146342273,0.10545194149017334,0.10008267313241959,0.14699050784111023,0.13354040682315826,352.5576477050781,352.54168701171875,3
1778516028.25940323,146442233,0.10565398633480072,0.09711313247680664,0.15153935551643372,0.13898929953575134,352.5576477050781,352.54107666015625,3
1778516028.35936308,146542193,0.10619024932384491,0.09551551938056946,0.15489313006401062,0.14356178045272827,352.55767822265625,352.5432434082031,3
1778516028.45932317,146642153,0.10655193030834198,0.0974600538611412,0.15609370172023773,0.1467440128326416,352.55767822265625,352.5451354980469,3
1778516028.55928326,146742113,0.10639608651399612,0.10038993507623672,0.1554972380399704,0.14649426937103271,352.55767822265625,352.54656982421875,3
1778516028.65924311,146842073,0.10656560957431793,0.10253426432609558,0.1541205495595932,0.14460845291614532,352.55767822265625,352.5462951660156,3
1778516028.75920320,146942033,0.10892606526613235,0.10223666578531265,0.15283417701721191,0.14386820793151855,352.55767822265625,352.5435485839844,3
1778516028.85999608,147042826,0.11026308685541153,0.10715454816818237,0.15227892994880676,0.13954822719097137,352.55767822265625,352.5408020019531,3
1778516028.95995617,147142786,0.11074244230985641,0.11340301483869553,0.152079775929451,0.13918763399124146,352.55767822265625,352.54217529296875,3
1778516029.05991626,147242746,0.10992156714200974,0.11296924203634262,0.1501617431640625,0.13644790649414062,352.55767822265625,352.54656982421875,3
1778516029.15987611,147342706,0.10859914124011993,0.11101127415895462,0.1472492814064026,0.13697919249534607,352.55767822265625,352.54833984375,3
1778516029.25983620,147442666,0.10656078159809113,0.10764099657535553,0.14364378154277802,0.13695254921913147,352.5576477050781,352.5459289550781,3
1778516029.35979605,147542626,0.10503646731376648,0.10410896688699722,0.14037160575389862,0.13259859383106232,352.5576477050781,352.5440368652344,3
1778516029.45975614,147642586,0.10376555472612381,0.0959312841296196,0.13643671572208405,0.1293274313211441,352.5576477050781,352.54522705078125,3
1778516029.55971622,147742546,0.10327871888875961,0.09375711530447006,0.1333160251379013,0.12790067493915558,352.5576477050781,352.54833984375,3
1778516029.65967607,147842506,0.10381929576396942,0.09538545459508896,0.12986645102500916,0.12141027301549911,352.5576477050781,352.548583984375,3
1778516029.75963616,147942466,0.10570566356182098,0.09641323983669281,0.12706106901168823,0.11945171654224396,352.5576477050781,352.54547119140625,3
1778516029.85959625,148042426,0.10764337331056595,0.09876396507024765,0.12456472963094711,0.12131770700216293,352.5576477050781,352.5426940917969,3
1778516029.95955610,148142386,0.11030124872922897,0.09899256378412247,0.12201090157032013,0.1167290210723877,352.5576477050781,352.54376220703125,3
1778516030.05951619,148242346,0.11220630258321762,0.10036759078502655,0.12069614976644516,0.1161925420165062,352.5576477050781,352.5467529296875,3
1778516030.15947604,148342306,0.11305249482393265,0.10116469860076904,0.11954181641340256,0.12152320146560669,352.5576477050781,352.5466003417969,3
1778516030.25943613,148442266,0.11392476409673691,0.10367284715175629,0.11724939197301865,0.12130744755268097,352.5576477050781,352.5432434082031,3
1778516030.35939622,148542226,0.11668001115322113,0.10795017331838608,0.11401606351137161,0.11218645423650742,352.5576477050781,352.5416259765625,3
1778516030.45935607,148642186,0.11850260198116302,0.1092071384191513,0.11275598406791687,0.10885650664567947,352.5576477050781,352.5432434082031,3
1778516030.55931616,148742146,0.11925776302814484,0.1086508184671402,0.11225403100252151,0.10601342469453812,352.5576477050781,352.54473876953125,3
1778516030.65927625,148842106,0.1193646714091301,0.1097753494977951,0.11088565737009048,0.10154356807470322,352.5576477050781,352.5453186035156,3
1778516030.75923610,148942066,0.11932293325662613,0.10864385962486267,0.11098206043243408,0.1019992083311081,352.5576477050781,352.54522705078125,3
1778516030.86002922,149042859,0.11928647011518478,0.11160493642091751,0.11126191169023514,0.10238133370876312,352.5576477050781,352.54254150390625,3
1778516030.95998907,149142819,0.11928647011518478,0.10820522159337997,0.11126191169023514,0.10002616047859192,352.5576477050781,352.5410461425781,3
1778516031.05994916,149242779,0.11901083588600159,0.10696342587471008,0.1113571748137474,0.10118261724710464,352.5576477050781,352.5424499511719,3
1778516031.15990925,149342739,0.11626768857240677,0.1059672087430954,0.11572101712226868,0.10752755403518677,352.5576477050781,352.5426940917969,3
1778516031.25986910,149442699,0.11330243945121765,0.10243096947669983,0.11945434659719467,0.11182967573404312,352.5576477050781,352.5395812988281,3
1778516031.35982919,149542659,0.1111292615532875,0.10411550849676132,0.12075532227754593,0.11445065587759018,352.5576477050781,352.5384216308594,3
1778516031.45978904,149642619,0.11033955216407776,0.10708896815776825,0.12122808396816254,0.11700033396482468,352.5576477050781,352.5409851074219,3
1778516031.55974913,149742579,0.11036708950996399,0.10650690644979477,0.122731514275074,0.11825926601886749,352.5576477050781,352.5435791015625,3
1778516031.65970922,149842539,0.11009342223405838,0.10295358300209045,0.12400437146425247,0.1218130961060524,352.5576477050781,352.5427551269531,3
1778516031.75966907,149942499,0.10946780443191528,0.10206712037324905,0.12333372235298157,0.12100987136363983,352.5576477050781,352.5401916503906,3
1778516031.85962915,150042459,0.11002566665410995,0.10288237780332565,0.11872795969247818,0.11662916839122772,352.5576477050781,352.53912353515625,3
1778516031.95958924,150142419,0.11192403733730316,0.10626232624053955,0.11222468316555023,0.10836054384708405,352.5576171875,352.54132080078125,3
1778516032.05954909,150242379,0.11337195336818695,0.10569677501916885,0.10448400676250458,0.10199138522148132,352.5576171875,352.54388427734375,3
1778516032.15950918,150342339,0.11436853557825089,0.10811876505613327,0.09750637412071228,0.0921168103814125,352.5576171875,352.5440979003906,3
1778516032.25946903,150442299,0.11450301855802536,0.10907799750566483,0.0912499874830246,0.08521010726690292,352.5576171875,352.5426330566406,3
1778516032.35942912,150542259,0.11432303488254547,0.10635818541049957,0.08732253313064575,0.07882162928581238,352.5576171875,352.5417175292969,3
1778516032.45938921,150642219,0.11405975371599197,0.10819647461175919,0.08534190058708191,0.07806921750307083,352.5576171875,352.54132080078125,3
1778516032.55934906,150742179,0.11446943879127502,0.10757175832986832,0.08509630709886551,0.07863850146532059,352.5576171875,352.54107666015625,3
1778516032.65930915,150842139,0.11478540301322937,0.10587656497955322,0.08522090315818787,0.07672586292028427,352.5576171875,352.5405578613281,3
1778516032.75926924,150942099,0.11478540301322937,0.10615093261003494,0.08522090315818787,0.0767209529876709,352.5576171875,352.5401306152344,3
1778516032.85922909,151042059,0.11478540301322937,0.10591864585876465,0.08522090315818787,0.07881049811840057,352.5576171875,352.5401916503906,3
1778516032.96002221,151142852,0.11478540301322937,0.10536090284585953,0.08522090315818787,0.07642535865306854,352.5576171875,352.54010009765625,3
1778516033.05998206,151242812,0.11481547355651855,0.1068693995475769,0.08545823395252228,0.07580550760030746,352.5576171875,352.5404357910156,3
1778516033.15994215,151342772,0.11614061146974564,0.10989910364151001,0.0927976593375206,0.08255556225776672,352.5576171875,352.54278564453125,3
1778516033.25990224,151442732,0.11630342900753021,0.10822243988513947,0.09984584897756577,0.0890343114733696,352.5576171875,352.5434875488281,3
1778516033.35986209,151542692,0.1158212199807167,0.10610044747591019,0.10559017956256866,0.09502436965703964,352.5576171875,352.54217529296875,3
1778516033.45982218,151642652,0.11507019400596619,0.10595796257257462,0.1098199337720871,0.10044682770967484,352.5576477050781,352.5400695800781,3
1778516033.55978203,151742612,0.11400391161441803,0.1047293096780777,0.11208011955022812,0.10601374506950378,352.5576477050781,352.5386962890625,3
1778516033.65974212,151842572,0.11349919438362122,0.10170349478721619,0.11283119767904282,0.10392027348279953,352.5576477050781,352.53863525390625,3
1778516033.75970221,151942532,0.11321534216403961,0.10214628279209137,0.11298806220293045,0.10325664281845093,352.5576477050781,352.5397033691406,3
1778516033.85966206,152042492,0.11321534216403961,0.10145940631628036,0.11298806220293045,0.10340148210525513,352.5576477050781,352.5400085449219,3
1778516033.95962214,152142452,0.11321534216403961,0.09730666130781174,0.11298806220293045,0.10233313590288162,352.5576477050781,352.5392761230469,3
1778516034.05958223,152242412,0.11321534216403961,0.09787711501121521,0.11298806220293045,0.10416853427886963,352.5576477050781,352.538818359375,3
1778516034.15954208,152342372,0.11321534216403961,0.09706316888332367,0.11298806220293045,0.10680041462182999,352.5576477050781,352.5401611328125,3
1778516034.25950217,152442332,0.11321534216403961,0.09793594479560852,0.11298806220293045,0.10457718372344971,352.5576477050781,352.5415344238281,3
1778516034.35946226,152542292,0.11321534216403961,0.09901891648769379,0.11298806220293045,0.10558833181858063,352.5576477050781,352.5419921875,3
1778516034.45942211,152642252,0.11321534216403961,0.10000815987586975,0.11298806220293045,0.10461753606796265,352.5576477050781,352.541748046875,3
1778516034.55938220,152742212,0.11321534216403961,0.10003729164600372,0.11298806220293045,0.10247888416051865,352.5576477050781,352.5414733886719,3
1778516034.65934205,152842172,0.11321534216403961,0.10094679892063141,0.11298806220293045,0.10322143137454987,352.5576477050781,352.54132080078125,3
1778516034.75930214,152942132,0.11321534216403961,0.10279474407434464,0.11298806220293045,0.10413650423288345,352.5576477050781,352.54095458984375,3
1778516034.85926223,153042092,0.11321534216403961,0.10098247975111008,0.11298806220293045,0.10207442194223404,352.5576477050781,352.54071044921875,3
1778516034.95922208,153142052,0.11588020622730255,0.1031591147184372,0.11495476216077805,0.10396338254213333,352.5576477050781,352.54083251953125,3
1778516035.06001520,153242845,0.11985508352518082,0.11069255322217941,0.11772140115499496,0.11010376363992691,352.5576477050781,352.5414123535156,3
1778516035.15997505,153342805,0.12196038663387299,0.1136903166770935,0.11926820874214172,0.11091049760580063,352.5576477050781,352.5422058105469,3
1778516035.25993514,153442765,0.12162183970212936,0.11341608315706253,0.11861934512853622,0.11122158914804459,352.5576477050781,352.542236328125,3
1778516035.35989523,153542725,0.12015153467655182,0.11431044340133667,0.11723298579454422,0.1108059212565422,352.5576477050781,352.54193115234375,3
1778516035.45985508,153642685,0.11735647916793823,0.11174558103084564,0.11496632546186447,0.10914231836795807,352.5576477050781,352.5420837402344,3
1778516035.55981517,153742645,0.11437688767910004,0.1057758554816246,0.1125154197216034,0.1075824424624443,352.5576477050781,352.5422058105469,3
1778516035.65977526,153842605,0.11151234060525894,0.10366273671388626,0.11029767245054245,0.1045861467719078,352.5576171875,352.5418701171875,3
1778516035.75973511,153942565,0.10872877389192581,0.10160733014345169,0.10834343731403351,0.10048281401395798,352.5576171875,352.5415344238281,3
1778516035.85969520,154042525,0.10691851377487183,0.10010918229818344,0.1073823943734169,0.10051047801971436,352.5576171875,352.540771484375,3
1778516035.95965505,154142485,0.10586616396903992,0.0975690707564354,0.10709906369447708,0.09777511656284332,352.5576171875,352.5426940917969,3
1778516036.05961514,154242445,0.10552281141281128,0.0993257686495781,0.10702847689390182,0.09979259967803955,352.5576171875,352.5452880859375,3
1778516036.15957522,154342405,0.10552281141281128,0.09845802932977676,0.10702847689390182,0.1028297170996666,352.5576171875,352.54559326171875,3
1778516036.25953507,154442365,0.10552281141281128,0.10129059851169586,0.10702847689390182,0.10469485819339752,352.5576171875,352.5448303222656,3
1778516036.35949516,154542325,0.10552281141281128,0.10221455991268158,0.10702847689390182,0.10318562388420105,352.5576171875,352.5438537597656,3
1778516036.45945525,154642285,0.10552281141281128,0.1026347205042839,0.10702847689390182,0.10562080889940262,352.5576171875,352.5429992675781,3
1778516036.55941510,154742245,0.10552281141281128,0.10418953001499176,0.10702847689390182,0.10398434847593307,352.5576171875,352.5428161621094,3
1778516036.65937519,154842205,0.10450765490531921,0.09949902445077896,0.10624250024557114,0.10378117114305496,352.5576171875,352.5428466796875,3
1778516036.75933504,154942165,0.10327056795358658,0.09868285804986954,0.10550031810998917,0.10302680730819702,352.5576171875,352.5432434082031,3
1778516036.85929513,155042125,0.10222696512937546,0.09699998795986176,0.10477133840322495,0.10205978900194168,352.5576171875,352.5435791015625,3
1778516036.95925522,155142085,0.10208979994058609,0.09876881539821625,0.10496396571397781,0.10206291079521179,352.5576171875,352.5439758300781,3
1778516037.05921507,155242045,0.10215702652931213,0.09951870888471603,0.10516740381717682,0.10351352393627167,352.5576171875,352.544189453125,3
1778516037.16000819,155342838,0.10215702652931213,0.09750989824533463,0.10516740381717682,0.1007668673992157,352.5576171875,352.544189453125,3
1778516037.25996804,155442798,0.10170325636863708,0.0983768180012703,0.1040399968624115,0.10103291273117065,352.5576171875,352.5439147949219,3
1778516037.35992813,155542758,0.10369914025068283,0.09960487484931946,0.10277127474546432,0.09886964410543442,352.5576171875,352.5435791015625,3
1778516037.45988822,155642718,0.1060970202088356,0.10096751898527145,0.10231291502714157,0.09659750759601593,352.5576171875,352.5436706542969,3
1778516037.55984807,155742678,0.1114787831902504,0.10371465235948563,0.10408702492713928,0.10049991309642792,352.5576171875,352.5440979003906,3
1778516037.65980816,155842638,0.1166967898607254,0.10727309435606003,0.10571923106908798,0.10012132674455643,352.5576171875,352.5442810058594,3
1778516037.75976825,155942598,0.12170112133026123,0.11103429645299911,0.10726095736026764,0.09834357351064682,352.5576477050781,352.54437255859375,3
1778516037.85972810,156042558,0.12594549357891083,0.11780855059623718,0.10817580670118332,0.10206092149019241,352.5576477050781,352.5440368652344,3
1778516037.95968819,156142518,0.13038556277751923,0.12146327644586563,0.10963762551546097,0.10171770304441452,352.5576477050781,352.5438232421875,3
1778516038.05964804,156242478,0.13352766633033752,0.12542366981506348,0.11060500144958496,0.10351836681365967,352.5576477050781,352.5435791015625,3
1778516038.15960813,156342438,0.13510218262672424,0.12933774292469025,0.11119557172060013,0.10567720234394073,352.5576477050781,352.54339599609375,3
1778516038.25956821,156442398,0.1361778974533081,0.129050612449646,0.11179237812757492,0.10397855937480927,352.5576477050781,352.5433044433594,3
1778516038.35952806,156542358,0.13695940375328064,0.1319609135389328,0.11254779994487762,0.10615990310907364,352.5576477050781,352.5431213378906,3
1778516038.45948815,156642318,0.13648928701877594,0.13171406090259552,0.11262598633766174,0.10579346865415573,352.5576477050781,352.54278564453125,3
1778516038.55944824,156742278,0.1361098438501358,0.13036353886127472,0.11255374550819397,0.10321255028247833,352.5576477050781,352.5426940917969,3
1778516038.65940809,156842238,0.1342654824256897,0.13214081525802612,0.11245736479759216,0.10636210441589355,352.5576477050781,352.5425109863281,3
1778516038.75936818,156942198,0.13120143115520477,0.1264360547065735,0.11522476375102997,0.1092459112405777,352.5576477050781,352.5424499511719,3
1778516038.85932803,157042158,0.1296597123146057,0.12007627636194229,0.11787120997905731,0.11003731191158295,352.5576477050781,352.542236328125,3
1778516038.95928812,157142118,0.12882110476493835,0.11786361783742905,0.1188192293047905,0.1113886758685112,352.5576477050781,352.54205322265625,3
1778516039.05924821,157242078,0.12699930369853973,0.117204949259758,0.11797136813402176,0.10839232802391052,352.5576477050781,352.54193115234375,3
1778516039.15920806,157342038,0.12391771376132965,0.11326571553945541,0.11620154976844788,0.10446461290121078,352.5576477050781,352.5421142578125,3
1778516039.26000118,157442831,0.12144998461008072,0.11229493468999863,0.11499914526939392,0.10435561835765839,352.5576477050781,352.5425720214844,3
1778516039.35996103,157542791,0.12002331763505936,0.11218608915805817,0.11439181864261627,0.10671887546777725,352.5576477050781,352.54302978515625,3
1778516039.45992112,157642751,0.11856791377067566,0.10891996324062347,0.11364515125751495,0.10590874403715134,352.5576477050781,352.54290771484375,3
1778516039.55988121,157742711,0.11673814803361893,0.1083734780550003,0.11278671771287918,0.10647448152303696,352.5576477050781,352.5432434082031,3
1778516039.65984106,157842671,0.11494539678096771,0.10737703740596771,0.11146658658981323,0.10483924299478531,352.5576477050781,352.5434875488281,3
1778516039.75980115,157942631,0.1136680394411087,0.10453600436449051,0.11005839705467224,0.10242348909378052,352.5576171875,352.5434265136719,3
1778516039.85976124,158042591,0.11266497522592545,0.10583951324224472,0.10848866403102875,0.10185644775629044,352.5576171875,352.54327392578125,3
1778516039.95972109,158142551,0.11219587177038193,0.10456323623657227,0.10724964737892151,0.10092157870531082,352.5576171875,352.5430603027344,3
1778516040.05968118,158242511,0.11227164417505264,0.10119517892599106,0.10664593428373337,0.09907875955104828,352.5576171875,352.5427551269531,3
1778516040.15964103,158342471,0.11228950321674347,0.10182453691959381,0.10655158758163452,0.10074258595705032,352.5576171875,352.54302978515625,3
1778516040.25960112,158442431,0.11228950321674347,0.10130102187395096,0.10655158758163452,0.09848927706480026,352.5576171875,352.54302978515625,3
1778516040.35956120,158542391,0.11228950321674347,0.10351576656103134,0.10655158758163452,0.09703023731708527,352.5576171875,352.5433654785156,3
1778516040.45952106,158642351,0.11228950321674347,0.10377687215805054,0.10655158758163452,0.09760116785764694,352.5576171875,352.54315185546875,3
1778516040.55948114,158742311,0.11228950321674347,0.10196944326162338,0.10655158758163452,0.09571671485900879,352.5576171875,352.54327392578125,3
1778516040.65944123,158842271,0.11880014091730118,0.09892454743385315,0.10251418501138687,0.10077200084924698,352.5576171875,352.54254150390625,3
1778516040.75940108,158942231,0.15102741122245789,0.09761258959770203,0.0867995023727417,0.10238780826330185,352.5575866699219,352.54193115234375,3
1778516040.85936117,159042191,0.18180519342422485,0.09728432446718216,0.0704941675066948,0.10295514017343521,352.55755615234375,352.54150390625,3
1778516040.95932126,159142151,0.1965518295764923,0.0972101092338562,0.062473662197589874,0.10282208770513535,352.5575256347656,352.541748046875,3
1778516041.05928111,159242111,0.19989430904388428,0.09746715426445007,0.05956161394715309,0.10280583053827286,352.5575256347656,352.54180908203125,3
1778516041.15924120,159342071,0.19721482694149017,0.09766270220279694,0.05956822261214256,0.10242696851491928,352.5575256347656,352.5421142578125,3
1778516041.25920105,159442031,0.1945955604314804,0.09780564904212952,0.05985034257173538,0.10248186439275742,352.5575256347656,352.5422058105469,3
1778516041.35999417,159542824,0.193166121840477,0.09783992916345596,0.059140149503946304,0.10213836282491684,352.5575256347656,352.5422668457031,3
1778516041.45995426,159642784,0.17352312803268433,0.0980052724480629,0.03926637023687363,0.10188213735818863,352.5574645996094,352.54193115234375,3
1778516041.55991411,159742744,0.12266085296869278,0.09792986512184143,-0.008350676856935024,0.10148373991250992,352.55731201171875,352.5420227050781,3
1778516041.65987420,159842704,0.07747109979391098,0.09802765399217606,-0.051377177238464355,0.10124961286783218,352.5572509765625,352.5417785644531,3
1778516041.75983405,159942664,0.04849321395158768,0.09803446382284164,-0.07897650450468063,0.10099851340055466,352.5572204589844,352.5419616699219,3
1778516041.85979414,160042624,0.029832417145371437,0.09809793531894684,-0.09741777181625366,0.1009422317147255,352.55718994140625,352.541748046875,3
1778516041.95975423,160142584,0.017507540062069893,0.09814995527267456,-0.10954856872558594,0.10064753890037537,352.55718994140625,352.54180908203125,3
1778516042.05971408,160242544,0.0078361751511693,0.0984690934419632,-0.12002556025981903,0.10070781409740448,352.5572204589844,352.54150390625,3
1778516042.15967417,160342504,-1.147677994595142e-05,0.09850350022315979,-0.127802312374115,0.10043710470199585,352.5572204589844,352.5412902832031,3
1778516042.25963426,160442464,-0.0033893617801368237,0.09867437183856964,-0.0920671820640564,0.10059307515621185,352.5572204589844,352.540771484375,3
1778516042.35959411,160542424,-0.0026881019584834576,0.09863504022359848,-0.05047459155321121,0.10045649111270905,352.5572204589844,352.54058837890625,3
1778516042.45955420,160642384,-0.0010188425658270717,0.09886953979730606,-0.024842189624905586,0.10048312693834305,352.5572204589844,352.5401611328125,3
1778516042.55951405,160742344,0.00018303532851859927,0.09896352887153625,-0.011562743224203587,0.10031042993068695,352.5572204589844,352.5398864746094,3
1778516042.65947413,160842304,0.0005128358025103807,0.09920184314250946,-0.005208357237279415,0.10029705613851547,352.5393371582031,352.53936767578125,3
1778516042.75943422,160942264,0.0003317978698760271,0.09921066462993622,-0.0022981229703873396,0.10019061714410782,352.51361083984375,352.51361083984375,3
1778516042.85939407,161042224,7.177187944762409e-05,0.09943016618490219,-0.0005670142127200961,0.10038436204195023,352.447265625,352.447265625,3
1778516042.95935416,161142184,-6.468963692896068e-05,0.09964749217033386,0.00039287994150072336,0.1003451719880104,352.3690490722656,352.3690490722656,3
1778516043.05931425,161242144,-7.680052658542991e-05,0.10018607974052429,0.0004862851928919554,0.10060899704694748,352.2991943359375,352.2991943359375,3
1778516043.15927410,161342104,-5.054128996562213e-05,0.10047530382871628,0.00032494193874299526,0.10059600323438644,352.2435607910156,352.2435607910156,3
1778516043.25923419,161442064,-1.8904289390775375e-05,0.10080915689468384,0.0001265215832972899,0.10071732103824615,352.19964599609375,352.19964599609375,3
1778516043.36002707,161542857,-1.8904293028754182e-05,0.10085801035165787,0.00012652161240112036,0.10036738216876984,352.1630859375,352.1630859375,3
1778516043.45998716,161642817,-1.8904300304711796e-05,0.1006106585264206,0.0001265216851606965,0.09995653480291367,352.1319274902344,352.1319274902344,3
1778516043.55994725,161742777,-1.8904293028754182e-05,0.10063482075929642,0.00012652164150495082,0.0994999036192894,352.105224609375,352.105224609375,3
1778516043.65990710,161842737,-1.890429666673299e-05,0.10057410597801208,0.0001265216851606965,0.09904017299413681,352.08203125,352.08203125,3
1778516043.75986719,161942697,-1.890429666673299e-05,0.10035812854766846,0.00012652164150495082,0.09846801310777664,352.0616760253906,352.0616760253906,3
1778516043.85982704,162042657,-1.8904298485722393e-05,0.10000709444284439,0.0001265216269530356,0.09786157310009003,352.0436706542969,352.0436706542969,3
1778516043.95978713,162142617,-1.89043021237012e-05,0.09979837387800217,0.00012652164150495082,0.09726513922214508,352.0278625488281,352.0278625488281,3
1778516044.05974722,162242577,-1.89043021237012e-05,0.0994834303855896,0.00012652164150495082,0.09667249768972397,352.01373291015625,352.01373291015625,3
1778516044.15970707,162342537,-1.8904298485722393e-05,0.0991341769695282,0.0001265216269530356,0.09615152329206467,352.0007629394531,352.0007629394531,3
1778516044.25966716,162442497,-1.8904298485722393e-05,0.09907618910074234,0.00012652169971261173,0.09593912214040756,351.9894104003906,351.9894104003906,3
1778516044.35962725,162542457,-1.890428757178597e-05,0.09867795556783676,0.00012652165605686605,0.09510757029056549,351.979248046875,351.979248046875,3
1778516044.45958710,162642417,-1.890427665784955e-05,0.0985269621014595,0.00012652159784920514,0.09488945454359055,351.9703063964844,351.9703063964844,3
1778516044.55954719,162742377,-1.8904273019870743e-05,0.09817716479301453,0.00012652161240112036,0.09437534958124161,351.96234130859375,351.96234130859375,3
1778516044.65950704,162842337,-1.8904273019870743e-05,0.09805978834629059,0.00012652159784920514,0.09403152763843536,351.9549865722656,351.9549865722656,3
1778516044.75946712,162942297,-1.8904273019870743e-05,0.09760989248752594,0.00012652159784920514,0.09381242096424103,351.948486328125,351.948486328125,3
1778516044.85942721,163042257,-1.8904280295828357e-05,0.09763116389513016,0.00012652161240112036,0.09356624633073807,351.94256591796875,351.94256591796875,3
1778516044.95938706,163142217,-1.8904285752796568e-05,0.09765085577964783,0.00012652164150495082,0.0930805429816246,351.9372863769531,351.9372863769531,3
1778516045.05934715,163242177,-1.8904289390775375e-05,0.09807989001274109,0.0001265216269530356,0.09303579479455948,351.9324645996094,351.9324645996094,3
1778516045.15930724,163342137,-1.8904289390775375e-05,0.09816335886716843,0.0001265215832972899,0.09278349578380585,351.9279479980469,351.9279479980469,3
1778516045.25926709,163442097,-1.890429666673299e-05,0.09807052463293076,0.00012652159784920514,0.0925004854798317,351.92388916015625,351.92388916015625,3
1778516045.35922718,163542057,-1.8904305761680007e-05,0.09809371083974838,0.00012652164150495082,0.09246940165758133,351.92022705078125,351.92022705078125,3
1778516045.46002007,163642850,-1.8904314856627025e-05,0.0982108861207962,0.00012652164150495082,0.09241718798875809,351.9168395996094,351.9168395996094,3
1778516045.55998015,163742810,-1.8904318494605832e-05,0.09807882457971573,0.00012652159784920514,0.09225108474493027,351.9142150878906,351.9142150878906,3
1778516045.65994024,163842770,-1.8904314856627025e-05,0.09823567420244217,0.00012652153964154422,0.09230903536081314,351.91180419921875,351.91180419921875,3
1778516045.75990009,163942730,-1.8904320313595235e-05,0.09821101278066635,0.00012652153964154422,0.09224537760019302,351.9092712402344,351.9092712402344,3
1778516045.85986018,164042690,-1.8904331227531657e-05,0.09854302555322647,0.00012652155419345945,0.09237205982208252,351.9070739746094,351.9070739746094,3
1778516045.95982003,164142650,-1.8904340322478674e-05,0.09868991374969482,0.0001265215832972899,0.09248810261487961,351.9050598144531,351.9050598144531,3
1778516046.05978012,164242610,-1.890434396045748e-05,0.09873659908771515,0.00012652156874537468,0.09268755465745926,351.9029541015625,351.9029235839844,3
1778516046.15974021,164342570,-1.8904354874393903e-05,0.0990704894065857,0.0001265216269530356,0.09283631294965744,351.9011535644531,351.9011535644531,3
1778516046.25970006,164442530,-1.8904356693383306e-05,0.09942013770341873,0.00012652156874537468,0.0931001529097557,351.8996276855469,351.8996276855469,3
1778516046.35966015,164542490,-1.8904354874393903e-05,0.09985681623220444,0.00012652151053771377,0.09344011545181274,351.89837646484375,351.89837646484375,3
1778516046.45962024,164642450,-1.8904349417425692e-05,0.10000797361135483,0.00012652143777813762,0.0939515009522438,351.8970947265625,351.8970947265625,3
1778516046.55958009,164742410,-1.890433850348927e-05,0.10046789795160294,0.00012652133591473103,0.09446500241756439,351.89605712890625,351.8960266113281,3
1778516046.65954018,164842370,-1.8904331227531657e-05,0.10092853009700775,0.00012652124860323966,0.09505092352628708,351.8951721191406,351.8951721191406,3
1778516046.75950003,164942330,-1.890432758955285e-05,0.10124289244413376,0.00012652119039557874,0.09548957645893097,351.89434814453125,351.89434814453125,3
1778516046.85946012,165042290,-1.8904318494605832e-05,0.10168268531560898,0.00012652110308408737,0.09607930481433868,351.8935241699219,351.8935241699219,3
1778516046.95942020,165142250,-1.890431303763762e-05,0.10209628939628601,0.00012652103032451123,0.0963488519191742,351.89288330078125,351.89288330078125,3
1778516047.05938005,165242210,-1.8904318494605832e-05,0.10253175348043442,0.00012652104487642646,0.09683825820684433,351.89239501953125,351.89239501953125,3
1778516047.15934014,165342170,-1.8904325770563446e-05,0.10301747173070908,0.0001265210594283417,0.09749215096235275,351.8918151855469,351.8918151855469,3
1778516047.25930023,165442130,-1.890432758955285e-05,0.10368598252534866,0.00012652110308408737,0.09801609069108963,351.8914489746094,351.8914489746094,3
1778516047.35926008,165542090,-1.890432758955285e-05,0.10412812232971191,0.00012652110308408737,0.09869138896465302,351.8912353515625,351.8912353515625,3
1778516047.45922017,165642050,-1.8904320313595235e-05,0.10445461422204971,0.00012652103032451123,0.09915877133607864,351.8908996582031,351.8908996582031,3
1778516047.56001306,165742843,-1.8904325770563446e-05,0.105124831199646,0.0001265210594283417,0.09952521324157715,351.8907775878906,351.8907775878906,3
1778516047.65997314,165842803,-1.890432213258464e-05,0.10543577373027802,0.000126521015772596,0.09997393190860748,351.89044189453125,351.89044189453125,3
1778516047.75993323,165942763,-1.8904318494605832e-05,0.10560913383960724,0.00012652098666876554,0.10040874779224396,351.890380859375,351.890380859375,3
1778516047.85989308,166042723,-1.8904314856627025e-05,0.10608179867267609,0.00012652100122068077,0.10087158530950546,351.8904113769531,351.8904113769531,3
1778516047.95985317,166142683,-1.890431303763762e-05,0.1067134216427803,0.00012652092846110463,0.10136949270963669,351.890380859375,351.890380859375,3
1778516048.05981326,166242643,-1.890431303763762e-05,0.10701289027929306,0.0001265209575649351,0.10175761580467224,351.8904724121094,351.8904724121094,3
1778516048.15977311,166342603,-1.890431303763762e-05,0.1074611246585846,0.00012652092846110463,0.10212869942188263,351.8905944824219,351.8905944824219,3
1778516048.25973320,166442563,-1.890430758066941e-05,0.10813367366790771,0.0001265209139091894,0.10235919803380966,351.8909606933594,351.8909606933594,3
1778516048.35969305,166542523,-1.8904309399658814e-05,0.10862322896718979,0.0001265209575649351,0.10284433513879776,351.8911437988281,351.8911437988281,3
1778516048.45965314,166642483,-1.890431303763762e-05,0.1087929978966713,0.00012652097211685032,0.10334821045398712,351.8915100097656,351.8915100097656,3
1778516048.55961323,166742443,-1.8904314856627025e-05,0.1093665137887001,0.00012652103032451123,0.10384722799062729,351.8919982910156,351.8919982910156,3
1778516048.65957308,166842403,-1.8904323951574042e-05,0.10983508080244064,0.00012652110308408737,0.10434393584728241,351.89239501953125,351.89239501953125,3
1778516048.75953317,166942363,-1.8904334865510464e-05,0.11013732105493546,0.00012652117584366351,0.10484601557254791,351.89300537109375,351.89300537109375,3
1778516048.85949326,167042323,-1.8904340322478674e-05,0.11054441332817078,0.00012652124860323966,0.10548334568738937,351.8937072753906,351.8937072753906,3
1778516048.95945311,167142283,-1.8904349417425692e-05,0.11093705892562866,0.00012652135046664625,0.10613403469324112,351.89434814453125,351.89434814453125,3
1778516049.05941319,167242243,-1.8904354874393903e-05,0.11150132864713669,0.00012652140867430717,0.10650628805160522,351.89501953125,351.89501953125,3
1778516049.15937304,167342203,-1.8904354874393903e-05,0.1120009794831276,0.00012652140867430717,0.10705996304750443,351.8956298828125,351.8956298828125,3
1778516049.25933313,167442163,-1.8904345779446885e-05,0.11241698265075684,0.00012652136501856148,0.1073518693447113,351.8963623046875,351.8963623046875,3
1778516049.35929322,167542123,-1.890433850348927e-05,0.11291549354791641,0.00012652129225898534,0.10768769681453705,351.89715576171875,351.89715576171875,3
1778516049.45925307,167642083,-1.890433304652106e-05,0.11344383656978607,0.00012652129225898534,0.10794815421104431,351.8979187011719,351.8979187011719,3
1778516049.55921316,167742043,-1.890432758955285e-05,0.11399323493242264,0.0001265212777070701,0.10834475606679916,351.8987121582031,351.8987121582031,3
1778516049.66000605,167842836,-1.8904336684499867e-05,0.11451639980077744,0.00012652135046664625,0.10884882509708405,351.8994445800781,351.8994445800781,3
1778516049.75996614,167942796,-1.890434396045748e-05,0.11500139534473419,0.00012652140867430717,0.10916487872600555,351.900146484375,351.900146484375,3
1778516049.85992622,168042756,-1.890435851237271e-05,0.11545238643884659,0.00012652153964154422,0.10970810800790787,351.90118408203125,351.90118408203125,3
1778516049.95988607,168142716,-1.8904360331362113e-05,0.11592850089073181,0.00012652156874537468,0.11002764105796814,351.9020690917969,351.9020690917969,3
1778516050.05984616,168242676,-1.8904354874393903e-05,0.11637743562459946,0.00012652155419345945,0.11056690663099289,351.90289306640625,351.90289306640625,3
1778516050.15980625,168342636,-1.890434396045748e-05,0.11673207581043243,0.00012652151053771377,0.11066784709692001,351.9039611816406,351.9039611816406,3
1778516050.25976610,168442596,-1.8904334865510464e-05,0.11720934510231018,0.00012652145233005285,0.1109418198466301,351.9049987792969,351.9049987792969,3
1778516050.35972619,168542556,-1.890433304652106e-05,0.1174260750412941,0.00012652146688196808,0.11117646098136902,351.9061279296875,351.9061279296875,3
1778516050.45968604,168642516,-1.890434396045748e-05,0.11777538806200027,0.00012652159784920514,0.11170348525047302,351.9073791503906,351.9073791503906,3
1778516050.55964613,168742476,-1.890435851237271e-05,0.11788381636142731,0.0001265217288164422,0.11193446815013885,351.9085693359375,351.9085693359375,3
1778516050.65960622,168842436,-1.890436942630913e-05,0.1180625632405281,0.00012652185978367925,0.1124008446931839,351.9096984863281,351.9096984863281,3
1778516050.75956607,168942396,-1.8904380340245552e-05,0.11838767677545547,0.0001265219907509163,0.11243009567260742,351.910888671875,351.910888671875,3
1778516050.85952616,169042356,-1.8904391254181974e-05,0.11857948452234268,0.0001265220926143229,0.11293643712997437,351.9119567871094,351.9119567871094,3
1778516050.95948625,169142316,-1.8904398530139588e-05,0.11894965916872025,0.00012652223813347518,0.11310986429452896,351.9134826660156,351.9134826660156,3
1778516051.05944610,169242276,-1.8904405806097202e-05,0.119334377348423,0.00012652233999688178,0.11334990710020065,351.9149169921875,351.9149169921875,3
1778516051.15940619,169342236,-1.8904422177001834e-05,0.11949515342712402,0.00012652251461986452,0.11345410346984863,351.9161071777344,351.9161071777344,3
1778516051.25936604,169442196,-1.8904413082054816e-05,0.11974408477544785,0.00012652247096411884,0.11382876336574554,351.9173889160156,351.9173889160156,3
1778516051.35932612,169542156,-1.89044039871078e-05,0.11980777978897095,0.00012652241275645792,0.11392807960510254,351.9189147949219,351.9189147949219,3
1778516051.45928621,169642116,-1.8904387616203167e-05,0.11989612132310867,0.00012652231089305133,0.1142292246222496,351.92041015625,351.92041015625,3
1778516051.55924606,169742076,-1.8904376702266745e-05,0.11978386342525482,0.00012652226723730564,0.11448663473129272,351.92181396484375,351.92181396484375,3
1778516051.65920615,169842036,-1.890438397822436e-05,0.12001024931669235,0.00012652232544496655,0.11463149636983871,351.9229431152344,351.9229431152344,3
1778516051.75999904,169942829,-1.8904393073171377e-05,0.12019146978855133,0.0001265224564122036,0.11447777599096298,351.92462158203125,351.9245910644531,3
1778516051.85995913,170042789,-1.8904402168118395e-05,0.1202399879693985,0.00012652257282752544,0.11459138244390488,351.9261169433594,351.9261169433594,3
1778516051.95991921,170142749,-1.890440944407601e-05,0.12016715109348297,0.00012652268924284726,0.11466225981712341,351.92767333984375,351.92767333984375,3
1778516052.05987906,170242709,-1.89044039871078e-05,0.12024179100990295,0.00012652268924284726,0.11484753340482712,351.9293212890625,351.9293212890625,3
