time_sec,real_roll,attacked_roll,software_sensor_roll,residual,recovered_roll,recovery_mode
0.0,0.071980096399784,0.071980096399784,0.071980096399784,0.0,0.071980096399784,0.0
0.09996,0.0717868134379386,0.0717868134379386,0.07341357488781454,0.0016267614498759325,0.0717868134379386,0.0
0.19992,0.0716574862599372,0.0716574862599372,0.07325472846391355,0.0015972422039763484,0.0716574862599372,0.0
0.29988,0.0715299621224403,0.0715299621224403,0.07314844305523426,0.0016184809327939587,0.0715299621224403,0.0
0.39984,0.071500152349472,0.071500152349472,0.0730436394392857,0.0015434870898136943,0.071500152349472,0.0
0.4998,0.0717246904969215,0.0717246904969215,0.07301914076867731,0.0012944502717558148,0.0717246904969215,0.0
0.59976,0.0719014406204223,0.0719014406204223,0.07320367375344007,0.0013022331330177772,0.0719014406204223,0.0
0.69972,0.0725122690200805,0.0725122690200805,0.07334893294059851,0.0008366639205180104,0.0725122690200805,0.0
0.79968,0.0731788948178291,0.0731788948178291,0.073850932230063,0.0006720374122339001,0.0731788948178291,0.0
0.89964,0.0740384086966514,0.0740384086966514,0.07439878769132306,0.000360378994671659,0.0740384086966514,0.0
0.9996,0.0749662443995475,0.0749662443995475,0.07510516505669802,0.00013892065715052915,0.0749662443995475,0.0
1.09956,0.0758856534957885,0.0758856534957885,0.07586769159411445,1.796190167405176e-05,0.0758856534957885,0.0
1.19952,0.07685037702322,0.07685037702322,0.07662329285840767,0.00022708416481233284,0.07685037702322,0.0
1.29948,0.0782015472650528,0.0782015472650528,0.07741613504035279,0.0007854122247000078,0.0782015472650528,0.0
1.39944,0.0794900357723236,0.0794900357723236,0.07852657210801532,0.0009634636643082728,0.0794900357723236,0.0
1.4994,0.0810548812150955,0.0810548812150955,0.07958549522341932,0.0014693859916761892,0.0810548812150955,0.0
1.59936,0.0824506878852844,0.0824506878852844,0.08087153774981182,0.001579150135472579,0.0824506878852844,0.0
1.69932,0.0841071084141731,0.0841071084141731,0.0820186585312567,0.002088449882916399,0.0841071084141731,0.0
1.79928,0.0857037231326103,0.0857037231326103,0.08337996053463141,0.0023237625979788817,0.0857037231326103,0.0
1.89924,0.087120845913887,0.087120845913887,0.08469211211349047,0.002428733800396529,0.087120845913887,0.0
1.9992,0.0886159166693687,0.0886159166693687,0.085856751184185,0.0027591654851837066,0.0886159166693687,0.0
2.099993,0.0901538208127021,0.0901538208127021,0.08708545053325711,0.003068370279444982,0.0901538208127021,0.0
2.199953,0.0917066484689712,0.0917066484689712,0.08834935179040199,0.0033572966785692104,0.0917066484689712,0.0
2.299913,0.0931669399142265,0.0931669399142265,0.08962551769312785,0.0035414222210986557,0.0931669399142265,0.0
2.399873,0.094824768602848,0.094824768602848,0.09082563422929611,0.003999134373551885,0.094824768602848,0.0
2.499833,0.0966824665665626,0.0966824665665626,0.0921880935007484,0.004494373065814197,0.0966824665665626,0.0
2.599793,0.0983828902244567,0.0983828902244567,0.09371481205594079,0.004668078168515916,0.0983828902244567,0.0
2.699753,0.1004226803779602,0.1004226803779602,0.09511227729994018,0.005310403078020026,0.1004226803779602,0.0
2.799713,0.1020977348089218,0.1020977348089218,0.09678864532522667,0.0053090894836951286,0.1020977348089218,0.0
2.899673,0.103783294558525,0.103783294558525,0.09816526129005498,0.0056180332684700185,0.103783294558525,0.0
2.999633,0.1055997684597969,0.1055997684597969,0.09955051088006107,0.006049257579735831,0.1055997684597969,0.0
3.099593,0.1074106320738792,0.1074106320738792,0.10104335011996472,0.006367281953914478,0.1074106320738792,0.0
3.199553,0.1090282425284385,0.1090282425284385,0.1025315786391238,0.006496663889314705,0.1090282425284385,0.0
3.299513,0.1107594966888427,0.1107594966888427,0.10386098522044152,0.006898511468401189,0.1107594966888427,0.0
3.399473,0.1126171648502349,0.1126171648502349,0.10528378801458996,0.007333376835644945,0.1126171648502349,0.0
3.499433,0.1145948693156242,0.1145948693156242,0.1068104820837227,0.007784387231901502,0.1145948693156242,0.0
3.599393,0.116416722536087,0.116416722536087,0.10843582601584435,0.007980896520242642,0.116416722536087,0.0
3.699353,0.1179762259125709,0.1179762259125709,0.10993308615436985,0.008043139758201048,0.1179762259125709,0.0
3.799313,0.1197619959712028,0.1197619959712028,0.11121473838484787,0.008547257586354925,0.1197619959712028,0.0
3.899273,0.1215307861566543,0.1215307861566543,0.11268234416955845,0.008848441987095848,0.1215307861566543,0.0
3.999233,0.1236364915966987,0.1236364915966987,0.11413599532766774,0.009500496269030961,0.1236364915966987,0.0
4.099193,0.1256174892187118,0.1256174892187118,0.11586653474678929,0.009750954471922507,0.1256174892187118,0.0
4.199986,0.127226248383522,0.127226248383522,0.11749458510396336,0.009731663279558642,0.127226248383522,0.0
4.299946,0.128909483551979,0.128909483551979,0.11881671739820038,0.010092766153778632,0.128909483551979,0.0
4.399906,0.1307617872953415,0.1307617872953415,0.12020005657748903,0.010561730717852463,0.1307617872953415,0.0
4.499866,0.1326061338186264,0.1326061338186264,0.12172234198778502,0.010883791830841386,0.1326061338186264,0.0
4.599826,0.1345505118370056,0.1345505118370056,0.1232380878777388,0.011312423959266793,0.1345505118370056,0.0
4.699786,0.1363988220691681,0.1363988220691681,0.12483604301034716,0.01156277905882093,0.1363988220691681,0.0
4.799746,0.1384485363960266,0.1384485363960266,0.12635504640933043,0.012093489986696182,0.1384485363960266,0.0
4.899706,0.1401856243610382,0.1401856243610382,0.12803957045833206,0.01214605390270615,0.1401856243610382,0.0
4.999666,0.1420180946588516,0.1420180946588516,0.129467167675455,0.012550926983396604,0.1420180946588516,0.0
5.099626,0.1440238952636718,0.1440238952636718,0.130973153284595,0.013050741979076796,0.1440238952636718,0.0
5.199586,0.1459012776613235,0.1459012776613235,0.13262158756737444,0.013279690093949054,0.1459012776613235,0.0
5.299546,0.1476679891347885,0.1476679891347885,0.13416448345448784,0.013503505680300676,0.1476679891347885,0.0
5.399506,0.1494642943143844,0.1494642943143844,0.1356164262572979,0.013847868057086515,0.1494642943143844,0.0
5.499466,0.1513466238975525,0.1513466238975525,0.1370926901613577,0.014253933736194796,0.1513466238975525,0.0
5.599426,0.1531388163566589,0.1531388163566589,0.1386396518083759,0.014499164548283011,0.1531388163566589,0.0
5.699386,0.1548836529254913,0.1548836529254913,0.14011253574066082,0.014771117184830485,0.1548836529254913,0.0
5.799346,0.1565647572278976,0.1565647572278976,0.14154650101243624,0.01501825621546135,0.1565647572278976,0.0
5.899306,0.1583253443241119,0.1583253443241119,0.14292808896797524,0.015397255356136674,0.1583253443241119,0.0
5.999266,0.15986268222332,0.15986268222332,0.1443749985519466,0.015487683671373403,0.15986268222332,0.0
6.099226,0.1614559739828109,0.1614559739828109,0.14563843445065874,0.015817539532152147,0.1614559739828109,0.0
6.199186,0.1630246490240097,0.1630246490240097,0.14610297774740402,0.016921671276605682,0.1630246490240097,0.0
6.299979,0.1646094173192978,0.1646094173192978,0.14229883404721178,0.022310583272086015,0.1646094173192978,0.0
6.399939,0.1661412715911865,0.1661412715911865,0.13884096109012276,0.02730031050106374,0.1661412715911865,0.0
6.499899,0.1676812916994094,0.1676812916994094,0.1372190282819549,0.030462263417454505,0.1676812916994094,0.0
6.599859,0.1690052300691604,0.1690052300691604,0.13668619242310565,0.03231903764605476,0.1690052300691604,0.0
6.699819,0.1315857470035553,0.1315857470035553,0.13657477417499944,0.004989027171444144,0.1315857470035553,0.0
6.799779,-0.0265772454440593,-0.0265772454440593,0.10461404611490838,0.13119129155896767,-0.0265772454440593,0.0
6.899739,-0.1544357985258102,-0.1544357985258102,-0.026452250433857866,0.1279835480919523,-0.1544357985258102,0.0
6.999699,-0.2009255141019821,-0.2009255141019821,-0.13171267079943164,0.06921284330255045,-0.2009255141019821,0.0
7.099659,-0.1919361799955368,-0.1919361799955368,-0.1671837340049166,0.02475244599062021,-0.1919361799955368,0.0
7.199619,-0.1418280303478241,-0.1418280303478241,-0.15417577368216234,0.012347743334338246,-0.1418280303478241,0.0
7.299579,-0.0628090724349021,-0.0628090724349021,-0.10461190397555496,0.04180283154065287,-0.0628090724349021,0.0
7.399539,0.0310403797775506,0.0310403797775506,-0.03012710704941592,0.061167486826966516,0.0310403797775506,0.0
7.499499,0.1078063324093818,0.1078063324093818,0.056242086472402794,0.051564245936979,0.1078063324093818,0.0
7.599459,0.169063314795494,0.169063314795494,0.1269080134630762,0.042155301332417794,0.169063314795494,0.0
7.699419,0.2141805738210678,0.2141805738210678,0.18328943031904846,0.030891143502019353,0.2141805738210678,0.0
7.799379,0.249741718173027,0.249741718173027,0.22471173762015326,0.025029980552873754,0.249741718173027,0.0
7.899339,0.2772295475006103,0.2772295475006103,0.2573036380442895,0.01992590945632078,0.2772295475006103,0.0
7.999299,0.3013545274734497,0.3013545274734497,0.28203084641873083,0.019323681054718878,0.3013545274734497,0.0
8.099259,0.3055025935173034,0.3055025935173034,0.3031440524103439,0.0023585411069594886,0.3055025935173034,0.0
8.199219,0.3127036392688751,0.3127036392688751,0.3068984765644443,0.005805162704430822,0.3127036392688751,0.0
8.300012,0.3106042742729187,0.3106042742729187,0.3124760576016236,0.0018717833287049124,0.3106042742729187,0.0
8.399972,0.3033617436885834,0.3033617436885834,0.3095891180675352,0.006227374378951822,0.3033617436885834,0.0
8.499932,0.2949749529361725,0.2949749529361725,0.3025483266470843,0.007573373710911824,0.2949749529361725,0.0
8.599892,0.2824454307556152,0.2824454307556152,0.2941321190957206,0.011686688340105444,0.2824454307556152,0.0
8.699852,0.2672018110752105,0.2672018110752105,0.2820897447334656,0.014887933658255081,0.2672018110752105,0.0
8.799812,0.2538441717624664,0.2538441717624664,0.2676082610266023,0.013764089264135915,0.2538441717624664,0.0
8.899772,0.2432892769575119,0.2432892769575119,0.25497492272737904,0.011685645769867137,0.2432892769575119,0.0
8.999732,0.236069917678833,0.236069917678833,0.24479855782839077,0.008728640149557765,0.236069917678833,0.0
9.099692,0.2289901375770568,0.2289901375770568,0.2376648078380953,0.008674670261038492,0.2289901375770568,0.0
9.199652,0.2214674353599548,0.2214674353599548,0.23049444087993282,0.00902700551997801,0.2214674353599548,0.0
9.299612,0.2193215936422348,0.2193215936422348,0.22301844540219717,0.003696851759962372,0.2193215936422348,0.0
9.399572,0.2090884298086166,0.2090884298086166,0.2198895529479762,0.010801123139359603,0.2090884298086166,0.0
9.499532,0.1936764121055603,0.1936764121055603,0.21041830537866618,0.01674189327310588,0.1936764121055603,0.0
9.599492,0.1819135546684265,0.1819135546684265,0.19671390917385312,0.014800354505426605,0.1819135546684265,0.0
9.699452,0.1784839779138565,0.1784839779138565,0.1864295552737135,0.007945577359856987,0.1784839779138565,0.0
9.799412,0.1836549341678619,0.1836549341678619,0.18332704959917878,0.0003278845686831289,0.1836549341678619,0.0
9.899372,0.1879800707101822,0.1879800707101822,0.18789178891452862,8.828179565356642e-05,0.1879800707101822,0.0
9.999332,0.1919567137956619,0.1919567137956619,0.19183695281382634,0.00011976098183555384,0.1919567137956619,0.0
10.099292,0.2033701390028,0.2033701390028,0.1957800744972423,0.0075900645055576865,0.2033701390028,0.0
10.199252,0.2114294618368148,0.2114294618368148,0.20581232164201455,0.005617140194800252,0.2114294618368148,0.0
10.299212,0.212290421128273,0.212290421128273,0.21317608880000677,0.0008856676717337586,0.212290421128273,0.0
10.400005,0.2170332372188568,0.2170332372188568,0.2144386910748425,0.0025945461440143036,0.2170332372188568,0.0
10.499965,0.2165588587522506,0.2165588587522506,0.21891449275971428,0.0023556340074636917,0.2165588587522506,0.0
10.599925,0.2148010581731796,0.2148010581731796,0.2189707581249214,0.004169699951741795,0.2148010581731796,0.0
10.699885,0.2136921882629394,0.2136921882629394,0.21810726467434852,0.004415076411409119,0.2136921882629394,0.0
10.799845,0.2223987877368927,0.2223987877368927,0.2176393757502743,0.004759411986618389,0.2223987877368927,0.0
10.899805,0.2357802242040634,0.2357802242040634,0.2254047310445113,0.01037549315955208,0.2357802242040634,0.0
10.999765,0.2441233247518539,0.2441233247518539,0.23675765270993185,0.007365672041922039,0.2441233247518539,0.0
11.099725,0.2438281327486038,0.2438281327486038,0.243802139362794,2.5993385809802705e-05,0.2438281327486038,0.0
11.199685,0.2432242035865783,0.2432242035865783,0.24328055522404193,5.635163746361971e-05,0.2432242035865783,0.0
11.299645,0.2409884333610534,0.2409884333610534,0.24247007080089944,0.0014816374398460286,0.2409884333610534,0.0
11.399605,0.2381830066442489,0.2381830066442489,0.24002059855522034,0.0018375919109714367,0.2381830066442489,0.0
11.499565,0.2341891378164291,0.2341891378164291,0.2371029020117923,0.002913764195363183,0.2341891378164291,0.0
11.599525,0.2265586405992508,0.2265586405992508,0.2331007286624516,0.006542088063200807,0.2265586405992508,0.0
11.699485,0.2198446989059448,0.2198446989059448,0.22615390470340357,0.006309205797458778,0.2198446989059448,0.0
11.799445,0.2148192226886749,0.2148192226886749,0.21997002056344153,0.005150797874766633,0.2148192226886749,0.0
11.899405,0.2114308923482895,0.2114308923482895,0.21528897522930557,0.0038580828810160783,0.2114308923482895,0.0
11.999365,0.2091563194990158,0.2091563194990158,0.21213311244149494,0.0029767929424791284,0.2091563194990158,0.0
12.099325,0.2090648859739303,0.2090648859739303,0.20999005637775953,0.000925170403829223,0.2090648859739303,0.0
12.199285,0.2072296291589737,0.2072296291589737,0.2097089884507543,0.002479359291780614,0.2072296291589737,0.0
12.299245,0.2032898366451263,0.2032898366451263,0.20799279942248325,0.0047029627773569616,0.2032898366451263,0.0
12.399205,0.1948925554752349,0.1948925554752349,0.2042971129668449,0.00940455749161001,0.1948925554752349,0.0
12.499998,0.1874871551990509,0.1874871551990509,0.19661227359683103,0.00912511839778013,0.1874871551990509,0.0
12.599958,0.1788460165262222,0.1788460165262222,0.1896075597937894,0.010761543267567203,0.1788460165262222,0.0
12.699918,0.1726451367139816,0.1726451367139816,0.1816844341609803,0.00903929744699869,0.1726451367139816,0.0
12.799878,0.1689638495445251,0.1689638495445251,0.17587607882665138,0.0069122292821262865,0.1689638495445251,0.0
12.899838,0.1660629361867904,0.1660629361867904,0.17234031707947192,0.006277380892681511,0.1660629361867904,0.0
12.999798,0.1571538299322128,0.1571538299322128,0.16958777107716733,0.012433941144954525,0.1571538299322128,0.0
13.099758,0.1536727994680404,0.1536727994680404,0.16192331368677124,0.008250514218730826,0.1536727994680404,0.0
13.199718,0.1468617916107177,0.1468617916107177,0.15858450337729793,0.01172271176658024,0.1468617916107177,0.0
13.299678,0.140458658337593,0.140458658337593,0.15257441455415616,0.012115756216563162,0.140458658337593,0.0
13.399638,0.1373355090618133,0.1373355090618133,0.14696714899253904,0.009631639930725744,0.1373355090618133,0.0
13.499598,0.1369413882493972,0.1369413882493972,0.14418033442040187,0.007238946171004679,0.1369413882493972,0.0
13.599558,0.1384777873754501,0.1384777873754501,0.14377644443011223,0.00529865705466212,0.1384777873754501,0.0
13.699518,0.1413000971078872,0.1413000971078872,0.1448273462187662,0.0035272491108789827,0.1413000971078872,0.0
13.799478,0.1455911099910736,0.1455911099910736,0.14676632257613617,0.0011752125850625628,0.1455911099910736,0.0
13.899438,0.1482117027044296,0.1482117027044296,0.15001391865100808,0.0018022159465784782,0.1482117027044296,0.0
13.999398,0.1476302146911621,0.1476302146911621,0.15200262601621323,0.004372411325051118,0.1476302146911621,0.0
14.099358,0.1440498530864715,0.1440498530864715,0.15145087990565712,0.007401026819185613,0.1440498530864715,0.0
14.199318,0.1499380022287368,0.1499380022287368,0.14851196208822126,0.0014260401405155332,0.1499380022287368,0.0
14.299278,0.1554270684719085,0.1554270684719085,0.1535439326240349,0.0018831358478736127,0.1554270684719085,0.0
14.399238,0.1611111611127853,0.1611111611127853,0.15812641761058763,0.0029847435021976843,0.1611111611127853,0.0
14.499198,0.1595546305179596,0.1595546305179596,0.1629715278892827,0.0034168973713231132,0.1595546305179596,0.0
14.599991,0.1599249243736267,0.1599249243736267,0.16224606166028993,0.002321137286663222,0.1599249243736267,0.0
14.699951,0.1622654348611831,0.1622654348611831,0.1632966309199951,0.001031196058811995,0.1622654348611831,0.0
14.799911,0.1625843644142151,0.1625843644142151,0.16587818362784512,0.0032938192136300337,0.1625843644142151,0.0
14.899871,0.1605763584375381,0.1605763584375381,0.16665643497057492,0.006080076533036827,0.1605763584375381,0.0
14.999831,0.1680673062801361,0.1680673062801361,0.16542440557989366,0.002642900700242451,0.1680673062801361,0.0
15.099791,0.1717488914728164,0.1717488914728164,0.17211212304187287,0.00036323156905646026,0.1717488914728164,0.0
15.199751,0.1672129034996032,0.1672129034996032,0.1755694372537791,0.008356533754175915,0.1672129034996032,0.0
15.299711,0.1684785038232803,0.1684785038232803,0.17217120367378178,0.0036926998505014685,0.1684785038232803,0.0
15.399671,0.1787280738353729,0.1787280738353729,0.17354919337531016,0.005178880460062735,0.1787280738353729,0.0
15.499631,0.1864383369684219,0.1864383369684219,0.1825752790203176,0.0038630579481043203,0.1864383369684219,0.0
15.599591,0.1915138363838195,0.1915138363838195,0.18938944259415952,0.0021243937896599785,0.1915138363838195,0.0
15.699551,0.1899390071630478,0.1899390071630478,0.19386892758975854,0.0039299204267107535,0.1899390071630478,0.0
15.799511,0.1931282430887222,0.1931282430887222,0.1927583567204049,0.00036988636831730703,0.1931282430887222,0.0
15.899471,0.1897013485431671,0.1897013485431671,0.19565191248843192,0.005950563945264831,0.1897013485431671,0.0
15.999431,0.1933178901672363,0.1933178901672363,0.1930734238276919,0.00024446633954439134,0.1933178901672363,0.0
16.099391,0.1946120411157608,0.1946120411157608,0.19634863197533675,0.0017365908595759483,0.1946120411157608,0.0
16.199351,0.1986903995275497,0.1986903995275497,0.1976757706037641,0.0010146289237855932,0.1986903995275497,0.0
16.299311,0.2098551243543625,0.2098551243543625,0.2016831145986541,0.008172009755708393,0.2098551243543625,0.0
16.399271,0.212838590145111,0.212838590145111,0.21158080583013933,0.0012577843149716716,0.212838590145111,0.0
16.499231,0.2151813209056854,0.2151813209056854,0.2148167388362165,0.00036458206946890503,0.2151813209056854,0.0
16.599191,0.2245531529188156,0.2245531529188156,0.21732294054515552,0.007230212373660089,0.2245531529188156,0.0
16.699984,0.2340211868286132,0.2340211868286132,0.22565383877134815,0.00836734805726505,0.2340211868286132,0.0
16.799944,0.24542236328125,0.24542236328125,0.23389112175752688,0.011531241523723118,0.24542236328125,0.0
16.899904,0.2550788819789886,0.2550788819789886,0.24385473499266225,0.011224146986326344,0.2550788819789886,0.0
16.999864,0.2623319029808044,0.2623319029808044,0.2521889600081414,0.010142942972662994,0.2623319029808044,0.0
17.099824,0.2620027959346771,0.2620027959346771,0.2583558403803602,0.003646955554316933,0.2620027959346771,0.0
17.199784,0.258623719215393,0.258623719215393,0.25799304739434753,0.0006306718210454809,0.258623719215393,0.0
17.299744,0.2533272504806518,0.2533272504806518,0.2549752198712487,0.001647969390596915,0.2533272504806518,0.0
17.399704,0.248775839805603,0.248775839805603,0.2503041139084951,0.0015282741028921076,0.248775839805603,0.0
17.499664,0.2488702088594436,0.2488702088594436,0.24651974850572253,0.002350460353721079,0.2488702088594436,0.0
17.599624,0.2521282434463501,0.2521282434463501,0.24671227941628107,0.005415964030069026,0.2521282434463501,0.0
17.699584,0.2573334872722626,0.2573334872722626,0.2498872182439451,0.007446269028317465,0.2573334872722626,0.0
17.799544,0.2592130303382873,0.2592130303382873,0.2547455671299011,0.004467463208386202,0.2592130303382873,0.0
17.899504,0.2639926671981811,0.2639926671981811,0.2570152367105593,0.006977430487621783,0.2639926671981811,0.0
17.999464,0.2674306631088257,0.2674306631088257,0.26156261879467746,0.005868044314148224,0.2674306631088257,0.0
18.099424,0.2684285640716553,0.2684285640716553,0.26495999176808166,0.003468572303573614,0.2684285640716553,0.0
18.199384,0.26798215508461,0.26798215508461,0.2660584511052896,0.0019237039793204014,0.26798215508461,0.0
18.299344,0.2688263654708862,0.2688263654708862,0.2657931424522697,0.003033223018616471,0.2688263654708862,0.0
18.399304,0.2664466202259063,0.2664466202259063,0.26641919839700523,2.7421828901086354e-05,0.2664466202259063,0.0
18.499264,0.2656035721302032,0.2656035721302032,0.2642636127215392,0.0013399594086639932,0.2656035721302032,0.0
18.599224,0.2635912001132965,0.2635912001132965,0.26316097128687205,0.00043022882642446136,0.2635912001132965,0.0
18.699184,0.2557105422019958,0.2557105422019958,0.26098571412302,0.005275171921024224,0.2557105422019958,0.0
18.799977,0.2467818409204483,0.2467818409204483,0.25373392904439607,0.006952088123947764,0.2467818409204483,0.0
18.899937,0.2362769544124603,0.2362769544124603,0.245675563252121,0.009398608839660705,0.2362769544124603,0.0
18.999897,0.2225998640060424,0.2225998640060424,0.23609897378299524,0.013499109776952845,0.2225998640060424,0.0
19.099857,0.2114640921354293,0.2114640921354293,0.22412484892453025,0.012660756789100946,0.2114640921354293,0.0
19.199817,0.2133538872003555,0.2133538872003555,0.21432933400214413,0.0009754468017886264,0.2133538872003555,0.0
19.299777,0.2169961333274841,0.2169961333274841,0.2155126007220998,0.0014835326053843079,0.2169961333274841,0.0
19.399737,0.2172879576683044,0.2172879576683044,0.21818356220905039,0.0008956045407459978,0.2172879576683044,0.0
19.499697,0.2140038609504699,0.2140038609504699,0.21816780389839524,0.004163942947925353,0.2140038609504699,0.0
19.599657,0.2128297835588455,0.2128297835588455,0.21510644191730446,0.0022766583584589717,0.2128297835588455,0.0
19.699617,0.2082860767841339,0.2082860767841339,0.21391487792068314,0.005628801136549233,0.2082860767841339,0.0
19.799577,0.2028424739837646,0.2028424739837646,0.20982082303985738,0.006978349056092792,0.2028424739837646,0.0
19.899537,0.2057108879089355,0.2057108879089355,0.20519736449439333,0.0005135234145421663,0.2057108879089355,0.0
19.999497,0.2081239223480224,0.2081239223480224,0.2074356214363636,0.0006883009116588068,0.2081239223480224,0.0
20.099457,0.2063240557909011,0.2063240557909011,0.2094347341321444,0.0031106783412432892,0.2063240557909011,0.0
20.199417,0.2067589312791824,0.2067589312791824,0.20788000239389848,0.0011210711147160712,0.2067589312791824,0.0
20.299377,0.201091393828392,0.201091393828392,0.2081967622710497,0.007105368442657689,0.201091393828392,0.0
20.399337,0.1949961334466934,0.1949961334466934,0.20337833369606886,0.008382200249375471,0.1949961334466934,0.0
20.499297,0.1966078579425811,0.1966078579425811,0.19837464265899316,0.001766784716412062,0.1966078579425811,0.0
20.599257,0.204731747508049,0.204731747508049,0.19978601322655024,0.004945734281498776,0.204731747508049,0.0
20.699217,0.2077664583921432,0.2077664583921432,0.2067680613334919,0.0009983970586512902,0.2077664583921432,0.0
20.80001,0.2095356434583664,0.2095356434583664,0.20939455736596138,0.0001410860924050128,0.2095356434583664,0.0
20.89997,0.2089755237102508,0.2089755237102508,0.21084211710955347,0.001866593399302674,0.2089755237102508,0.0
20.99993,0.2091487348079681,0.2091487348079681,0.21021719360927135,0.0010684588013032403,0.2091487348079681,0.0
21.09989,0.2071002870798111,0.2071002870798111,0.21018758147513653,0.0030872943953254295,0.2071002870798111,0.0
21.19985,0.2061400860548019,0.2061400860548019,0.20818019967264084,0.002040113617838929,0.2061400860548019,0.0
21.29981,0.2096433043479919,0.2096433043479919,0.20720929644323732,0.002434007904754565,0.2096433043479919,0.0
21.39977,0.2070841938257217,0.2070841938257217,0.20983904921316138,0.002754855387439664,0.2070841938257217,0.0
21.49973,0.2026644647121429,0.2026644647121429,0.20765154538784586,0.004987080675702971,0.2026644647121429,0.0
21.59969,0.2007595151662826,0.2007595151662826,0.2037575257955974,0.00299801062931479,0.2007595151662826,0.0
21.69965,0.1952629387378692,0.1952629387378692,0.20209859761191207,0.00683565887404286,0.1952629387378692,0.0
21.79961,0.187232494354248,0.187232494354248,0.19733230101125118,0.01009980665700319,0.187232494354248,0.0
21.89957,0.1824957281351089,0.1824957281351089,0.19061497389233778,0.008119245757228888,0.1824957281351089,0.0
21.99953,0.1882186830043792,0.1882186830043792,0.18670122960196792,0.001517453402411273,0.1882186830043792,0.0
22.09949,0.1991746127605438,0.1991746127605438,0.19177224159070788,0.007402371169835914,0.1991746127605438,0.0
22.19945,0.2081766575574875,0.2081766575574875,0.2010523836217469,0.007124273935740583,0.2081766575574875,0.0
22.29941,0.203708067536354,0.203708067536354,0.2086332943158865,0.004925226779532499,0.203708067536354,0.0
22.39937,0.1978229135274887,0.1978229135274887,0.20465743883244714,0.006834525304958428,0.1978229135274887,0.0
22.49933,0.1951485872268676,0.1951485872268676,0.1995043357193044,0.004355748492436806,0.1951485872268676,0.0
22.59929,0.1907351315021515,0.1907351315021515,0.19711396482384352,0.0063788333216920345,0.1907351315021515,0.0
22.69925,0.1866783648729324,0.1866783648729324,0.19347933630501707,0.006800971432084663,0.1866783648729324,0.0
22.79921,0.1868817955255508,0.1868817955255508,0.18999205449023582,0.003110258964685031,0.1868817955255508,0.0
22.900003,0.1893874406814575,0.1893874406814575,0.18998790078840042,0.0006004601069429238,0.1893874406814575,0.0
22.999963,0.1877037137746811,0.1877037137746811,0.19186518350214268,0.004161469727461592,0.1877037137746811,0.0
23.099923,0.1876264959573745,0.1876264959573745,0.19036026663794317,0.0027337706805686812,0.1876264959573745,0.0
23.199883,0.186747208237648,0.186747208237648,0.19032033875844886,0.0035731305208008546,0.186747208237648,0.0
23.299843,0.1862323880195617,0.1862323880195617,0.18959900474273406,0.0033666167231723443,0.1862323880195617,0.0
23.399803,0.1852724999189376,0.1852724999189376,0.18917590820341887,0.003903408284481269,0.1852724999189376,0.0
23.499763,0.1798417121171951,0.1798417121171951,0.1883870399359418,0.0085453278187467,0.1798417121171951,0.0
23.599723,0.1805344223976135,0.1805344223976135,0.18392383619228597,0.0033894137946724745,0.1805344223976135,0.0
23.699683,0.1831169724464416,0.1831169724464416,0.18449312875714005,0.0013761563106984565,0.1831169724464416,0.0
23.799643,0.1871204376220703,0.1871204376220703,0.18661555509138383,0.000504882530686479,0.1871204376220703,0.0
23.899603,0.1904973238706588,0.1904973238706588,0.18990573718130616,0.0005915866893526356,0.1904973238706588,0.0
23.999563,0.1831613332033157,0.1831613332033157,0.19240961560006048,0.009248282396744772,0.1831613332033157,0.0
24.099523,0.1775110512971878,0.1775110512971878,0.1858513586594563,0.008340307362268484,0.1775110512971878,0.0
24.199483,0.1685715466737747,0.1685715466737747,0.18060795657000753,0.012036409896232836,0.1685715466737747,0.0
24.299443,0.1661293804645538,0.1661293804645538,0.17280627270296403,0.006676892238410226,0.1661293804645538,0.0
24.399403,0.167617455124855,0.167617455124855,0.17059031834644925,0.002972863221594235,0.167617455124855,0.0
24.499363,0.1691760271787643,0.1691760271787643,0.17186453910365015,0.002688511924885867,0.1691760271787643,0.0
24.599323,0.170352891087532,0.170352891087532,0.1731612813912677,0.002808390303735725,0.170352891087532,0.0
24.699283,0.1622876226902008,0.1622876226902008,0.17407100827759356,0.011783385587392753,0.1622876226902008,0.0
24.799243,0.1564538478851318,0.1564538478851318,0.16701790052623677,0.010564052641104965,0.1564538478851318,0.0
24.899203,0.1476850807666778,0.1476850807666778,0.1614767176127039,0.013791636846026106,0.1476850807666778,0.0
24.999996,0.1368532925844192,0.1368532925844192,0.15312334366882763,0.016270051084408432,0.1368532925844192,0.0
25.099956,0.1356284767389297,25.13562847673893,0.1431423024239161,24.992486174315015,0.1431423024239161,1.0
25.199916,0.1326507031917572,25.132650703191757,0.1472442007672981,24.98540650242446,0.1472442007672981,1.0
25.299876,0.1231007725000381,25.123100772500038,0.149766497085484,24.973334275414555,0.149766497085484,1.0
25.399836,0.1125462800264358,25.112546280026436,0.15093316819570857,24.961613111830726,0.15093316819570857,1.0
25.499796,0.1032638177275657,25.103263817727566,0.15126429699145763,24.95199952073611,0.15126429699145763,1.0
25.599756,0.1006858348846435,25.100685834884644,0.15117922781453125,24.949506607070113,0.15117922781453125,1.0
25.699716,0.1035998463630676,25.103599846363068,0.1510741188060429,24.952525727557024,0.1510741188060429,1.0
25.799676,0.107931949198246,25.107931949198246,0.15109103965373918,24.956840909544507,0.15109103965373918,1.0
25.899636,0.1103197336196899,25.11031973361969,0.1514630057742175,24.958856727845472,0.1514630057742175,1.0
25.999596,0.1103115007281303,25.11031150072813,0.15190020604006949,24.958411294688062,0.15190020604006949,1.0
26.099556,0.1078496575355529,25.107849657535553,0.15226489450886066,24.955584763026692,0.15226489450886066,1.0
26.199516,0.1099740862846374,25.109974086284637,0.1525757965920585,24.95739828969258,0.1525757965920585,1.0
26.299476,0.1094466149806976,25.109446614980698,0.15292786444346665,24.95651875053723,0.15292786444346665,1.0
26.399436,0.1102516800165176,25.110251680016518,0.15328720367070311,24.956964476345814,0.15328720367070311,1.0
26.499396,0.1130465492606163,25.113046549260616,0.15373860317405375,24.95930794608656,0.15373860317405375,1.0
26.599356,0.1152753755450248,25.115275375545025,0.15432813326078731,24.960947242284238,0.15432813326078731,1.0
26.699316,0.1165289431810379,25.116528943181038,0.15516613442406604,24.96136280875697,0.15516613442406604,1.0
26.799276,0.118795096874237,25.118795096874237,0.15613529425004039,24.962659802624195,0.15613529425004039,1.0
26.899236,0.122879110276699,25.1228791102767,0.1572420251331108,24.965637085143587,0.1572420251331108,1.0
26.999196,0.1236724033951759,25.123672403395176,0.15836217009129105,24.965310233303885,0.15836217009129105,1.0
27.099989,0.12868033349514,25.12868033349514,0.1594832550954452,24.969197078399695,0.1594832550954452,1.0
27.199949,0.1274621188640594,25.12746211886406,0.1606006321347063,24.966861486729353,0.1606006321347063,1.0
27.299909,0.1257401704788208,25.12574017047882,0.16158879108904015,24.96415137938978,0.16158879108904015,1.0
27.399869,0.129854530096054,25.129854530096054,0.1624095901989963,24.967444939897057,0.1624095901989963,1.0
27.499829,0.1328936964273452,25.132893696427345,0.16343173430594105,24.969461962121404,0.16343173430594105,1.0
27.599789,0.1349629759788513,25.13496297597885,0.1645403025122046,24.970422673466647,0.1645403025122046,1.0
27.699749,0.1275823265314102,25.12758232653141,0.1655982648616561,24.961984061669753,0.1655982648616561,1.0
27.799709,0.1211971342563629,25.121197134256363,0.16658545688360912,24.954611677372753,0.16658545688360912,1.0
27.899669,0.1262272000312805,25.12622720003128,0.1675559286041922,24.95867127142709,0.1675559286041922,1.0
27.999629,0.1320752203464508,25.13207522034645,0.1684294594519582,24.963645760894494,0.1684294594519582,1.0
28.099589,0.1352419257164001,25.1352419257164,0.16918948533772454,24.966052440378675,0.16918948533772454,1.0
28.199549,0.1442914754152298,25.14429147541523,0.16989914539919962,24.97439233001603,0.16989914539919962,1.0
28.299509,0.1497038602828979,25.149703860282898,0.17090642466872166,24.978797435614176,0.17090642466872166,1.0
28.399469,0.1500803530216217,25.15008035302162,0.1720075759483773,24.978072777073244,0.1720075759483773,1.0
28.499429,0.1532931178808212,25.15329311788082,0.1729032307748405,24.980389887105982,0.1729032307748405,1.0
28.599389,0.1512928903102874,25.151292890310287,0.1734636009200257,24.97782928939026,0.1734636009200257,1.0
28.699349,0.1503881514072418,25.150388151407242,0.17369057472856483,24.976697576678678,0.17369057472856483,1.0
28.799309,0.1495393961668014,25.1495393961668,0.17376236841408138,24.97577702775272,0.17376236841408138,1.0
28.899269,0.1475543230772018,25.147554323077202,0.173780866718656,24.973773456358547,0.173780866718656,1.0
28.999229,0.143082857131958,25.143082857131958,0.17378545520038133,24.969297401931577,0.17378545520038133,1.0
29.099189,0.1403810381889343,25.140381038188934,0.17377850579949053,24.966602532389444,0.17377850579949053,1.0
29.199982,0.1382975876331329,25.138297587633133,0.17365161766158538,24.96464596997155,0.17365161766158538,1.0
29.299942,0.1356552690267563,25.135655269026756,0.17353131515215012,24.962123953874606,0.17353131515215012,1.0
29.399902,0.1326193362474441,25.132619336247444,0.1734478733432359,24.95917146290421,0.1734478733432359,1.0
29.499862,0.1352983862161636,25.135298386216164,0.17339275791627737,24.961905628299885,0.17339275791627737,1.0
29.599822,0.1443086713552475,25.144308671355247,0.17337788061192294,24.970930790743324,0.17337788061192294,1.0
29.699782,0.1522030383348465,25.152203038334846,0.17367815112831583,24.978524887206532,0.17367815112831583,1.0
29.799742,0.1576219201087951,25.157621920108795,0.17430677665876024,24.983315143450035,0.17430677665876024,1.0
29.899702,0.1608143299818039,25.160814329981804,0.17524001640588024,24.985574313575924,0.17524001640588024,1.0
29.999662,0.1611169427633285,25.16111694276333,0.1764308681921151,24.984686074571215,0.1764308681921151,1.0
30.099622,0.1611824929714203,25.16118249297142,0.177614812098252,24.98356768087317,0.177614812098252,1.0
30.199582,0.1611796468496322,25.161179646849632,0.17871423523753713,24.982465411612097,0.17871423523753713,1.0
30.299542,0.1617285907268524,25.161728590726852,0.17965944182835622,24.982069148898496,0.17965944182835622,1.0
30.399502,0.1566987037658691,25.15669870376587,0.1802121764939408,24.976486527271927,0.1802121764939408,1.0
30.499462,0.146969273686409,25.14696927368641,0.18025317570519922,24.96671609798121,0.18025317570519922,1.0
30.599422,0.1368405967950821,25.136840596795082,0.1797947848521973,24.957045811942884,0.1797947848521973,1.0
30.699382,0.1347101330757141,25.134710133075714,0.17902024230446373,24.95568989077125,0.17902024230446373,1.0
30.799342,0.1366293728351593,25.13662937283516,0.17818386609716683,24.95844550673799,0.17818386609716683,1.0
30.899302,0.1400943249464035,25.140094324946404,0.17740637187739094,24.96268795306901,0.17740637187739094,1.0
30.999262,0.1453619599342346,25.145361959934235,0.17675411062431706,24.96860784930992,0.17675411062431706,1.0
31.099222,0.1466040164232254,25.146604016423225,0.17621806042813246,24.97038595599509,0.17621806042813246,1.0
31.200015,0.1480883806943893,25.14808838069439,0.17561676898723147,24.972471611707157,0.17561676898723147,1.0
31.299975,0.1517498791217804,25.15174987912178,0.1747506241384282,24.97699925498335,0.1747506241384282,1.0
31.399935,0.1471897661685943,25.147189766168594,0.17387008721857725,24.973319678950016,0.17387008721857725,1.0
31.499895,0.1407220959663391,25.14072209596634,0.1730412721223626,24.967680823843978,0.1730412721223626,1.0
31.599855,0.1324228793382644,25.132422879338264,0.17193490101225697,24.960487978326007,0.17193490101225697,1.0
31.699815,0.1263663172721862,25.126366317272186,0.17043208219487274,24.955934235077315,0.17043208219487274,1.0
31.799775,0.1212967783212661,25.121296778321266,0.16863341753328318,24.952663360787984,0.16863341753328318,1.0
31.899735,0.1191803365945816,25.11918033659458,0.16676057685410023,24.952419759740483,0.16676057685410023,1.0
31.999695,0.1170689389109611,25.11706893891096,0.16493121346098044,24.95213772544998,0.16493121346098044,1.0
32.099655,0.1163141280412674,25.116314128041267,0.16343275513953062,24.952881372901736,0.16343275513953062,1.0
32.199615,0.1146181970834732,25.114618197083473,0.16219741009116073,24.952420786992313,0.16219741009116073,1.0
32.299575,0.1150090247392654,25.115009024739265,0.16119588439450486,24.95381314034476,0.16119588439450486,1.0
32.399535,0.1132014915347099,25.11320149153471,0.16048855966278494,24.952712931871925,0.16048855966278494,1.0
32.499495,0.115897923707962,25.115897923707962,0.16007208233565107,24.95582584137231,0.16007208233565107,1.0
32.599455,0.1196738481521606,25.11967384815216,0.15990013788795976,24.9597737102642,0.15990013788795976,1.0
32.699415,0.1242256313562393,25.12422563135624,0.16010430382002394,24.964121327536215,0.16010430382002394,1.0
32.799375,0.127109944820404,25.127109944820404,0.16084727452464964,24.966262670295755,0.16084727452464964,1.0
32.899335,0.1359146982431411,25.13591469824314,0.16210210003336753,24.973812598209772,0.16210210003336753,1.0
32.999295,0.1412088721990585,25.14120887219906,0.16368679495689475,24.977522077242163,0.16368679495689475,1.0
33.099255,0.1444272249937057,25.144427224993706,0.1654557797287312,24.978971445264975,0.1654557797287312,1.0
33.199215,0.1431752890348434,25.143175289034843,0.16719651393608426,24.97597877509876,0.16719651393608426,1.0
33.300008,0.1510459631681442,25.151045963168144,0.1687913571628015,24.98225460600534,0.1687913571628015,1.0
33.399968,0.1555622518062591,25.15556225180626,0.17014194234578903,24.98542030946047,0.17014194234578903,1.0
33.499928,0.1498422771692276,25.149842277169228,0.17125542719375633,24.97858684997547,0.17125542719375633,1.0
33.599888,0.1452204436063766,25.145220443606377,0.17192789853652438,24.973292545069853,0.17192789853652438,1.0
33.699848,0.1389932185411453,25.138993218541145,0.172193983804325,24.966799234736822,0.172193983804325,1.0
33.799808,0.1320024728775024,25.132002472877502,0.17221509316356579,24.959787379713937,0.17221509316356579,1.0
33.899768,0.1316142678260803,25.13161426782608,0.17218272215580208,24.959431545670277,0.17218272215580208,1.0
33.999728,0.1367474943399429,25.136747494339943,0.17219115539288052,24.964556338947062,0.17219115539288052,1.0
34.099688,0.1377153694629669,25.137715369462967,0.1721980861102412,24.965517283352725,0.1721980861102412,1.0
34.199648,0.1357684731483459,25.135768473148346,0.17219443220977274,24.963574040938575,0.17219443220977274,1.0
34.299608,0.1294576823711395,25.12945768237114,0.17219015841715693,24.957267523953984,0.17219015841715693,1.0
34.399568,0.128626137971878,25.128626137971878,0.17196912042626605,24.956657017545613,0.17196912042626605,1.0
34.499528,0.1296661645174026,25.129666164517403,0.17155471086353707,24.958111453653867,0.17155471086353707,1.0
34.599488,0.1307319104671478,25.130731910467148,0.17105988844615397,24.959672022020992,0.17105988844615397,1.0
34.699448,0.1309243440628051,25.130924344062805,0.17051276219032424,24.96041158187248,0.17051276219032424,1.0
34.799408,0.1302760690450668,25.130276069045067,0.16989848893613313,24.960377580108933,0.16989848893613313,1.0
34.899368,0.1299101114273071,25.129910111427307,0.16914372260549532,24.960766388821813,0.16914372260549532,1.0
34.999328,0.1294159591197967,25.129415959119797,0.16839918166442652,24.96101677745537,0.16839918166442652,1.0
35.099288,0.1291065663099289,25.12910656630993,0.16774214543237959,24.961364420877548,0.16774214543237959,1.0
35.199248,0.1285795122385025,25.128579512238503,0.16692523892504466,24.961654273313457,0.16692523892504466,1.0
35.299208,0.1282057613134384,25.12820576131344,0.1657628373077109,24.962442924005728,0.1657628373077109,1.0
35.400001,0.1278142780065536,25.127814278006554,0.16428015776300922,24.963534120243544,0.16428015776300922,1.0
35.499961,0.1222528293728828,25.122252829372883,0.16271068731563548,24.95954214205725,0.16271068731563548,1.0
35.599921,0.1142798885703086,25.11427988857031,0.16106584060238774,24.953214047967922,0.16106584060238774,1.0
35.699881,0.1027493774890899,25.10274937748909,0.15945207413147727,24.943297303357614,0.15945207413147727,1.0
35.799841,0.0982272401452064,25.098227240145206,0.15792238718508708,24.940304852960118,0.15792238718508708,1.0
35.899801,0.0994816496968269,25.099481649696827,0.15665539506282086,24.942826254634006,0.15665539506282086,1.0
35.999761,0.0976683944463729,25.097668394446373,0.15563689239606907,24.942031502050305,0.15563689239606907,1.0
36.099721,0.0978430286049842,25.097843028604984,0.15496744548996252,24.942875583115022,0.15496744548996252,1.0
36.199681,0.1043046861886978,25.104304686188698,0.15456376249359155,24.949740923695106,0.15456376249359155,1.0
36.299641,0.1068824753165245,25.106882475316525,0.1543969286474037,24.95248554666912,0.1543969286474037,1.0
36.399601,0.1082843467593193,25.10828434675932,0.15421327933188508,24.954071067427435,0.15421327933188508,1.0
36.499561,0.1089004799723625,25.108900479972363,0.15387600794667367,24.955024472025688,0.15387600794667367,1.0
36.599521,0.1021204888820648,25.102120488882065,0.1531862373171283,24.948934251564935,0.1531862373171283,1.0
36.699481,0.0963527113199234,25.096352711319923,0.15229103460459117,24.944061676715332,0.15229103460459117,1.0
36.799441,0.0976779833436012,25.0976779833436,0.15124431913163736,24.946433664211963,0.15124431913163736,1.0
36.899401,0.098767913877964,25.098767913877964,0.15023954183587623,24.948528372042087,0.15023954183587623,1.0
36.999361,0.0971316844224929,25.097131684422493,0.14937816633964782,24.947753518082845,0.14937816633964782,1.0
37.099321,0.0987077802419662,25.098707780241966,0.14871855552223395,24.949989224719733,0.14871855552223395,1.0
37.199281,0.0988728702068328,25.098872870206833,0.14823929391391488,24.95063357629292,0.14823929391391488,1.0
37.299241,0.0993632897734642,25.099363289773464,0.14792261792463698,24.95144067184883,0.14792261792463698,1.0
37.399201,0.1042828559875488,25.10428285598755,0.14784301937749258,24.956439836610055,0.14784301937749258,1.0
37.499994,0.1065988466143608,25.10659884661436,0.14815710584923325,24.958441740765128,0.14815710584923325,1.0
37.599954,0.1109627187252044,25.110962718725204,0.1488061847359998,24.962156533989205,0.1488061847359998,1.0
37.699914,0.1142354533076286,25.11423545330763,0.1494797892564722,24.964755664051157,0.1494797892564722,1.0
37.799874,0.1193836033344268,25.119383603334427,0.15007881163882864,24.9693047916956,0.15007881163882864,1.0
37.899834,0.1158342808485031,25.115834280848503,0.15057464774342197,24.96525963310508,0.15057464774342197,1.0
37.999794,0.112410582602024,25.112410582602024,0.150761590798238,24.961648991803788,0.150761590798238,1.0
38.099754,0.1074280887842178,25.107428088784218,0.15057592378539356,24.956852164998825,0.15057592378539356,1.0
38.199714,0.1022612527012825,25.102261252701283,0.15012721631213152,24.95213403638915,0.15012721631213152,1.0
38.299674,0.0974318608641624,25.097431860864162,0.1495453285853176,24.947886532278844,0.1495453285853176,1.0
38.399634,0.0907225236296653,25.090722523629665,0.1489698869608974,24.941752636668767,0.1489698869608974,1.0
38.499594,0.0947715118527412,25.09477151185274,0.14854159638720138,24.94622991546554,0.14854159638720138,1.0
38.599554,0.1037647277116775,25.103764727711678,0.14854300290002787,24.95522172481165,0.14854300290002787,1.0
38.699514,0.1033251732587814,25.10332517325878,0.14881585281355184,24.95450932044523,0.14881585281355184,1.0
38.799474,0.0998059138655662,25.099805913865566,0.14916591108412322,24.950640002781444,0.14916591108412322,1.0
38.899434,0.0977374985814094,25.09773749858141,0.14949932800728108,24.94823817057413,0.14949932800728108,1.0
38.999394,0.0973863452672958,25.097386345267296,0.14977463205869854,24.947611713208598,0.14977463205869854,1.0
39.099354,0.1035820841789245,25.103582084178925,0.15000377766369066,24.953578306515233,0.15000377766369066,1.0
39.199314,0.1133508905768394,25.11335089057684,0.1505388612050606,24.96281202937178,0.1505388612050606,1.0
39.299274,0.1208025217056274,25.120802521705627,0.15177769531710822,24.96902482638852,0.15177769531710822,1.0
39.399234,0.1189261823892593,25.11892618238926,0.15336183149119967,24.96556435089806,0.15336183149119967,1.0
39.499194,0.118380069732666,25.118380069732666,0.15488472554511162,24.963495344187553,0.15488472554511162,1.0
39.599987,0.1214542686939239,25.121454268693924,0.1561543028219764,24.965299965871946,0.1561543028219764,1.0
39.699947,0.1201451048254966,25.120145104825497,0.15718234526834163,24.962962759557154,0.15718234526834163,1.0
39.799907,0.1208736076951026,25.120873607695103,0.157908294256026,24.962965313439078,0.157908294256026,1.0
39.899867,0.1192042008042335,25.119204200804234,0.15826346677018327,24.96094073403405,0.15826346677018327,1.0
39.999827,0.1232170984148979,25.123217098414898,0.15818863495637994,24.965028463458516,0.15818863495637994,1.0
40.099787,0.1196448728442192,25.11964487284422,0.15795050706880687,24.96169436577541,0.15795050706880687,1.0
40.199747,0.1111361160874366,25.111136116087437,0.15725186359900725,24.95388425248843,0.15725186359900725,1.0
40.299707,0.1085555329918861,25.108555532991886,0.1562103637600348,24.95234516923185,0.1562103637600348,1.0
40.399667,0.1035483032464981,25.103548303246498,0.15498201391643904,24.94856628933006,0.15498201391643904,1.0
40.499627,0.1031480282545089,25.10314802825451,0.15372811178801238,24.949419916466496,0.15372811178801238,1.0
40.599587,0.100000612437725,25.100000612437725,0.15253807578579273,24.947462536651933,0.15253807578579273,1.0
40.699547,0.0977998897433281,25.097799889743328,0.15145833786005827,24.94634155188327,0.15145833786005827,1.0
40.799507,0.099484346807003,25.099484346807003,0.1505317164624004,24.948952630344603,0.1505317164624004,1.0
40.899467,0.0969402939081192,25.09694029390812,0.14978975468027395,24.947150539227845,0.14978975468027395,1.0
40.999427,0.1000826731324195,25.10008267313242,0.14913036337595162,24.950952309756467,0.14913036337595162,1.0
41.099387,0.0971131324768066,25.097113132476807,0.14859114477035426,24.948521987706453,0.14859114477035426,1.0
41.199347,0.0955155193805694,25.09551551938057,0.14817052238443054,24.94734499699614,0.14817052238443054,1.0
41.299307,0.0974600538611412,25.09746005386114,0.14788462765229246,24.94957542620885,0.14788462765229246,1.0
41.399267,0.1003899350762367,25.100389935076237,0.1476899928378708,24.952699942238365,0.1476899928378708,1.0
41.499227,0.1025342643260955,25.102534264326096,0.1475126607063201,24.955021603619777,0.1475126607063201,1.0
41.599187,0.1022366657853126,25.102236665785313,0.1473858229870466,24.954850842798265,0.1473858229870466,1.0
41.69998,0.1071545481681823,25.107154548168182,0.14754474587867275,24.95960980228951,0.14754474587867275,1.0
41.79994,0.1134030148386955,25.113403014838696,0.14782441585481756,24.96557859898388,0.14782441585481756,1.0
41.8999,0.1129692420363426,25.112969242036343,0.14810770039189677,24.964861541644446,0.14810770039189677,1.0
41.99986,0.1110112741589546,25.111011274158955,0.14824899543804884,24.962762278720906,0.14824899543804884,1.0
42.09982,0.1076409965753555,25.107640996575356,0.14821768188580495,24.959423314689552,0.14821768188580495,1.0
42.19978,0.1041089668869972,25.104108966886997,0.14796469480085192,24.956144272086146,0.14796469480085192,1.0
42.29974,0.0959312841296196,25.09593128412962,0.14758683883228063,24.948344445297337,0.14758683883228063,1.0
42.3997,0.09375711530447,25.09375711530447,0.14713461266091965,24.94662250264355,0.14713461266091965,1.0
42.49966,0.0953854545950889,25.09538545459509,0.14670868167674664,24.948676772918343,0.14670868167674664,1.0
42.59962,0.0964132398366928,25.096413239836693,0.14641890510670583,24.949994334729986,0.14641890510670583,1.0
42.69958,0.0987639650702476,25.098763965070248,0.14639106428867713,24.95237290078157,0.14639106428867713,1.0
42.79954,0.0989925637841224,25.098992563784122,0.1465842150749596,24.952408348709163,0.1465842150749596,1.0
42.8995,0.1003675907850265,25.100367590785027,0.14703927398179223,24.953328316803233,0.14703927398179223,1.0
42.99946,0.101164698600769,25.10116469860077,0.1476256472353295,24.95353905136544,0.1476256472353295,1.0
43.09942,0.1036728471517562,25.103672847151756,0.14820188870736709,24.95547095844439,0.14820188870736709,1.0
43.19938,0.107950173318386,25.107950173318386,0.1487727108163006,24.959177462502087,0.1487727108163006,1.0
43.29934,0.1092071384191513,25.10920713841915,0.14954900846084732,24.959658129958303,0.14954900846084732,1.0
43.3993,0.1086508184671402,25.10865081846714,0.15039019285953037,24.95826062560761,0.15039019285953037,1.0
43.49926,0.1097753494977951,25.109775349497795,0.1511656978034346,24.95860965169436,0.1511656978034346,1.0
43.59922,0.1086438596248626,25.108643859624863,0.15181495279961993,24.956828906825244,0.15181495279961993,1.0
43.700013,0.1116049364209175,25.111604936420918,0.15234387905152447,24.959261057369392,0.15234387905152447,1.0
43.799973,0.1082052215933799,25.10820522159338,0.15277450320179212,24.95543071839159,0.15277450320179212,1.0
43.899933,0.10696342587471,25.10696342587471,0.15312840458585403,24.953835021288857,0.15312840458585403,1.0
43.999893,0.1059672087430954,25.105967208743095,0.15338852272715656,24.95257868601594,0.15338852272715656,1.0
44.099853,0.1024309694766998,25.1024309694767,0.1532964686531042,24.949134500823597,0.1532964686531042,1.0
44.199813,0.1041155084967613,25.10411550849676,0.15289022595172913,24.951225282545032,0.15289022595172913,1.0
44.299773,0.1070889681577682,25.10708896815777,0.15231407889229845,24.95477488926547,0.15231407889229845,1.0
44.399733,0.1065069064497947,25.106506906449795,0.15175253880774148,24.954754367642053,0.15175253880774148,1.0
44.499693,0.1029535830020904,25.10295358300209,0.15129411639612386,24.951659466605967,0.15129411639612386,1.0
44.599653,0.102067120373249,25.10206712037325,0.15088685886154515,24.951180261511706,0.15088685886154515,1.0
44.699613,0.1028823778033256,25.102882377803326,0.15048241209479993,24.952399965708526,0.15048241209479993,1.0
44.799573,0.1062623262405395,25.10626232624054,0.15021221908399016,24.95605010715655,0.15021221908399016,1.0
44.899533,0.1056967750191688,25.10569677501917,0.15020181086960782,24.955494964149562,0.15020181086960782,1.0
44.999493,0.1081187650561332,25.108118765056133,0.15035468225284232,24.95776408280329,0.15035468225284232,1.0
45.099453,0.1090779975056648,0.1090779975056648,0.15059142400463293,0.04151342649896814,0.1090779975056648,0.0
45.199413,0.1063581854104995,0.1063581854104995,0.11668385192759397,0.010325666517094462,0.1063581854104995,0.0
45.299373,0.1081964746117591,0.1081964746117591,0.11442855302271007,0.00623207841095097,0.1081964746117591,0.0
45.399333,0.1075717583298683,0.1075717583298683,0.11590996812537352,0.008338209795505216,0.1075717583298683,0.0
45.499293,0.1058765649795532,0.1058765649795532,0.11544223026419842,0.009565665284645225,0.1058765649795532,0.0
45.599253,0.1061509326100349,0.1061509326100349,0.1140842896623337,0.007933357052298792,0.1061509326100349,0.0
45.699213,0.1059186458587646,0.1059186458587646,0.11430977419242545,0.008391128333660847,0.1059186458587646,0.0
45.800006,0.1053609028458595,0.1053609028458595,0.11411887314165367,0.00875797029579417,0.1053609028458595,0.0
45.899966,0.1068693995475769,0.1068693995475769,0.11366050120850665,0.006791101660929749,0.1068693995475769,0.0
45.999926,0.10989910364151,0.10989910364151,0.11490358694633432,0.005004483304824323,0.10989910364151,0.0
46.099886,0.1082224398851394,0.1082224398851394,0.11754123640866483,0.009318796523525436,0.1082224398851394,0.0
46.199846,0.1061004474759101,0.1061004474759101,0.11618145003793601,0.010081002562025904,0.1061004474759101,0.0
46.299806,0.1059579625725746,0.1059579625725746,0.11438376493398036,0.008425802361405763,0.1059579625725746,0.0
46.399766,0.1047293096780777,0.1047293096780777,0.1141829357035991,0.009453626025521397,0.1047293096780777,0.0
46.499726,0.1017034947872161,0.1017034947872161,0.11305430985758856,0.011350815070372458,0.1017034947872161,0.0
46.599686,0.1021462827920913,0.1021462827920913,0.11051132370041253,0.008365040908321228,0.1021462827920913,0.0
46.699646,0.1014594063162803,0.1014594063162803,0.11084357564391806,0.009384169327637762,0.1014594063162803,0.0
46.799606,0.0973066613078117,0.0973066613078117,0.11027907749554902,0.012972416187737326,0.0973066613078117,0.0
46.899566,0.0978771150112152,0.0978771150112152,0.10686621222721758,0.008989097216002384,0.0978771150112152,0.0
46.999526,0.0970631688833236,0.0970631688833236,0.10733503023255299,0.010271861349229389,0.0970631688833236,0.0
47.099486,0.0979359447956085,0.0979359447956085,0.10666610197798662,0.008730157182378115,0.0979359447956085,0.0
47.199446,0.0990189164876937,0.0990189164876937,0.1073833785244635,0.008364462036769799,0.0990189164876937,0.0
47.299406,0.1000081598758697,0.1000081598758697,0.10827340101969653,0.008265241143826832,0.1000081598758697,0.0
47.399366,0.1000372916460037,0.1000372916460037,0.10908639444803067,0.009049102802026976,0.1000372916460037,0.0
47.499326,0.1009467989206314,0.1009467989206314,0.10911033591476955,0.00816353699413816,0.1009467989206314,0.0
47.599286,0.1027947440743446,0.1027947440743446,0.1098577995280041,0.007063055453659511,0.1027947440743446,0.0
47.699246,0.10098247975111,0.10098247975111,0.11137650289650564,0.010394023145395642,0.10098247975111,0.0
47.799206,0.1031591147184372,0.1031591147184372,0.10988712323240621,0.006728008513969014,0.1031591147184372,0.0
47.899999,0.1106925532221794,0.1106925532221794,0.11197305518058517,0.0012805019584057747,0.1106925532221794,0.0
47.999959,0.1136903166770935,0.1136903166770935,0.11860743882123306,0.004917122144139557,0.1136903166770935,0.0
48.099919,0.1134160831570625,0.1134160831570625,0.12130581741948568,0.007889734262423176,0.1134160831570625,0.0
48.199879,0.1143104434013366,0.1143104434013366,0.12104269919938092,0.006732255798044318,0.1143104434013366,0.0
48.299839,0.1117455810308456,0.1117455810308456,0.12161379316796415,0.009868212137118554,0.1117455810308456,0.0
48.399799,0.1057758554816246,0.1057758554816246,0.11919428812734584,0.013418432645721234,0.1057758554816246,0.0
48.499759,0.1036627367138862,0.1036627367138862,0.11395597867494137,0.01029324196105516,0.1036627367138862,0.0
48.599719,0.1016073301434516,0.1016073301434516,0.11189998422069905,0.010292654077247457,0.1016073301434516,0.0
48.699679,0.1001091822981834,0.1001091822981834,0.10990044792289749,0.009791265624714093,0.1001091822981834,0.0
48.799639,0.0975690707564354,0.0975690707564354,0.10846739752033019,0.010898326763894794,0.0975690707564354,0.0
48.899599,0.0993257686495781,0.0993257686495781,0.10626252424387088,0.006936755594292784,0.0993257686495781,0.0
48.999559,0.0984580293297767,0.0984580293297767,0.1076679578744355,0.00920992854465881,0.0984580293297767,0.0
49.099519,0.1012905985116958,0.1012905985116958,0.10695482056875541,0.005664222057059604,0.1012905985116958,0.0
49.199479,0.1022145599126815,0.1022145599126815,0.10928272102048162,0.007068161107800119,0.1022145599126815,0.0
49.299439,0.1026347205042839,0.1026347205042839,0.11004206352002646,0.007407343015742557,0.1026347205042839,0.0
49.399399,0.1041895300149917,0.1041895300149917,0.11038736560028355,0.0061978355852918415,0.1041895300149917,0.0
49.499359,0.0994990244507789,0.0994990244507789,0.11166516025590167,0.012166135805122769,0.0994990244507789,0.0
49.599319,0.0986828580498695,0.0986828580498695,0.10769716758139028,0.009014309531520784,0.0986828580498695,0.0
49.699279,0.0969999879598617,0.0969999879598617,0.10688849433242309,0.00988850637256139,0.0969999879598617,0.0
49.799239,0.0987688153982162,0.0987688153982162,0.10538910604435492,0.006620290646138713,0.0987688153982162,0.0
49.899199,0.099518708884716,0.099518708884716,0.10682749555119118,0.007308786666475178,0.099518708884716,0.0
49.999992,0.0975098982453346,0.0975098982453346,0.10745127814979354,0.009941379904458938,0.0975098982453346,0.0
50.099952,0.0983768180012703,0.0983768180012703,0.1058003701244227,0.007423552123152405,0.0983768180012703,0.0
50.199912,0.0996048748493194,0.0996048748493194,0.10646224397588287,0.00685736912656347,0.0996048748493194,0.0
50.299872,0.1009675189852714,0.1009675189852714,0.10769401934387504,0.006726500358603643,0.1009675189852714,0.0
50.399832,0.1037146523594856,0.1037146523594856,0.10908122078566979,0.005366568426184187,0.1037146523594856,0.0
50.499792,0.10727309435606,0.10727309435606,0.11193890899350752,0.004665814637447516,0.10727309435606,0.0
50.599752,0.1110342964529991,0.1110342964529991,0.1154451010084183,0.004410804555419201,0.1110342964529991,0.0
50.699712,0.1178085505962371,0.1178085505962371,0.11909410586902086,0.0012855552727837616,0.1178085505962371,0.0
50.799672,0.1214632764458656,0.1214632764458656,0.12513461175611423,0.00367133531024863,0.1214632764458656,0.0
50.899632,0.1254236698150634,0.1254236698150634,0.12863320241295326,0.0032095325978898637,0.1254236698150634,0.0
50.999592,0.1293377429246902,0.1293377429246902,0.13223829335872203,0.00290055043403184,0.1293377429246902,0.0
51.099552,0.129050612449646,0.129050612449646,0.13563054965611201,0.006579937206466019,0.129050612449646,0.0
51.199512,0.1319609135389328,0.1319609135389328,0.13551450544247395,0.0035535919035411534,0.1319609135389328,0.0
51.299472,0.1317140609025955,0.1317140609025955,0.13799341712779067,0.006279356225195182,0.1317140609025955,0.0
51.399432,0.1303635388612747,0.1303635388612747,0.1377381329883749,0.007374594127100204,0.1303635388612747,0.0
51.499392,0.1321408152580261,0.1321408152580261,0.13658592528918428,0.004445110031158189,0.1321408152580261,0.0
51.599352,0.1264360547065735,0.1264360547065735,0.1378409266095706,0.011404871902997105,0.1264360547065735,0.0
51.699312,0.1200762763619422,0.1200762763619422,0.132810958039336,0.01273468167739382,0.1200762763619422,0.0
51.799272,0.117863617837429,0.117863617837429,0.127412395591412,0.009548777753982982,0.117863617837429,0.0
51.899232,0.117204949259758,0.117204949259758,0.1255004638860331,0.008295514626275091,0.117204949259758,0.0
51.999192,0.1132657155394554,0.1132657155394554,0.12475603905257926,0.01149032351312386,0.1132657155394554,0.0
52.099985,0.1122949346899986,0.1122949346899986,0.12117508435616944,0.008880149666170845,0.1122949346899986,0.0
52.199945,0.1121860891580581,0.1121860891580581,0.12010214197528352,0.007916052817225419,0.1121860891580581,0.0
52.299905,0.1089199632406234,0.1089199632406234,0.11985363287347849,0.01093366963285508,0.1089199632406234,0.0
52.399865,0.1083734780550003,0.1083734780550003,0.11700716093415316,0.008633682879152851,0.1083734780550003,0.0
52.499825,0.1073770374059677,0.1073770374059677,0.11635404421374779,0.008977006807780089,0.1073770374059677,0.0
52.599785,0.1045360043644905,0.1045360043644905,0.1153352656564531,0.010799261291962611,0.1045360043644905,0.0
52.699745,0.1058395132422447,0.1058395132422447,0.11285799935790608,0.007018486115661374,0.1058395132422447,0.0
52.799705,0.1045632362365722,0.1045632362365722,0.11381743713422127,0.00925420089764907,0.1045632362365722,0.0
52.899665,0.101195178925991,0.101195178925991,0.11271625045555944,0.011521071529568438,0.101195178925991,0.0
52.999625,0.1018245369195938,0.1018245369195938,0.10995671559247558,0.008132178672881782,0.1018245369195938,0.0
53.099585,0.1013010218739509,0.1013010218739509,0.11047593418920405,0.00917491231525315,0.1013010218739509,0.0
53.199545,0.1035157665610313,0.1035157665610313,0.11004569194869085,0.006529925387659549,0.1035157665610313,0.0
53.299505,0.1037768721580505,0.1037768721580505,0.11186584348829758,0.00808897133024708,0.1037768721580505,0.0
53.399465,0.1019694432616233,0.1019694432616233,0.11208042883404275,0.010110985572419448,0.1019694432616233,0.0
53.499425,0.0989245474338531,0.0989245474338531,0.11059502308603372,0.011670475652180629,0.0989245474338531,0.0
53.599385,0.097612589597702,0.097612589597702,0.10881848317804733,0.011205893580345336,0.097612589597702,0.0
53.699345,0.0972843244671821,0.0972843244671821,0.11133322477594393,0.014048900308761825,0.0972843244671821,0.0
53.799305,0.0972101092338562,0.0972101092338562,0.11449479759450117,0.017284688360644965,0.0972101092338562,0.0
53.899265,0.09746715426445,0.09746715426445,0.11607787739251238,0.018610723128062376,0.09746715426445,0.0
53.999225,0.0976627022027969,0.0976627022027969,0.11666177184263851,0.018999069639841618,0.0976627022027969,0.0
54.099185,0.0978056490421295,0.0978056490421295,0.11652374971244091,0.018718100670311405,0.0978056490421295,0.0
54.199978,0.0978399291634559,0.0978399291634559,0.11634921154659501,0.01850928238313912,0.0978399291634559,0.0
54.299938,0.0980052724480629,0.0980052724480629,0.1162180189100021,0.018212746461939197,0.0980052724480629,0.0
54.399898,0.0979298651218414,0.0979298651218414,0.1141639462818821,0.0162340811600407,0.0979298651218414,0.0
54.499858,0.098027653992176,0.098027653992176,0.10843144276683443,0.010403788774658432,0.098027653992176,0.0
54.599818,0.0980344638228416,0.0980344638228416,0.10347369558929254,0.005439231766450933,0.0980344638228416,0.0
54.699778,0.0980979353189468,0.0980979353189468,0.10024860678480428,0.0021506714658574844,0.0980979353189468,0.0
54.799738,0.0981499552726745,0.0981499552726745,0.09822031563989768,7.036036722317396e-05,0.0981499552726745,0.0
54.899698,0.0984690934419632,0.0984690934419632,0.09688899199201038,0.0015801014499528115,0.0984690934419632,0.0
54.999658,0.0985035002231597,0.0985035002231597,0.09607302971822916,0.002430470504930546,0.0985035002231597,0.0
55.099618,0.0986743718385696,0.0986743718385696,0.09522638766853206,0.0034479841700375408,0.0986743718385696,0.0
55.199578,0.0986350402235984,0.0986350402235984,0.09499022219397144,0.0036448180296269617,0.0986350402235984,0.0
55.299538,0.098869539797306,0.098869539797306,0.09503608017862904,0.003833459618676968,0.098869539797306,0.0
55.399498,0.0989635288715362,0.0989635288715362,0.09541490212408771,0.003548626747448491,0.0989635288715362,0.0
55.499458,0.0992018431425094,0.0992018431425094,0.09562614041433427,0.0035757027281751314,0.0992018431425094,0.0
55.599418,0.0992106646299362,0.0992106646299362,0.09585876386491989,0.003351900765016319,0.0992106646299362,0.0
55.699378,0.0994301661849021,0.0994301661849021,0.09584583010982024,0.003584336075081851,0.0994301661849021,0.0
55.799338,0.0996474921703338,0.0996474921703338,0.0959972340900418,0.0036502580802920126,0.0996474921703338,0.0
55.899298,0.1001860797405242,0.1001860797405242,0.09616062606521046,0.004025453675313734,0.1001860797405242,0.0
55.999258,0.1004753038287162,0.1004753038287162,0.09660190519405679,0.0038733986346594085,0.1004753038287162,0.0
56.099218,0.1008091568946838,0.1008091568946838,0.09684252684857025,0.003966630046113542,0.1008091568946838,0.0
56.200011,0.1008580103516578,0.1008580103516578,0.09712042565127915,0.003737584700378646,0.1008580103516578,0.0
56.299971,0.1006106585264206,0.1006106585264206,0.09716057506197501,0.0034500834644455858,0.1006106585264206,0.0
56.399931,0.1006348207592964,0.1006348207592964,0.09695729302682535,0.003677527732471056,0.1006348207592964,0.0
56.499891,0.100574105978012,0.100574105978012,0.09697715036181405,0.0035969556161979527,0.100574105978012,0.0
56.599851,0.1003581285476684,0.1003581285476684,0.09692725291576773,0.0034308756319006706,0.1003581285476684,0.0
56.699811,0.1000070944428443,0.1000070944428443,0.09674975541248737,0.0032573390303569233,0.1000070944428443,0.0
56.799771,0.0997983738780021,0.0997983738780021,0.09646126379964982,0.0033371100783522734,0.0997983738780021,0.0
56.899731,0.0994834303855896,0.0994834303855896,0.09628973023166813,0.0031937001539214666,0.0994834303855896,0.0
56.999691,0.0991341769695282,0.0991341769695282,0.09603089909598567,0.0031032778735425315,0.0991341769695282,0.0
57.099651,0.0990761891007423,0.0990761891007423,0.09574387091356487,0.003332318187177427,0.0990761891007423,0.0
57.199611,0.0986779555678367,0.0986779555678367,0.09569621453616622,0.0029817410316704818,0.0986779555678367,0.0
57.299571,0.0985269621014595,0.0985269621014595,0.09536893285012149,0.0031580292513380126,0.0985269621014595,0.0
57.399531,0.0981771647930145,0.0981771647930145,0.09524484135135625,0.002932323441658252,0.0981771647930145,0.0
57.499491,0.0980597883462905,0.0980597883462905,0.09495736617991446,0.0031024221663760454,0.0980597883462905,0.0
57.599451,0.0976098924875259,0.0976098924875259,0.09486090227530977,0.0027489902122161264,0.0976098924875259,0.0
57.699411,0.0976311638951301,0.0976311638951301,0.09449116275419478,0.0031400011409353223,0.0976311638951301,0.0
57.799371,0.0976508557796478,0.0976508557796478,0.09450864431029907,0.0031422114693487324,0.0976508557796478,0.0
57.899331,0.098079890012741,0.098079890012741,0.09452482776150421,0.003555062251236793,0.098079890012741,0.0
57.999291,0.0981633588671684,0.0981633588671684,0.09487742249784817,0.0032859363693202304,0.0981633588671684,0.0
58.099251,0.0980705246329307,0.0980705246329307,0.09494602000472176,0.0031245046282089434,0.0980705246329307,0.0
58.199211,0.0980937108397483,0.0980937108397483,0.09486972571348438,0.0032239851262639146,0.0980937108397483,0.0
58.300004,0.0982108861207962,0.0982108861207962,0.0948887809156651,0.0033221052051310984,0.0982108861207962,0.0
58.399964,0.0980788245797157,0.0980788245797157,0.09498507949454946,0.003093745085166244,0.0980788245797157,0.0
58.499924,0.0982356742024421,0.0982356742024421,0.0948765468859734,0.003359127316468702,0.0982356742024421,0.0
58.599884,0.0982110127806663,0.0982110127806663,0.0950054511722579,0.0032055616084084027,0.0982110127806663,0.0
58.699844,0.0985430255532264,0.0985430255532264,0.09498518358727467,0.0035578419659517274,0.0985430255532264,0.0
58.799804,0.0986899137496948,0.0986899137496948,0.0952580428292337,0.0034318709204610998,0.0986899137496948,0.0
58.899764,0.0987365990877151,0.0987365990877151,0.09537876047956419,0.0033578386081509065,0.0987365990877151,0.0
58.999724,0.0990704894065857,0.0990704894065857,0.09541712805731349,0.0036533613492722022,0.0990704894065857,0.0
59.099684,0.0994201377034187,0.0994201377034187,0.09569153032986548,0.003728607373553225,0.0994201377034187,0.0
59.199644,0.0998568162322044,0.0998568162322044,0.09597888303876453,0.0038779331934398614,0.0998568162322044,0.0
59.299604,0.1000079736113548,0.1000079736113548,0.09633776011455938,0.003670213496795416,0.1000079736113548,0.0
59.399564,0.1004678979516029,0.1004678979516029,0.09646198632416987,0.004005911627433023,0.1004678979516029,0.0
59.499524,0.1009285300970077,0.1009285300970077,0.0968399675892716,0.004088562507736093,0.1009285300970077,0.0
59.599484,0.1012428924441337,0.1012428924441337,0.09721853055200874,0.004024361892124961,0.1012428924441337,0.0
59.699444,0.1016826853156089,0.1016826853156089,0.09747688408338953,0.004205801232219364,0.1016826853156089,0.0
59.799404,0.102096289396286,0.102096289396286,0.09783832063137583,0.004257968764910164,0.102096289396286,0.0
59.899364,0.1025317534804344,0.1025317534804344,0.09817823435144074,0.004353519128993663,0.1025317534804344,0.0
59.999324,0.103017471730709,0.103017471730709,0.09853611335504886,0.004481358375660147,0.103017471730709,0.0
60.099284,0.1036859825253486,0.1036859825253486,0.09893529291936302,0.00475068960598557,0.1036859825253486,0.0
60.199244,0.1041281223297119,0.1041281223297119,0.09948469753415042,0.004643424795561485,0.1041281223297119,0.0
60.299204,0.1044546142220497,0.1044546142220497,0.09984806286936392,0.004606551352685784,0.1044546142220497,0.0
60.399997,0.105124831199646,0.105124831199646,0.10011638486863134,0.00500844633101466,0.105124831199646,0.0
60.499957,0.105435773730278,0.105435773730278,0.10066719168144875,0.0047685820488292535,0.105435773730278,0.0
60.599917,0.1056091338396072,0.1056091338396072,0.10092273469282105,0.0046863991467861466,0.1056091338396072,0.0
60.699877,0.106081798672676,0.106081798672676,0.10106520785130334,0.005016590821372666,0.106081798672676,0.0
60.799837,0.1067134216427803,0.1067134216427803,0.10145365968033135,0.0052597619624489556,0.1067134216427803,0.0
60.899797,0.107012890279293,0.107012890279293,0.10197274864288396,0.0050401416364090484,0.107012890279293,0.0
60.999757,0.1074611246585846,0.1074611246585846,0.10221886202244965,0.005242262636134948,0.1074611246585846,0.0
61.099717,0.1081336736679077,0.1081336736679077,0.10258723608395276,0.005546437583954941,0.1081336736679077,0.0
61.199677,0.1086232289671897,0.1086232289671897,0.10313995943995348,0.005483269527236226,0.1086232289671897,0.0
61.299637,0.1087929978966713,0.1087929978966713,0.1035422924205718,0.0052507054760995014,0.1087929978966713,0.0
61.399597,0.1093665137887001,0.1093665137887001,0.10368181422607724,0.005684699562622866,0.1093665137887001,0.0
61.499557,0.1098350808024406,0.1098350808024406,0.10415314884062918,0.005681931961811423,0.1098350808024406,0.0
61.599517,0.1101373210549354,0.1101373210549354,0.10453823294273726,0.005599088112198142,0.1101373210549354,0.0
61.699477,0.1105444133281707,0.1105444133281707,0.1047866241281519,0.0057577892000187925,0.1105444133281707,0.0
61.799437,0.1109370589256286,0.1109370589256286,0.10512118622502303,0.005815872700605573,0.1109370589256286,0.0
61.899397,0.1115013286471366,0.1115013286471366,0.10544387555831555,0.006057453088821052,0.1115013286471366,0.0
61.999357,0.1120009794831276,0.1120009794831276,0.10590761135910565,0.006093368124021947,0.1120009794831276,0.0
62.099317,0.1124169826507568,0.1124169826507568,0.10631824119093229,0.006098741459824503,0.1124169826507568,0.0
62.199277,0.1129154935479164,0.1129154935479164,0.10666012656160472,0.006255366986311683,0.1129154935479164,0.0
62.299237,0.113443836569786,0.113443836569786,0.10706981955423968,0.006374017015546324,0.113443836569786,0.0
62.399197,0.1139932349324226,0.1139932349324226,0.10750402958831434,0.006489205344108254,0.1139932349324226,0.0
62.49999,0.1145163998007774,0.1145163998007774,0.1079555436083236,0.006560856192453793,0.1145163998007774,0.0
62.59995,0.1150013953447341,0.1150013953447341,0.10838549806037096,0.00661589728436314,0.1150013953447341,0.0
62.69991,0.1154523864388465,0.1154523864388465,0.10878408368036958,0.006668302758476921,0.1154523864388465,0.0
62.79987,0.1159285008907318,0.1159285008907318,0.10915472330104146,0.006773777589690333,0.1159285008907318,0.0
62.89983,0.1163774356245994,0.1163774356245994,0.10954601014201873,0.006831425482580672,0.1163774356245994,0.0
62.99979,0.1167320758104324,0.1167320758104324,0.10991495977903386,0.0068171160313985485,0.1167320758104324,0.0
63.09975,0.1172093451023101,0.1172093451023101,0.11020641499132566,0.007002930110984434,0.1172093451023101,0.0
63.19971,0.1174260750412941,0.1174260750412941,0.110598650919797,0.006827424121497103,0.1174260750412941,0.0
63.29967,0.1177753880620002,0.1177753880620002,0.11077676686014484,0.006998621201855362,0.1177753880620002,0.0
63.39963,0.1178838163614273,0.1178838163614273,0.11106384402685258,0.006819972334574709,0.1178838163614273,0.0
63.49959,0.1180625632405281,0.1180625632405281,0.11115295404196959,0.006909609198558514,0.1180625632405281,0.0
63.59955,0.1183876767754554,0.1183876767754554,0.1112998542270782,0.007087822548377212,0.1183876767754554,0.0
63.69951,0.1185794845223426,0.1185794845223426,0.11156704344392203,0.00701244107842057,0.1185794845223426,0.0
63.79947,0.1189496591687202,0.1189496591687202,0.11172467748867082,0.007224981680049383,0.1189496591687202,0.0
63.89943,0.119334377348423,0.119334377348423,0.11202889944014967,0.007305477908273336,0.119334377348423,0.0
63.99939,0.119495153427124,0.119495153427124,0.11234507375558614,0.007150079671537857,0.119495153427124,0.0
64.09935,0.1197440847754478,0.1197440847754478,0.11247720493298297,0.007266879842464838,0.1197440847754478,0.0
64.19931,0.1198077797889709,0.1198077797889709,0.1126817850734374,0.007125994715533504,0.1198077797889709,0.0
64.29927,0.1198961213231086,0.1198961213231086,0.1127341317750014,0.007161989548107206,0.1198961213231086,0.0
64.39923,0.1197838634252548,0.1197838634252548,0.11280673381547687,0.006977129609777921,0.1197838634252548,0.0
64.49919,0.1200102493166923,0.1200102493166923,0.11271447650739583,0.007295772809296469,0.1200102493166923,0.0
64.599983,0.1201914697885513,0.1201914697885513,0.11290052803263591,0.007290941755915395,0.1201914697885513,0.0
64.699943,0.1202399879693985,0.1202399879693985,0.11304946109952208,0.0071905268698764235,0.1202399879693985,0.0
64.799903,0.1201671510934829,0.1201671510934829,0.11308933496843229,0.007077816125050609,0.1201671510934829,0.0
64.899863,0.1202417910099029,0.1202417910099029,0.1130294751776366,0.0072123158322662945,0.1202417910099029,0.0
