baseline,source_clean_file,attacked_file,axis,attack_type,magnitude,threshold_p99_abs,n_samples
baseline_01_hover,/home/tchowdh4/sensor_recovery_project/logs/extracted_csv/baseline_01_hover_ATT.csv,/home/tchowdh4/sensor_recovery_project/attack_detection_v9/attacked_att/baseline_01_hover__baseline_01_hover_ATT__attack_bias_Roll.csv,Roll,bias,0.02746,0.006865,1253
baseline_01_hover,/home/tchowdh4/sensor_recovery_project/logs/extracted_csv/baseline_01_hover_ATT.csv,/home/tchowdh4/sensor_recovery_project/attack_detection_v9/attacked_att/baseline_01_hover__baseline_01_hover_ATT__attack_ramp_Roll.csv,Roll,ramp,0.04119,0.006865,1253
baseline_01_hover,/home/tchowdh4/sensor_recovery_project/logs/extracted_csv/baseline_01_hover_ATT.csv,/home/tchowdh4/sensor_recovery_project/attack_detection_v9/attacked_att/baseline_01_hover__baseline_01_hover_ATT__attack_pulse_Roll.csv,Roll,pulse,0.05492,0.006865,1253
baseline_01_hover,/home/tchowdh4/sensor_recovery_project/logs/extracted_csv/baseline_01_hover_ATT.csv,/home/tchowdh4/sensor_recovery_project/attack_detection_v9/attacked_att/baseline_01_hover__baseline_01_hover_ATT__attack_bias_Pitch.csv,Pitch,bias,0.036644,0.009161,1253
baseline_01_hover,/home/tchowdh4/sensor_recovery_project/logs/extracted_csv/baseline_01_hover_ATT.csv,/home/tchowdh4/sensor_recovery_project/attack_detection_v9/attacked_att/baseline_01_hover__baseline_01_hover_ATT__attack_ramp_Pitch.csv,Pitch,ramp,0.054966,0.009161,1253
baseline_01_hover,/home/tchowdh4/sensor_recovery_project/logs/extracted_csv/baseline_01_hover_ATT.csv,/home/tchowdh4/sensor_recovery_project/attack_detection_v9/attacked_att/baseline_01_hover__baseline_01_hover_ATT__attack_pulse_Pitch.csv,Pitch,pulse,0.073288,0.009161,1253
baseline_01_hover,/home/tchowdh4/sensor_recovery_project/logs/extracted_csv/baseline_01_hover_ATT.csv,/home/tchowdh4/sensor_recovery_project/attack_detection_v9/attacked_att/baseline_01_hover__baseline_01_hover_ATT__attack_bias_Yaw.csv,Yaw,bias,0.054384,0.013596,1253
baseline_01_hover,/home/tchowdh4/sensor_recovery_project/logs/extracted_csv/baseline_01_hover_ATT.csv,/home/tchowdh4/sensor_recovery_project/attack_detection_v9/attacked_att/baseline_01_hover__baseline_01_hover_ATT__attack_ramp_Yaw.csv,Yaw,ramp,0.08157600000000001,0.013596,1253
baseline_01_hover,/home/tchowdh4/sensor_recovery_project/logs/extracted_csv/baseline_01_hover_ATT.csv,/home/tchowdh4/sensor_recovery_project/attack_detection_v9/attacked_att/baseline_01_hover__baseline_01_hover_ATT__attack_pulse_Yaw.csv,Yaw,pulse,0.108768,0.013596,1253
baseline_02_high_altitude_hover,/home/tchowdh4/sensor_recovery_project/logs/extracted_csv/baseline_02_high_altitude_hover_ATT.csv,/home/tchowdh4/sensor_recovery_project/attack_detection_v9/attacked_att/baseline_02_high_altitude_hover__baseline_02_high_altitude_hover_ATT__attack_bias_Roll.csv,Roll,bias,0.027444,0.006861,1411
baseline_02_high_altitude_hover,/home/tchowdh4/sensor_recovery_project/logs/extracted_csv/baseline_02_high_altitude_hover_ATT.csv,/home/tchowdh4/sensor_recovery_project/attack_detection_v9/attacked_att/baseline_02_high_altitude_hover__baseline_02_high_altitude_hover_ATT__attack_ramp_Roll.csv,Roll,ramp,0.041166,0.006861,1411
baseline_02_high_altitude_hover,/home/tchowdh4/sensor_recovery_project/logs/extracted_csv/baseline_02_high_altitude_hover_ATT.csv,/home/tchowdh4/sensor_recovery_project/attack_detection_v9/attacked_att/baseline_02_high_altitude_hover__baseline_02_high_altitude_hover_ATT__attack_pulse_Roll.csv,Roll,pulse,0.054888,0.006861,1411
baseline_02_high_altitude_hover,/home/tchowdh4/sensor_recovery_project/logs/extracted_csv/baseline_02_high_altitude_hover_ATT.csv,/home/tchowdh4/sensor_recovery_project/attack_detection_v9/attacked_att/baseline_02_high_altitude_hover__baseline_02_high_altitude_hover_ATT__attack_bias_Pitch.csv,Pitch,bias,0.031788,0.007947,1411
baseline_02_high_altitude_hover,/home/tchowdh4/sensor_recovery_project/logs/extracted_csv/baseline_02_high_altitude_hover_ATT.csv,/home/tchowdh4/sensor_recovery_project/attack_detection_v9/attacked_att/baseline_02_high_altitude_hover__baseline_02_high_altitude_hover_ATT__attack_ramp_Pitch.csv,Pitch,ramp,0.047681999999999995,0.007947,1411
baseline_02_high_altitude_hover,/home/tchowdh4/sensor_recovery_project/logs/extracted_csv/baseline_02_high_altitude_hover_ATT.csv,/home/tchowdh4/sensor_recovery_project/attack_detection_v9/attacked_att/baseline_02_high_altitude_hover__baseline_02_high_altitude_hover_ATT__attack_pulse_Pitch.csv,Pitch,pulse,0.063576,0.007947,1411
baseline_02_high_altitude_hover,/home/tchowdh4/sensor_recovery_project/logs/extracted_csv/baseline_02_high_altitude_hover_ATT.csv,/home/tchowdh4/sensor_recovery_project/attack_detection_v9/attacked_att/baseline_02_high_altitude_hover__baseline_02_high_altitude_hover_ATT__attack_bias_Yaw.csv,Yaw,bias,0.043092,0.010773,1411
baseline_02_high_altitude_hover,/home/tchowdh4/sensor_recovery_project/logs/extracted_csv/baseline_02_high_altitude_hover_ATT.csv,/home/tchowdh4/sensor_recovery_project/attack_detection_v9/attacked_att/baseline_02_high_altitude_hover__baseline_02_high_altitude_hover_ATT__attack_ramp_Yaw.csv,Yaw,ramp,0.064638,0.010773,1411
baseline_02_high_altitude_hover,/home/tchowdh4/sensor_recovery_project/logs/extracted_csv/baseline_02_high_altitude_hover_ATT.csv,/home/tchowdh4/sensor_recovery_project/attack_detection_v9/attacked_att/baseline_02_high_altitude_hover__baseline_02_high_altitude_hover_ATT__attack_pulse_Yaw.csv,Yaw,pulse,0.086184,0.010773,1411
baseline_03_forward_motion,/home/tchowdh4/sensor_recovery_project/logs/extracted_csv/baseline_03_forward_motion_ATT.csv,/home/tchowdh4/sensor_recovery_project/attack_detection_v9/attacked_att/baseline_03_forward_motion__baseline_03_forward_motion_ATT__attack_bias_Roll.csv,Roll,bias,0.027284,0.006821,1138
baseline_03_forward_motion,/home/tchowdh4/sensor_recovery_project/logs/extracted_csv/baseline_03_forward_motion_ATT.csv,/home/tchowdh4/sensor_recovery_project/attack_detection_v9/attacked_att/baseline_03_forward_motion__baseline_03_forward_motion_ATT__attack_ramp_Roll.csv,Roll,ramp,0.040926,0.006821,1138
baseline_03_forward_motion,/home/tchowdh4/sensor_recovery_project/logs/extracted_csv/baseline_03_forward_motion_ATT.csv,/home/tchowdh4/sensor_recovery_project/attack_detection_v9/attacked_att/baseline_03_forward_motion__baseline_03_forward_motion_ATT__attack_pulse_Roll.csv,Roll,pulse,0.054568,0.006821,1138
baseline_03_forward_motion,/home/tchowdh4/sensor_recovery_project/logs/extracted_csv/baseline_03_forward_motion_ATT.csv,/home/tchowdh4/sensor_recovery_project/attack_detection_v9/attacked_att/baseline_03_forward_motion__baseline_03_forward_motion_ATT__attack_bias_Pitch.csv,Pitch,bias,0.06476,0.01619,1138
baseline_03_forward_motion,/home/tchowdh4/sensor_recovery_project/logs/extracted_csv/baseline_03_forward_motion_ATT.csv,/home/tchowdh4/sensor_recovery_project/attack_detection_v9/attacked_att/baseline_03_forward_motion__baseline_03_forward_motion_ATT__attack_ramp_Pitch.csv,Pitch,ramp,0.09714,0.01619,1138
baseline_03_forward_motion,/home/tchowdh4/sensor_recovery_project/logs/extracted_csv/baseline_03_forward_motion_ATT.csv,/home/tchowdh4/sensor_recovery_project/attack_detection_v9/attacked_att/baseline_03_forward_motion__baseline_03_forward_motion_ATT__attack_pulse_Pitch.csv,Pitch,pulse,0.12952,0.01619,1138
baseline_03_forward_motion,/home/tchowdh4/sensor_recovery_project/logs/extracted_csv/baseline_03_forward_motion_ATT.csv,/home/tchowdh4/sensor_recovery_project/attack_detection_v9/attacked_att/baseline_03_forward_motion__baseline_03_forward_motion_ATT__attack_bias_Yaw.csv,Yaw,bias,0.0122,0.00305,1138
baseline_03_forward_motion,/home/tchowdh4/sensor_recovery_project/logs/extracted_csv/baseline_03_forward_motion_ATT.csv,/home/tchowdh4/sensor_recovery_project/attack_detection_v9/attacked_att/baseline_03_forward_motion__baseline_03_forward_motion_ATT__attack_ramp_Yaw.csv,Yaw,ramp,0.0183,0.00305,1138
baseline_03_forward_motion,/home/tchowdh4/sensor_recovery_project/logs/extracted_csv/baseline_03_forward_motion_ATT.csv,/home/tchowdh4/sensor_recovery_project/attack_detection_v9/attacked_att/baseline_03_forward_motion__baseline_03_forward_motion_ATT__attack_pulse_Yaw.csv,Yaw,pulse,0.0244,0.00305,1138
baseline_04_yaw_rotation,/home/tchowdh4/sensor_recovery_project/logs/extracted_csv/baseline_04_yaw_rotation_ATT.csv,/home/tchowdh4/sensor_recovery_project/attack_detection_v9/attacked_att/baseline_04_yaw_rotation__baseline_04_yaw_rotation_ATT__attack_bias_Yaw.csv,Yaw,bias,0.015188,0.003797,1848
baseline_04_yaw_rotation,/home/tchowdh4/sensor_recovery_project/logs/extracted_csv/baseline_04_yaw_rotation_ATT.csv,/home/tchowdh4/sensor_recovery_project/attack_detection_v9/attacked_att/baseline_04_yaw_rotation__baseline_04_yaw_rotation_ATT__attack_ramp_Yaw.csv,Yaw,ramp,0.022782,0.003797,1848
baseline_04_yaw_rotation,/home/tchowdh4/sensor_recovery_project/logs/extracted_csv/baseline_04_yaw_rotation_ATT.csv,/home/tchowdh4/sensor_recovery_project/attack_detection_v9/attacked_att/baseline_04_yaw_rotation__baseline_04_yaw_rotation_ATT__attack_pulse_Yaw.csv,Yaw,pulse,0.030376,0.003797,1848
baseline_05_mixed_maneuver,/home/tchowdh4/sensor_recovery_project/logs/extracted_csv/baseline_05_mixed_maneuver_ATT.csv,/home/tchowdh4/sensor_recovery_project/attack_detection_v9/attacked_att/baseline_05_mixed_maneuver__baseline_05_mixed_maneuver_ATT__attack_bias_Roll.csv,Roll,bias,0.041228,0.010307,2388
baseline_05_mixed_maneuver,/home/tchowdh4/sensor_recovery_project/logs/extracted_csv/baseline_05_mixed_maneuver_ATT.csv,/home/tchowdh4/sensor_recovery_project/attack_detection_v9/attacked_att/baseline_05_mixed_maneuver__baseline_05_mixed_maneuver_ATT__attack_ramp_Roll.csv,Roll,ramp,0.061842,0.010307,2388
baseline_05_mixed_maneuver,/home/tchowdh4/sensor_recovery_project/logs/extracted_csv/baseline_05_mixed_maneuver_ATT.csv,/home/tchowdh4/sensor_recovery_project/attack_detection_v9/attacked_att/baseline_05_mixed_maneuver__baseline_05_mixed_maneuver_ATT__attack_pulse_Roll.csv,Roll,pulse,0.082456,0.010307,2388
baseline_05_mixed_maneuver,/home/tchowdh4/sensor_recovery_project/logs/extracted_csv/baseline_05_mixed_maneuver_ATT.csv,/home/tchowdh4/sensor_recovery_project/attack_detection_v9/attacked_att/baseline_05_mixed_maneuver__baseline_05_mixed_maneuver_ATT__attack_bias_Pitch.csv,Pitch,bias,0.038788,0.009697,2388
baseline_05_mixed_maneuver,/home/tchowdh4/sensor_recovery_project/logs/extracted_csv/baseline_05_mixed_maneuver_ATT.csv,/home/tchowdh4/sensor_recovery_project/attack_detection_v9/attacked_att/baseline_05_mixed_maneuver__baseline_05_mixed_maneuver_ATT__attack_ramp_Pitch.csv,Pitch,ramp,0.058182000000000005,0.009697,2388
baseline_05_mixed_maneuver,/home/tchowdh4/sensor_recovery_project/logs/extracted_csv/baseline_05_mixed_maneuver_ATT.csv,/home/tchowdh4/sensor_recovery_project/attack_detection_v9/attacked_att/baseline_05_mixed_maneuver__baseline_05_mixed_maneuver_ATT__attack_pulse_Pitch.csv,Pitch,pulse,0.077576,0.009697,2388
baseline_05_mixed_maneuver,/home/tchowdh4/sensor_recovery_project/logs/extracted_csv/baseline_05_mixed_maneuver_ATT.csv,/home/tchowdh4/sensor_recovery_project/attack_detection_v9/attacked_att/baseline_05_mixed_maneuver__baseline_05_mixed_maneuver_ATT__attack_bias_Yaw.csv,Yaw,bias,0.01918,0.004795,2388
baseline_05_mixed_maneuver,/home/tchowdh4/sensor_recovery_project/logs/extracted_csv/baseline_05_mixed_maneuver_ATT.csv,/home/tchowdh4/sensor_recovery_project/attack_detection_v9/attacked_att/baseline_05_mixed_maneuver__baseline_05_mixed_maneuver_ATT__attack_ramp_Yaw.csv,Yaw,ramp,0.028769999999999997,0.004795,2388
baseline_05_mixed_maneuver,/home/tchowdh4/sensor_recovery_project/logs/extracted_csv/baseline_05_mixed_maneuver_ATT.csv,/home/tchowdh4/sensor_recovery_project/attack_detection_v9/attacked_att/baseline_05_mixed_maneuver__baseline_05_mixed_maneuver_ATT__attack_pulse_Yaw.csv,Yaw,pulse,0.03836,0.004795,2388
