aggregation_level,baseline_name,axis,component,source_prediction_file,n,mean_residual,std_residual,mae,rmse,max_abs_residual,p95_abs_residual,p99_abs_residual,p995_abs_residual,mean_abs_plus_3std_abs_threshold,recommended_threshold
per_baseline,baseline_01_hover_ATT,Roll,hybrid,PHASE3B_RESIDUAL_CSV,250,0.0007208205144612441,0.0023502860772802404,0.0018291210668792911,0.002453840149754112,0.0074360525719814,0.0056056466232107145,0.006864536559184022,0.006934068526263574,0.006746187121299032,0.006934068526263574
per_baseline,baseline_01_hover_ATT,Roll,naive,PHASE3B_RESIDUAL_CSV,250,1.4580130577081295e-05,0.0016223323378338453,0.0009405401945113709,0.0016191500689347947,0.0079713836312294,0.0035888291895388993,0.005701199024915578,0.006395251266658233,0.0049023660425720865,0.006395251266658233
per_baseline,baseline_01_hover_ATT,Roll,cv,PHASE3B_RESIDUAL_CSV,250,-6.770133972140471e-06,0.0020454719426484923,0.001099765896797134,0.0020413881260072883,0.0080023258924483,0.0051695629954338265,0.006749240308999922,0.007065312080085184,0.006269575545752851,0.007065312080085184
per_baseline,baseline_01_hover_ATT,Roll,arx,PHASE3B_RESIDUAL_CSV,250,0.0013064172883843733,0.0034605424301023605,0.00274281428296127,0.003692448865764585,0.013405475176192,0.008615834136924475,0.012329242467696089,0.012788650055522327,0.010173912506133817,0.012788650055522327
per_baseline,baseline_01_hover_ATT,Pitch,hybrid,PHASE3B_RESIDUAL_CSV,250,0.0003437569138595977,0.002552298086592914,0.0018681925098924088,0.0025702796417045406,0.0095786083686356,0.00581405972425235,0.009160940911170437,0.009317423853755134,0.007174639642160356,0.009317423853755134
per_baseline,baseline_01_hover_ATT,Pitch,naive,PHASE3B_RESIDUAL_CSV,250,5.6443810462948e-05,0.002162358626661264,0.0011393723487853585,0.002158767600904456,0.0110741034150122,0.00551147088408473,0.008311354890465722,0.00950411252677435,0.006651222839607453,0.00950411252677435
per_baseline,baseline_01_hover_ATT,Pitch,cv,PHASE3B_RESIDUAL_CSV,250,-2.2703409194660854e-06,0.002208124650054364,0.0011572733819484261,0.0022037051451464394,0.0114417821168899,0.005179634317755657,0.007531107962131493,0.007916412092745385,0.006794687142818908,0.007916412092745385
per_baseline,baseline_01_hover_ATT,Pitch,arx,PHASE3B_RESIDUAL_CSV,250,0.000502980442717964,0.003286197113175921,0.0025058431962158654,0.0033179638977143696,0.0147312192119093,0.006819809789957945,0.012735331471866673,0.014167203220986307,0.00904324783108983,0.014167203220986307
per_baseline,baseline_01_hover_ATT,Yaw,hybrid,PHASE3B_RESIDUAL_CSV,250,-0.00047427978517999766,0.0026612882473816815,0.0010422485351509372,0.002697974542085162,0.0211288452148892,0.0044197082519644645,0.013596328735385377,0.01838531494142893,0.008522816506577895,0.01838531494142893
per_baseline,baseline_01_hover_ATT,Yaw,naive,PHASE3B_RESIDUAL_CSV,250,-0.0008712158203125014,0.0045341812580196,0.0018143310546870422,0.004608208056003621,0.03070068359375,0.008706665039062486,0.025043029785156247,0.028225860595703107,0.014547854892180495,0.028225860595703107
per_baseline,baseline_01_hover_ATT,Yaw,cv,PHASE3B_RESIDUAL_CSV,250,1.0864257815682932e-05,0.0013790506084043973,0.00043859863281022024,0.0013763326234294754,0.016143798828125,0.0013290405273437495,0.0049249267578124895,0.008327178955078108,0.004360182476858823,0.008327178955078108
per_baseline,baseline_01_hover_ATT,Yaw,arx,PHASE3B_RESIDUAL_CSV,250,-0.005881986976691657,0.006574232075762385,0.006525826008951705,0.008811663638065704,0.0384716840788428,0.016035127420027977,0.032724600749097554,0.03594035800861993,0.024324654394812566,0.03594035800861993
per_baseline,baseline_02_high_altitude_hover_ATT,Roll,hybrid,PHASE3B_RESIDUAL_CSV,282,9.280179156850363e-06,0.002143520016521952,0.0013847311047823527,0.0021397361983060345,0.0083945136167884,0.004962959077417069,0.006861202350466509,0.008136893862494358,0.006287194195347559,0.008136893862494358
per_baseline,baseline_02_high_altitude_hover_ATT,Roll,naive,PHASE3B_RESIDUAL_CSV,282,0.00014314951097710695,0.0015366147837415568,0.0009283546279085023,0.0015405530759032106,0.0058065876364708,0.003771107643842654,0.005080065131187336,0.0052745210379362105,0.004623156784782029,0.0052745210379362105
per_baseline,baseline_02_high_altitude_hover_ATT,Roll,cv,PHASE3B_RESIDUAL_CSV,282,7.599486526888987e-06,0.0020185272865449622,0.0011546806240757778,0.0020149594898987272,0.0078853666782379,0.004908344522118584,0.00592817239463316,0.006826382391154781,0.006117371832715935,0.006826382391154781
per_baseline,baseline_02_high_altitude_hover_ATT,Roll,arx,PHASE3B_RESIDUAL_CSV,282,-3.152253233478297e-05,0.0026989734660096704,0.001741469191363422,0.0026943682060431794,0.0128828223543717,0.006206001009521215,0.00923917165722515,0.011257300175400166,0.007920265762628633,0.011257300175400166
per_baseline,baseline_02_high_altitude_hover_ATT,Pitch,hybrid,PHASE3B_RESIDUAL_CSV,282,0.0008554231345032985,0.0022770078368292168,0.001887010247224681,0.0024286061306104494,0.012200570629421,0.00455854982835289,0.007947106345062283,0.01008308102919718,0.006481652928168826,0.01008308102919718
per_baseline,baseline_02_high_altitude_hover_ATT,Pitch,naive,PHASE3B_RESIDUAL_CSV,282,-2.145846473411663e-06,0.0019186931856779463,0.0010724980516213457,0.0019152894282225522,0.0084164515137672,0.004456840083002899,0.0071780462563037365,0.007758080288767772,0.005841500463663011,0.007758080288767772
per_baseline,baseline_02_high_altitude_hover_ATT,Pitch,cv,PHASE3B_RESIDUAL_CSV,282,-4.876325739161113e-06,0.0018733749567744705,0.001098784994571719,0.0018700567777894497,0.0076430290937423,0.004317790642380619,0.005804347395896964,0.006399446986615595,0.0056464649816344616,0.006399446986615595
per_baseline,baseline_02_high_altitude_hover_ATT,Pitch,arx,PHASE3B_RESIDUAL_CSV,282,0.001428045948243045,0.0032659002449355553,0.002677474342189381,0.0035591567224386553,0.0205071602039588,0.005340658594352445,0.013134727574992342,0.016839598156247783,0.009724790521465455,0.016839598156247783
per_baseline,baseline_02_high_altitude_hover_ATT,Yaw,hybrid,PHASE3B_RESIDUAL_CSV,282,-0.000358657295845561,0.002249611001843415,0.0010384201157996047,0.00227407976876349,0.0170562744141307,0.0037747955322458026,0.010773056030305884,0.014841491699209399,0.007118650256924668,0.014841491699209399
per_baseline,baseline_02_high_altitude_hover_ATT,Yaw,naive,PHASE3B_RESIDUAL_CSV,282,-0.0006481197708887416,0.0037452469798438678,0.0016664545586760498,0.0037943633835163687,0.025604248046875,0.00688323974609374,0.02071533203125,0.02297103881835929,0.01191112531758372,0.02297103881835929
per_baseline,baseline_02_high_altitude_hover_ATT,Yaw,cv,PHASE3B_RESIDUAL_CSV,282,-4.869826293921546e-06,0.0013538666530188768,0.0005963913937830361,0.001351472822236373,0.0127258300781818,0.0029296875,0.004436340332031248,0.006748046874932262,0.004241150946924145,0.006748046874932262
per_baseline,baseline_02_high_altitude_hover_ATT,Yaw,arx,PHASE3B_RESIDUAL_CSV,282,-0.007698908858729737,0.007011153675259633,0.007959265813410917,0.010404574015219272,0.03694834445281,0.01808838516857059,0.032281311620301935,0.034003310223195755,0.028098418718357436,0.034003310223195755
per_baseline,baseline_03_forward_motion_ATT,Roll,hybrid,PHASE3B_RESIDUAL_CSV,227,0.0011105837562626066,0.0021448473707409857,0.0020531024173063555,0.002411120190956565,0.0090983037396686,0.004749068985973217,0.0068214746450331815,0.0069849967489739985,0.005854166388794416,0.0069849967489739985
per_baseline,baseline_03_forward_motion_ATT,Roll,naive,PHASE3B_RESIDUAL_CSV,227,0.00015870232282755366,0.0019086802712411648,0.0011040376999829386,0.0019110724949526951,0.0098005235195158,0.004190503060817634,0.0064452545344828825,0.007264164537191263,0.005794090026235647,0.007264164537191263
per_baseline,baseline_03_forward_motion_ATT,Roll,cv,PHASE3B_RESIDUAL_CSV,227,-1.2363598472717867e-05,0.0023931720529368006,0.0013942856686230396,0.0023879269373883395,0.0106413513422013,0.005383688956498989,0.006863997578620741,0.007758641093969176,0.007222932521280029,0.007758641093969176
per_baseline,baseline_03_forward_motion_ATT,Roll,arx,PHASE3B_RESIDUAL_CSV,227,0.005345774293253493,0.004447519362013586,0.006009658358985434,0.00694770414010713,0.0167065191936174,0.009355810696937968,0.016236800274327386,0.016580176095797507,0.016491806314114364,0.016580176095797507
per_baseline,baseline_03_forward_motion_ATT,Pitch,hybrid,PHASE3B_RESIDUAL_CSV,227,0.002739374156972305,0.004114081223358385,0.00401656815708613,0.004935106147432476,0.0175390831653643,0.008094560637036126,0.016189851898087994,0.016685844459020067,0.012638025061159908,0.016685844459020067
per_baseline,baseline_03_forward_motion_ATT,Pitch,naive,PHASE3B_RESIDUAL_CSV,227,4.524465174401215e-05,0.0019023343066050683,0.0010884905045252646,0.0018986786743403947,0.0084773898124694,0.004812474176287589,0.0068651464581489866,0.007020324915647464,0.0057658723134285704,0.007020324915647464
per_baseline,baseline_03_forward_motion_ATT,Pitch,cv,PHASE3B_RESIDUAL_CSV,227,-3.3128169664393537e-06,0.0020487473574349515,0.001170639588706773,0.0020442324015148535,0.0094548389315602,0.004774713516235287,0.006381136476993426,0.006971095427870624,0.006209314421207899,0.006971095427870624
per_baseline,baseline_03_forward_motion_ATT,Pitch,arx,PHASE3B_RESIDUAL_CSV,227,0.01818415207187098,0.024977947860864318,0.023335261218487127,0.03085146377573227,0.1153954413363464,0.051508947542311875,0.10944440118560433,0.11226802706972028,0.08401247819569115,0.11226802706972028
per_baseline,baseline_03_forward_motion_ATT,Yaw,hybrid,PHASE3B_RESIDUAL_CSV,227,-0.0003864842889863733,0.0008366011520144727,0.0006188077548684849,0.0009198849529806751,0.00341796875,0.002065277099563839,0.003050201416029879,0.003157516479513362,0.0026652280980108346,0.003157516479513362
per_baseline,baseline_03_forward_motion_ATT,Yaw,naive,PHASE3B_RESIDUAL_CSV,227,-0.0006959889953882154,0.0011736440657172374,0.0009390541110269802,0.0013622676151705255,0.0042724609375,0.003057861328124998,0.0038958740234375025,0.0040203857421875,0.00390626484230649,0.0040203857421875
per_baseline,baseline_03_forward_motion_ATT,Yaw,cv,PHASE3B_RESIDUAL_CSV,227,-8.200758876400862e-06,0.0008030708459743655,0.0003805958752089966,0.0008013419785388861,0.004486083984375,0.002203369140624998,0.0034936523437500006,0.0035891723632812504,0.0025008471645589347,0.0035891723632812504
per_baseline,baseline_03_forward_motion_ATT,Yaw,arx,PHASE3B_RESIDUAL_CSV,227,-0.008145421105205075,0.0044425559725021066,0.008197992357797492,0.009273469926696766,0.0197314849054919,0.01352480439811069,0.01820086782298059,0.019189477749944756,0.02123101859823159,0.02123101859823159
per_baseline,baseline_04_yaw_rotation_ATT,Roll,hybrid,PHASE3B_RESIDUAL_CSV,369,0.0025765918158695573,0.004448221915240198,0.0037588964492308264,0.005135355991424864,0.0302688828224192,0.007877120486411919,0.019889277061346907,0.023025759873212617,0.014269967692178642,0.023025759873212617
per_baseline,baseline_04_yaw_rotation_ATT,Roll,naive,PHASE3B_RESIDUAL_CSV,369,-0.00010936743602519864,0.0041138394979708115,0.002451116395836552,0.00410971690413299,0.0182207077741622,0.008972316980361845,0.014611609876155722,0.016594482064247098,0.01236082597933235,0.016594482064247098
per_baseline,baseline_04_yaw_rotation_ATT,Roll,cv,PHASE3B_RESIDUAL_CSV,369,-1.8952661736518016e-05,0.003071859823492122,0.001833715796632126,0.0030677531335041113,0.0135886296629904,0.007401819527149173,0.010342915356159122,0.01254200145602218,0.009221901541396172,0.01254200145602218
per_baseline,baseline_04_yaw_rotation_ATT,Roll,arx,PHASE3B_RESIDUAL_CSV,369,0.0028750317327467527,0.004798563460514494,0.004045628698321926,0.005588346543682473,0.0336766415298262,0.008477776047195473,0.02212025515517012,0.025598572026161292,0.015626908201811625,0.025598572026161292
per_baseline,baseline_04_yaw_rotation_ATT,Pitch,hybrid,PHASE3B_RESIDUAL_CSV,369,0.0010059020786405085,0.003871678284546992,0.00312892926569137,0.003995135631651709,0.0191614107682327,0.007065016989041253,0.015306604965447392,0.016547211214243327,0.010591443070961336,0.016547211214243327
per_baseline,baseline_04_yaw_rotation_ATT,Pitch,naive,PHASE3B_RESIDUAL_CSV,369,-3.588393451721908e-05,0.00398868212061269,0.0022657748190609986,0.003983435365282965,0.0158065012656151,0.009922034665942199,0.013910822048783276,0.014921938050538189,0.012107965268612568,0.014921938050538189
per_baseline,baseline_04_yaw_rotation_ATT,Pitch,cv,PHASE3B_RESIDUAL_CSV,369,2.5341867754749998e-06,0.0029555436654647043,0.001785582487993804,0.0029515372347121726,0.0172870540991426,0.0062391344457865565,0.0096449735760687,0.01167748838663088,0.008845645160743609,0.01167748838663088
per_baseline,baseline_04_yaw_rotation_ATT,Pitch,arx,PHASE3B_RESIDUAL_CSV,369,0.0010059020786405085,0.003871678284546992,0.00312892926569137,0.003995135631651709,0.0191614107682327,0.007065016989041253,0.015306604965447392,0.016547211214243327,0.010591443070961336,0.016547211214243327
per_baseline,baseline_04_yaw_rotation_ATT,Yaw,hybrid,PHASE3B_RESIDUAL_CSV,369,0.0003509376753192449,0.001312355175918754,0.0010125447094882396,0.0013567482982458606,0.0043174743652514,0.003019714355446,0.0037968139648284476,0.0038593444824208947,0.003725406144706244,0.0038593444824208947
per_baseline,baseline_04_yaw_rotation_ATT,Yaw,naive,PHASE3B_RESIDUAL_CSV,369,0.0007693489715658875,0.0017298273519403557,0.0015435360957613482,0.0018910556010464834,0.0050811767578125,0.003421020507812499,0.0040789794921875,0.0046234130859375,0.004825529311361598,0.004825529311361598
per_baseline,baseline_04_yaw_rotation_ATT,Yaw,cv,PHASE3B_RESIDUAL_CSV,369,8.601160230352303e-06,0.0014245147518882372,0.0008138847867970868,0.0014226092073149172,0.0052032470703125,0.003530883789062498,0.0042926025390625,0.004408569335937505,0.004319019864344203,0.004408569335937505
per_baseline,baseline_04_yaw_rotation_ATT,Yaw,arx,PHASE3B_RESIDUAL_CSV,369,-0.021244396475986076,0.008750340443369906,0.02196114784040733,0.02297140258904314,0.0570000849614587,0.028374940397571834,0.0343112483859283,0.04312085871418753,0.042200961691678016,0.04312085871418753
per_baseline,baseline_05_mixed_maneuver_ATT,Roll,hybrid,PHASE3B_RESIDUAL_CSV,477,-1.2369271937849785e-05,0.0031559108297151517,0.0019753635320148275,0.0031526252768766905,0.0134531449526547,0.00732637867331508,0.010307002034038204,0.010756980922073148,0.009354185263867243,0.010756980922073148
per_baseline,baseline_05_mixed_maneuver_ATT,Roll,naive,PHASE3B_RESIDUAL_CSV,477,-6.643146963738954e-05,0.003880879175077164,0.0024660472022037185,0.0038773781631871855,0.0182820148766041,0.008802153915166838,0.011856981515884265,0.013295206427574122,0.01145177626408422,0.013295206427574122
per_baseline,baseline_05_mixed_maneuver_ATT,Roll,cv,PHASE3B_RESIDUAL_CSV,477,1.6741142208001788e-05,0.003540754777884509,0.0022268529739269535,0.0035370809660869203,0.0134433470666409,0.008398719131946498,0.011421965062618292,0.01254694253206241,0.01047981604984654,0.01254694253206241
per_baseline,baseline_05_mixed_maneuver_ATT,Roll,arx,PHASE3B_RESIDUAL_CSV,477,0.005803132966183765,0.005543392650583097,0.0065685496961201476,0.00802129244538902,0.0251030201026153,0.0121377706599936,0.017625341444672246,0.023051586127301585,0.020394551927009064,0.023051586127301585
per_baseline,baseline_05_mixed_maneuver_ATT,Pitch,hybrid,PHASE3B_RESIDUAL_CSV,477,-1.1009201251191497e-05,0.002888591163317245,0.0018444373438317894,0.002885582702848414,0.0119893588125706,0.006343323737382759,0.009696678295731549,0.010861029624938812,0.008508884709383283,0.010861029624938812
per_baseline,baseline_05_mixed_maneuver_ATT,Pitch,naive,PHASE3B_RESIDUAL_CSV,477,1.2454949709855537e-05,0.0030851254742062,0.0020460672129874497,0.0030819150605843055,0.0124579966068267,0.0069414407014846986,0.009568031132221221,0.00984279051423074,0.008967535119173742,0.00984279051423074
per_baseline,baseline_05_mixed_maneuver_ATT,Pitch,cv,PHASE3B_RESIDUAL_CSV,477,-1.8830584904901878e-05,0.003219989595783496,0.00205483612461906,0.0032166676919940605,0.0139050334692002,0.00741765499114998,0.010725852549076126,0.011679971665143844,0.009487009233942386,0.011679971665143844
per_baseline,baseline_05_mixed_maneuver_ATT,Pitch,arx,PHASE3B_RESIDUAL_CSV,477,0.030852329305753944,0.033020883519216004,0.034052875609715455,0.04516590597623998,0.1498392115389242,0.07159897048929408,0.11420517512099378,0.13720769855287376,0.12315894725566953,0.13720769855287376
per_baseline,baseline_05_mixed_maneuver_ATT,Yaw,hybrid,PHASE3B_RESIDUAL_CSV,477,0.0002224040481279433,0.0017176356023892705,0.0013235000194493365,0.001730188014778697,0.0057525634765625,0.0037078857421875,0.004794921875,0.004841766357421844,0.0046702246353580775,0.004841766357421844
per_baseline,baseline_05_mixed_maneuver_ATT,Yaw,naive,PHASE3B_RESIDUAL_CSV,477,0.0002224040481279433,0.0017176356023892705,0.0013235000194493365,0.001730188014778697,0.0057525634765625,0.0037078857421875,0.004794921875,0.004841766357421844,0.0046702246353580775,0.004841766357421844
per_baseline,baseline_05_mixed_maneuver_ATT,Yaw,cv,PHASE3B_RESIDUAL_CSV,477,1.0540400411098213e-05,0.00158567619797708,0.0009575130054785587,0.0015840482603207734,0.004669189453125,0.00373992919921874,0.0045278930664062,0.004551849365234344,0.004747170984857902,0.004747170984857902
per_baseline,baseline_05_mixed_maneuver_ATT,Yaw,arx,PHASE3B_RESIDUAL_CSV,477,0.0005061219359988337,0.00210807456673633,0.0014859625589389324,0.0021658303895970526,0.0073105049591788,0.004961853989686839,0.006640306448363129,0.006842467843052277,0.006217935873233603,0.006842467843052277
all_baselines,ALL,Roll,hybrid,ALL_PHASE3B_RESIDUAL_CSVS,1605,0.0008596803047667706,0.003293810777970132,0.002269850393479275,0.003403157364549374,0.0302688828224192,0.006419124249117658,0.010779762980886384,0.01698163071120916,0.009879016415403395,0.01698163071120916
all_baselines,ALL,Roll,naive,ALL_PHASE3B_RESIDUAL_CSVS,1605,4.980826860645519e-06,0.003114328772021067,0.0017621894561426973,0.003113362409195674,0.0182820148766041,0.007125389575958239,0.011514507681131358,0.013183787316083852,0.009464551936989505,0.013183787316083852
all_baselines,ALL,Roll,cv,ALL_PHASE3B_RESIDUAL_CSVS,1605,-8.498582512882847e-07,0.002838281399407321,0.0016547752364401832,0.002837397189100603,0.0135886296629904,0.00630432069301604,0.010067012310028052,0.011123427301645354,0.008571615848751175,0.011123427301645354
all_baselines,ALL,Roll,arx,ALL_PHASE3B_RESIDUAL_CSVS,1605,0.0033396802908407697,0.005038896124819697,0.004465436464127475,0.006043849683081699,0.0336766415298262,0.011828709761935419,0.016594874489794076,0.020975990681450948,0.016687753772243043,0.020975990681450948
all_baselines,ALL,Pitch,hybrid,ALL_PHASE3B_RESIDUAL_CSVS,1605,0.0008192728747969296,0.003315087340965352,0.002458141745107098,0.003413819692317019,0.0191614107682327,0.006432579830288733,0.012192122156746992,0.015051795840692201,0.009567067373570366,0.015051795840692201
all_baselines,ALL,Pitch,naive,ALL_PHASE3B_RESIDUAL_CSVS,1605,1.0265544567522085e-05,0.0028907308444291913,0.0016488597203173309,0.002889848398001714,0.0158065012656151,0.006816218793392137,0.010823507308959916,0.011937064267694957,0.008770936116729248,0.011937064267694957
all_baselines,ALL,Pitch,cv,ALL_PHASE3B_RESIDUAL_CSVS,1605,-6.692705681731826e-06,0.002654087536249626,0.0015600920062964325,0.00265326902985424,0.0172870540991426,0.005765110254287699,0.009099889695644138,0.011269465535879075,0.008000541458487527,0.011269465535879075
all_baselines,ALL,Pitch,arx,ALL_PHASE3B_RESIDUAL_CSVS,1605,0.0123015548500073,0.024444632725386845,0.015000878146431362,0.027358655334250824,0.1498392115389242,0.06936678331216654,0.07883202617344892,0.11071443815922898,0.08366064994042846,0.11071443815922898
all_baselines,ALL,Yaw,hybrid,ALL_PHASE3B_RESIDUAL_CSVS,1605,-4.4772899796588175e-05,0.0018641763236299637,0.0010584451550634658,0.00186413324994475,0.0211288452148892,0.003351745605459597,0.006642639160190764,0.009342010498046373,0.005663376395323572,0.009342010498046373
all_baselines,ALL,Yaw,naive,ALL_PHASE3B_RESIDUAL_CSVS,1605,-0.00010503846165547285,0.0027938253114007734,0.0014564252716727738,0.0027949292896561648,0.03070068359375,0.0037048339843749993,0.012197265625000037,0.020487670898437546,0.008615058203155926,0.020487670898437546
all_baselines,ALL,Yaw,cv,ALL_PHASE3B_RESIDUAL_CSVS,1605,4.786791461174901e-06,0.0013852743610084908,0.0006986196167372031,0.0013848510170130402,0.016143798828125,0.00344696044912778,0.004377441406250002,0.004629669189453077,0.004286893433278432,0.004629669189453077
all_baselines,ALL,Yaw,arx,ALL_PHASE3B_RESIDUAL_CSVS,1605,-0.00815474253544154,0.009977589426536164,0.009065035152999385,0.01288371414749954,0.0570000849614587,0.026294046436305438,0.030673276427988887,0.033577055440943554,0.036538792379285624,0.036538792379285624
