timestamp,TimeUS,I,Status,GMS,GWk,NSats,HDop,Lat,Lng,Alt,Spd,GCrs,VZ,Yaw,U,TimeSec,AttackActive_GPS,Lat_attacked,Lng_attacked
1778782973.2,52384038,0,6,411791200,2418,10,1.21,-35.3632621,149.1652374,584.09,0.0,0.0,0.0,0.0,1,0.0,0,-35.3632621,149.1652374
1778782973.400753,52584791,0,6,411791400,2418,10,1.21,-35.3632621,149.1652374,584.09,0.0,0.0,0.0,0.0,1,0.200753,0,-35.3632621,149.1652374
1778782973.6006727,52784711,0,6,411791600,2418,10,1.21,-35.3632621,149.1652374,584.09,0.0,0.0,0.0,0.0,1,0.400673,0,-35.3632621,149.1652374
1778782973.8005931,52984631,0,6,411791800,2418,10,1.21,-35.3632621,149.1652374,584.09,0.0,0.0,0.0,0.0,1,0.600593,0,-35.3632621,149.1652374
1778782974.000513,53184551,0,6,411792000,2418,10,1.21,-35.3632621,149.1652374,584.09,0.0,0.0,0.0,0.0,1,0.800513,0,-35.3632621,149.1652374
1778782974.200433,53384471,0,6,411792200,2418,10,1.21,-35.3632621,149.1652374,584.09,0.0,0.0,0.0,0.0,1,1.000433,0,-35.3632621,149.1652374
1778782974.4003532,53584391,0,6,411792400,2418,10,1.21,-35.3632621,149.1652374,584.09,0.0,0.0,0.0,0.0,1,1.200353,0,-35.3632621,149.1652374
1778782974.6002731,53784311,0,6,411792600,2418,10,1.21,-35.3632621,149.1652374,584.09,0.0,0.0,0.0,0.0,1,1.400273,0,-35.3632621,149.1652374
1778782974.800193,53984231,0,6,411792800,2418,10,1.21,-35.3632621,149.1652374,584.09,0.0,0.0,0.0,0.0,1,1.600193,0,-35.3632621,149.1652374
1778782975.000113,54184151,0,6,411793000,2418,10,1.21,-35.3632621,149.1652374,584.09,0.0,0.0,0.0,0.0,1,1.800113,0,-35.3632621,149.1652374
1778782975.2000332,54384071,0,6,411793200,2418,10,1.21,-35.3632621,149.1652374,584.09,0.0,0.0,0.0,0.0,1,2.000033,0,-35.3632621,149.1652374
1778782975.400786,54584824,0,6,411793400,2418,10,1.21,-35.3632621,149.1652374,584.09,0.0,0.0,0.0,0.0,1,2.200786,0,-35.3632621,149.1652374
1778782975.600706,54784744,0,6,411793600,2418,10,1.21,-35.3632621,149.1652374,584.09,0.0,0.0,0.0,0.0,1,2.400706,0,-35.3632621,149.1652374
1778782975.800626,54984664,0,6,411793800,2418,10,1.21,-35.3632621,149.1652374,584.09,0.0,0.0,0.0,0.0,1,2.600626,0,-35.3632621,149.1652374
1778782976.000546,55184584,0,6,411794000,2418,10,1.21,-35.3632621,149.1652374,584.09,0.0,0.0,0.0,0.0,1,2.800546,0,-35.3632621,149.1652374
1778782976.200466,55384504,0,6,411794200,2418,10,1.21,-35.3632621,149.1652374,584.09,0.0,0.0,0.0,0.0,1,3.000466,0,-35.3632621,149.1652374
1778782976.400386,55584424,0,6,411794400,2418,10,1.21,-35.3632621,149.1652374,584.09,0.0,0.0,0.0,0.0,1,3.200386,0,-35.3632621,149.1652374
1778782976.600306,55784344,0,6,411794600,2418,10,1.21,-35.3632621,149.1652374,584.09,0.0,0.0,0.0,0.0,1,3.400306,0,-35.3632621,149.1652374
1778782976.800226,55984264,0,6,411794800,2418,10,1.21,-35.3632621,149.1652374,584.09,0.0,0.0,0.0,0.0,1,3.600226,0,-35.3632621,149.1652374
1778782977.000146,56184184,0,6,411795000,2418,10,1.21,-35.3632621,149.1652374,584.09,0.0,0.0,0.0,0.0,1,3.800146,0,-35.3632621,149.1652374
1778782977.200066,56384104,0,6,411795200,2418,10,1.21,-35.3632621,149.1652374,584.09,0.0,0.0,0.0,0.0,1,4.000066,0,-35.3632621,149.1652374
1778782977.399986,56584024,0,6,411795400,2418,10,1.21,-35.3632621,149.1652374,584.09,0.0,0.0,0.0,0.0,1,4.199986,0,-35.3632621,149.1652374
1778782977.600739,56784777,0,6,411795600,2418,10,1.21,-35.3632621,149.1652374,584.09,0.0,0.0,0.0,0.0,1,4.400739,0,-35.3632621,149.1652374
1778782977.8006592,56984697,0,6,411795800,2418,10,1.21,-35.3632621,149.1652374,584.09,0.0,0.0,0.0,0.0,1,4.600659,0,-35.3632621,149.1652374
1778782978.000579,57184617,0,6,411796000,2418,10,1.21,-35.3632621,149.1652374,584.09,0.0,0.0,0.0,0.0,1,4.800579,0,-35.3632621,149.1652374
1778782978.200499,57384537,0,6,411796200,2418,10,1.21,-35.3632621,149.1652374,584.09,0.0,0.0,0.0,0.0,1,5.000499,0,-35.3632621,149.1652374
1778782978.400419,57584457,0,6,411796400,2418,10,1.21,-35.3632621,149.1652374,584.09,0.0,0.0,0.0,0.0,1,5.200419,0,-35.3632621,149.1652374
1778782978.6003392,57784377,0,6,411796600,2418,10,1.21,-35.3632621,149.1652374,584.09,0.0,0.0,0.0,0.0,1,5.400339,0,-35.3632621,149.1652374
1778782978.800259,57984297,0,6,411796800,2418,10,1.21,-35.3632621,149.1652374,584.09,0.0,0.0,0.0,0.0,1,5.600259,0,-35.3632621,149.1652374
1778782979.000179,58184217,0,6,411797000,2418,10,1.21,-35.3632621,149.1652374,584.09,0.0,0.0,0.0,0.0,1,5.800179,0,-35.3632621,149.1652374
1778782979.2000988,58384137,0,6,411797200,2418,10,1.21,-35.3632621,149.1652374,584.09,0.0,0.0,0.0,0.0,1,6.000099,0,-35.3632621,149.1652374
1778782979.4000192,58584057,0,6,411797400,2418,10,1.21,-35.3632621,149.1652374,584.09,0.0,0.0,0.0,0.0,1,6.200019,0,-35.3632621,149.1652374
1778782979.600772,58784810,0,6,411797600,2418,10,1.21,-35.3632621,149.1652374,584.09,0.0,0.0,0.0,0.0,1,6.400772,0,-35.3632621,149.1652374
1778782979.800692,58984730,0,6,411797800,2418,10,1.21,-35.3632621,149.1652374,584.09,0.0,0.0,0.0,0.0,1,6.600692,0,-35.3632621,149.1652374
1778782980.000612,59184650,0,6,411798000,2418,10,1.21,-35.3632621,149.1652374,584.09,0.0,0.0,0.0,0.0,1,6.800612,0,-35.3632621,149.1652374
1778782980.200532,59384570,0,6,411798200,2418,10,1.21,-35.3632621,149.1652374,584.09,0.0,0.0,0.0,0.0,1,7.000532,0,-35.3632621,149.1652374
1778782980.400452,59584490,0,6,411798400,2418,10,1.21,-35.3632621,149.1652374,584.09,0.0,0.0,0.0,0.0,1,7.200452,0,-35.3632621,149.1652374
1778782980.600372,59784410,0,6,411798600,2418,10,1.21,-35.3632621,149.1652374,584.09,0.0,0.0,0.0,0.0,1,7.400372,0,-35.3632621,149.1652374
1778782980.800292,59984330,0,6,411798800,2418,10,1.21,-35.3632621,149.1652374,584.09,0.0,0.0,0.0,0.0,1,7.600292,0,-35.3632621,149.1652374
1778782981.000212,60184250,0,6,411799000,2418,10,1.21,-35.3632621,149.1652374,584.09,0.0,125.95819854736328,0.0,0.0,1,7.800212,0,-35.3632621,149.1652374
1778782981.200132,60384170,0,6,411799200,2418,10,1.21,-35.3632621,149.1652374,584.09,0.0,127.14177703857422,0.0,0.0,1,8.000132,0,-35.3632621,149.1652374
1778782981.400052,60584090,0,6,411799400,2418,10,1.21,-35.3632621,149.1652374,584.09,0.0,305.437255859375,0.0,0.0,1,8.200052,0,-35.3632621,149.1652374
1778782981.600805,60784843,0,6,411799600,2418,10,1.21,-35.3632621,149.1652374,584.09,0.0,306.41424560546875,-0.003000000026077,0.0,1,8.400805,0,-35.3632621,149.1652374
1778782981.8007247,60984763,0,6,411799800,2418,10,1.21,-35.3632621,149.1652374,584.1,0.0,306.1317749023437,-0.0659999996423721,0.0,1,8.600725,0,-35.3632621,149.1652374
1778782982.0006452,61184683,0,6,411800000,2418,10,1.21,-35.3632621,149.1652374,584.12,0.0,307.5481262207031,-0.1780000030994415,0.0,1,8.800645,0,-35.3632621,149.1652374
1778782982.200565,61384603,0,6,411800200,2418,10,1.21,-35.3632621,149.1652374,584.17,0.0,307.5451965332031,-0.2900000214576721,0.0,1,9.000565,0,-35.3632621,149.1652374
1778782982.400485,61584523,0,6,411800400,2418,10,1.21,-35.3632621,149.1652374,584.27,0.003000000026077,307.04718017578125,-0.7160000205039978,0.0,1,9.200485,0,-35.3632621,149.1652374
1778782982.6004047,61784443,0,6,411800600,2418,10,1.21,-35.3632621,149.1652374,584.46,0.0130000002682209,307.2846984863281,-1.1510000228881836,0.0,1,9.400405,0,-35.3632621,149.1652374
1778782982.8003252,61984363,0,6,411800800,2418,10,1.21,-35.3632621,149.1652374,584.69,0.0280000008642673,307.3674621582031,-1.1890000104904177,0.0,1,9.600325,0,-35.3632621,149.1652374
1778782983.000245,62184283,0,6,411801000,2418,10,1.21,-35.3632621,149.1652373,584.93,0.0410000011324882,307.37890625,-1.2350000143051147,0.0,1,9.800245,0,-35.3632621,149.1652373
1778782983.200165,62384203,0,6,411801200,2418,10,1.21,-35.363262,149.1652372,585.2,0.0440000034868717,307.5097351074219,-1.4100000858306885,0.0,1,10.000165,1,-35.363141999999996,149.1651172
1778782983.4000847,62584123,0,6,411801400,2418,10,1.21,-35.363262,149.1652371,585.5,0.0400000028312206,307.91522216796875,-1.6100001335144043,0.0,1,10.200085,1,-35.363141999999996,149.1651171
1778782983.6000051,62784043,0,6,411801600,2418,10,1.21,-35.3632619,149.165237,585.83,0.0310000013560056,308.795166015625,-1.812000036239624,0.0,1,10.400005,1,-35.363141899999995,149.16511699999998
1778782983.800758,62984796,0,6,411801800,2418,10,1.21,-35.3632619,149.165237,586.22,0.021000001579523,310.996337890625,-2.0199999809265137,0.0,1,10.600758,1,-35.363141899999995,149.16511699999998
1778782984.000678,63184716,0,6,411802000,2418,10,1.21,-35.3632619,149.165237,586.65,0.0110000008717179,317.4419860839844,-2.2280001640319824,0.0,1,10.800678,1,-35.363141899999995,149.16511699999998
1778782984.200598,63384636,0,6,411802200,2418,10,1.21,-35.3632619,149.165237,587.12,0.0040000001899898,348.8775634765625,-2.3970000743865967,0.0,1,11.000598,1,-35.363141899999995,149.16511699999998
1778782984.400518,63584556,0,6,411802400,2418,10,1.21,-35.3632619,149.165237,587.61,0.0040000001899898,88.97000122070312,-2.491000175476074,0.0,1,11.200518,1,-35.363141899999995,149.16511699999998
1778782984.600438,63784476,0,6,411802600,2418,10,1.21,-35.3632619,149.165237,588.11,0.0080000003799796,109.81261444091795,-2.525000095367432,0.0,1,11.400438,1,-35.363141899999995,149.16511699999998
1778782984.800358,63984396,0,6,411802800,2418,10,1.21,-35.3632619,149.165237,588.61,0.0110000008717179,116.22298431396484,-2.526000022888184,0.0,1,11.600358,1,-35.363141899999995,149.16511699999998
1778782985.000278,64184316,0,6,411803000,2418,10,1.21,-35.3632619,149.165237,589.12,0.0120000001043081,118.5366668701172,-2.51200008392334,0.0,1,11.800278,1,-35.363141899999995,149.16511699999998
1778782985.200198,64384236,0,6,411803200,2418,10,1.21,-35.3632619,149.165237,589.62,0.0120000001043081,118.79826354980467,-2.494000196456909,0.0,1,12.000198,1,-35.363141899999995,149.16511699999998
1778782985.400118,64584156,0,6,411803400,2418,10,1.21,-35.3632619,149.165237,590.11,0.0110000008717179,118.7089385986328,-2.4790000915527344,0.0,1,12.200118,1,-35.363141899999995,149.16511699999998
1778782985.600038,64784076,0,6,411803600,2418,10,1.21,-35.3632619,149.165237,590.61,0.0110000008717179,118.80550384521484,-2.469000101089477,0.0,1,12.400038,1,-35.363141899999995,149.16511699999998
1778782985.800791,64984829,0,6,411803800,2418,10,1.21,-35.3632619,149.165237,591.1,0.0120000001043081,120.55088806152344,-2.463000059127808,0.0,1,12.600791,1,-35.363141899999995,149.16511699999998
1778782986.0007107,65184749,0,6,411804000,2418,10,1.21,-35.3632619,149.165237,591.59,0.0130000002682209,123.53099060058594,-2.461000204086304,0.0,1,12.800711,1,-35.363141899999995,149.16511699999998
1778782986.2006311,65384669,0,6,411804200,2418,10,1.21,-35.3632619,149.1652371,592.09,0.0160000007599592,125.34190368652344,-2.462000131607056,0.0,1,13.000631,1,-35.363141899999995,149.1651171
1778782986.400551,65584589,0,6,411804400,2418,10,1.21,-35.3632619,149.1652372,592.58,0.0190000012516975,125.7803192138672,-2.4640002250671387,0.0,1,13.200551,1,-35.363141899999995,149.1651172
1778782986.600471,65784509,0,6,411804600,2418,10,1.21,-35.3632619,149.1652372,593.07,0.0220000017434358,125.73303985595705,-2.4660000801086426,0.0,1,13.400471,1,-35.363141899999995,149.1651172
1778782986.8003907,65984429,0,6,411804800,2418,10,1.21,-35.3632619,149.1652372,593.56,0.025000000372529,126.84317779541016,-2.4670000076293945,0.0,1,13.600391,1,-35.363141899999995,149.1651172
1778782987.0003111,66184349,0,6,411805000,2418,10,1.21,-35.3632619,149.1652373,594.06,0.0270000007003545,129.66539001464844,-2.4680001735687256,0.0,1,13.800311,1,-35.363141899999995,149.1651173
1778782987.200231,66384269,0,6,411805200,2418,10,1.21,-35.363262,149.1652373,594.55,0.0260000005364418,132.3643035888672,-2.469000101089477,0.0,1,14.000231,1,-35.363141999999996,149.1651173
1778782987.400151,66584189,0,6,411805400,2418,10,1.21,-35.363262,149.1652374,595.05,0.025000000372529,133.95367431640625,-2.4710001945495605,0.0,1,14.200151,1,-35.363141999999996,149.16511739999999
1778782987.6000712,66784109,0,6,411805600,2418,10,1.21,-35.363262,149.1652374,595.54,0.0220000017434358,135.76834106445312,-2.4590001106262207,0.0,1,14.400071,1,-35.363141999999996,149.16511739999999
1778782987.7999911,66984029,0,6,411805800,2418,10,1.21,-35.3632621,149.1652374,596.03,0.0190000012516975,138.7334442138672,-2.392000198364258,0.0,1,14.599991,1,-35.3631421,149.16511739999999
1778782988.000744,67184782,0,6,411806000,2418,10,1.21,-35.3632621,149.1652375,596.49,0.0170000009238719,142.718994140625,-2.251000165939331,0.0,1,14.800744,1,-35.3631421,149.16511749999998
1778782988.200664,67384702,0,6,411806200,2418,10,1.21,-35.3632621,149.1652375,596.92,0.0140000004321336,147.17359924316406,-2.065000057220459,0.0,1,15.000664,1,-35.3631421,149.16511749999998
1778782988.400584,67584622,0,6,411806400,2418,10,1.21,-35.3632621,149.1652375,597.32,0.0120000001043081,151.39108276367188,-1.855000138282776,0.0,1,15.200584,1,-35.3631421,149.16511749999998
1778782988.600504,67784542,0,6,411806600,2418,10,1.21,-35.3632622,149.1652375,597.67,0.0100000007078051,155.88243103027344,-1.6390000581741333,0.0,1,15.400504,1,-35.3631422,149.16511749999998
1778782988.800424,67984462,0,6,411806800,2418,10,1.21,-35.3632622,149.1652375,597.97,0.0080000003799796,161.99937438964844,-1.4220000505447388,0.0,1,15.600424,1,-35.3631422,149.16511749999998
1778782989.000344,68184382,0,6,411807000,2418,10,1.21,-35.3632622,149.1652375,598.24,0.0070000002160668,170.32379150390625,-1.2100000381469729,0.0,1,15.800344,1,-35.3631422,149.16511749999998
1778782989.200264,68384302,0,6,411807200,2418,10,1.21,-35.3632622,149.1652375,598.45,0.0050000003539025,179.31443786621094,-1.0040000677108765,0.0,1,16.000264,1,-35.3631422,149.16511749999998
1778782989.400184,68584222,0,6,411807400,2418,10,1.21,-35.3632622,149.1652375,598.64,0.003000000026077,190.31495666503903,-0.8030000329017639,0.0,1,16.200184,1,-35.3631422,149.16511749999998
1778782989.600104,68784142,0,6,411807600,2418,10,1.21,-35.3632622,149.1652375,598.78,0.0010000000474974,214.09780883789065,-0.6050000190734863,0.0,1,16.400104,1,-35.3631422,149.16511749999998
1778782989.800024,68984062,0,6,411807800,2418,10,1.21,-35.3632622,149.1652375,598.88,0.0010000000474974,295.8631896972656,-0.4100000262260437,0.0,1,16.600024,1,-35.3631422,149.16511749999998
1778782990.000777,69184815,0,6,411808000,2418,10,1.21,-35.3632622,149.1652375,598.94,0.003000000026077,322.9010314941406,-0.2160000056028366,0.0,1,16.800777,1,-35.3631422,149.16511749999998
1778782990.2006972,69384735,0,6,411808200,2418,10,1.21,-35.3632622,149.1652375,598.97,0.0040000001899898,323.36236572265625,-0.0590000040829181,0.0,1,17.000697,1,-35.3631422,149.16511749999998
1778782990.4006171,69584655,0,6,411808400,2418,10,1.21,-35.3632622,149.1652375,598.97,0.0050000003539025,321.7957763671875,0.0240000002086162,0.0,1,17.200617,1,-35.3631422,149.16511749999998
1778782990.600537,69784575,0,6,411808600,2418,10,1.21,-35.3632622,149.1652375,598.96,0.0070000002160668,320.3457336425781,0.0470000021159648,0.0,1,17.400537,1,-35.3631422,149.16511749999998
1778782990.800457,69984495,0,6,411808800,2418,10,1.21,-35.3632622,149.1652375,598.95,0.0080000003799796,318.788330078125,0.038000002503395,0.0,1,17.600457,1,-35.3631422,149.16511749999998
1778782991.0003772,70184415,0,6,411809000,2418,10,1.21,-35.3632622,149.1652375,598.95,0.0100000007078051,316.6116943359375,0.0160000007599592,0.0,1,17.800377,1,-35.3631422,149.16511749999998
1778782991.200297,70384335,0,6,411809200,2418,10,1.21,-35.3632622,149.1652375,598.95,0.0110000008717179,314.3815612792969,-0.0070000002160668,0.0,1,18.000297,1,-35.3631422,149.16511749999998
1778782991.400217,70584255,0,6,411809400,2418,10,1.21,-35.3632622,149.1652375,598.95,0.0130000002682209,313.035400390625,-0.0260000005364418,0.0,1,18.200217,1,-35.3631422,149.16511749999998
1778782991.600137,70784175,0,6,411809600,2418,10,1.21,-35.3632622,149.1652375,598.96,0.0150000005960464,312.1457214355469,-0.0390000008046627,0.0,1,18.400137,1,-35.3631422,149.16511749999998
1778782991.8000572,70984095,0,6,411809800,2418,10,1.21,-35.3632622,149.1652375,598.96,0.0170000009238719,311.2716369628906,-0.0460000038146972,0.0,1,18.600057,1,-35.3631422,149.16511749999998
1778782992.00081,71184848,0,6,411810000,2418,10,1.21,-35.3632622,149.1652375,598.97,0.0180000010877847,310.9239501953125,-0.0480000004172325,0.0,1,18.80081,1,-35.3631422,149.16511749999998
1778782992.20073,71384768,0,6,411810200,2418,10,1.21,-35.3632622,149.1652374,598.98,0.0180000010877847,311.29010009765625,-0.0460000038146972,0.0,1,19.00073,1,-35.3631422,149.16511739999999
1778782992.40065,71584688,0,6,411810400,2418,10,1.21,-35.3632621,149.1652374,598.99,0.0180000010877847,311.7839660644531,-0.0410000011324882,0.0,1,19.20065,1,-35.3631421,149.16511739999999
1778782992.60057,71784608,0,6,411810600,2418,10,1.21,-35.3632621,149.1652374,599.0,0.0180000010877847,312.5859680175781,-0.0340000018477439,0.0,1,19.40057,1,-35.3631421,149.16511739999999
1778782992.80049,71984528,0,6,411810800,2418,10,1.21,-35.3632621,149.1652373,599.01,0.0190000012516975,314.1861572265625,-0.0280000008642673,0.0,1,19.60049,1,-35.3631421,149.1651173
1778782993.00041,72184448,0,6,411811000,2418,10,1.21,-35.3632621,149.1652373,599.01,0.0180000010877847,315.4807434082031,-0.0240000002086162,0.0,1,19.80041,1,-35.3631421,149.1651173
1778782993.20033,72384368,0,6,411811200,2418,10,1.21,-35.363262,149.1652373,599.02,0.0170000009238719,315.5976867675781,-0.0220000017434358,0.0,1,20.00033,0,-35.363262,149.1652373
1778782993.40025,72584288,0,6,411811400,2418,10,1.21,-35.363262,149.1652373,599.02,0.0160000007599592,315.60772705078125,-0.021000001579523,0.0,1,20.20025,0,-35.363262,149.1652373
1778782993.60017,72784208,0,6,411811600,2418,10,1.21,-35.363262,149.1652372,599.03,0.0140000004321336,315.96551513671875,-0.0200000014156103,0.0,1,20.40017,0,-35.363262,149.1652372
1778782993.80009,72984128,0,6,411811800,2418,10,1.21,-35.363262,149.1652372,599.03,0.0120000001043081,315.70098876953125,-0.0180000010877847,0.0,1,20.60009,0,-35.363262,149.1652372
1778782994.00001,73184048,0,6,411812000,2418,10,1.21,-35.363262,149.1652372,599.03,0.0100000007078051,314.6464233398437,-0.0160000007599592,0.0,1,20.80001,0,-35.363262,149.1652372
1778782994.2007627,73384801,0,6,411812200,2418,10,1.21,-35.363262,149.1652372,599.04,0.0080000003799796,314.0112609863281,-0.0140000004321336,0.0,1,21.000763,0,-35.363262,149.1652372
1778782994.4006832,73584721,0,6,411812400,2418,10,1.21,-35.363262,149.1652372,599.04,0.0050000003539025,314.6726989746094,-0.0130000002682209,0.0,1,21.200683,0,-35.363262,149.1652372
1778782994.600603,73784641,0,6,411812600,2418,10,1.21,-35.363262,149.1652372,599.04,0.003000000026077,320.64019775390625,-0.0130000002682209,0.0,1,21.400603,0,-35.363262,149.1652372
1778782994.800523,73984561,0,6,411812800,2418,10,1.21,-35.3632619,149.1652372,599.05,0.0020000000949949,341.9852294921875,-0.0130000002682209,0.0,1,21.600523,0,-35.3632619,149.1652372
1778782995.0004427,74184481,0,6,411813000,2418,10,1.21,-35.3632619,149.1652372,599.05,0.0020000000949949,6.205420017242432,-0.0130000002682209,0.0,1,21.800443,0,-35.3632619,149.1652372
1778782995.2003632,74384401,0,6,411813200,2418,10,1.21,-35.3632619,149.1652372,599.05,0.0020000000949949,16.927339553833008,-0.0120000001043081,0.0,1,22.000363,0,-35.3632619,149.1652372
1778782995.400283,74584321,0,6,411813400,2418,10,1.21,-35.3632619,149.1652372,599.05,0.0020000000949949,29.372859954833984,-0.0110000008717179,0.0,1,22.200283,0,-35.3632619,149.1652372
1778782995.600203,74784241,0,6,411813600,2418,10,1.21,-35.3632619,149.1652372,599.06,0.0010000000474974,70.70154571533203,-0.0100000007078051,0.0,1,22.400203,0,-35.3632619,149.1652372
1778782995.8001227,74984161,0,6,411813800,2418,10,1.21,-35.3632619,149.1652372,599.06,0.0010000000474974,125.59510040283205,-0.0090000005438923,0.0,1,22.600123,0,-35.3632619,149.1652372
1778782996.0000432,75184081,0,6,411814000,2418,10,1.21,-35.3632619,149.1652372,599.06,0.0020000000949949,141.88101196289062,-0.0090000005438923,0.0,1,22.800043,0,-35.3632619,149.1652372
1778782996.200796,75384834,0,6,411814200,2418,10,1.21,-35.3632619,149.1652372,599.06,0.0040000001899898,146.6122589111328,-0.0090000005438923,0.0,1,23.000796,0,-35.3632619,149.1652372
1778782996.400716,75584754,0,6,411814400,2418,10,1.21,-35.3632619,149.1652372,599.06,0.0040000001899898,146.7760009765625,-0.0090000005438923,0.0,1,23.200716,0,-35.3632619,149.1652372
1778782996.600636,75784674,0,6,411814600,2418,10,1.21,-35.3632619,149.1652372,599.07,0.0050000003539025,145.5081329345703,-0.0090000005438923,0.0,1,23.400636,0,-35.3632619,149.1652372
1778782996.800556,75984594,0,6,411814800,2418,10,1.21,-35.3632619,149.1652372,599.07,0.006000000052154,144.63153076171875,-0.0080000003799796,0.0,1,23.600556,0,-35.3632619,149.1652372
1778782997.000476,76184514,0,6,411815000,2418,10,1.21,-35.3632619,149.1652372,599.07,0.0070000002160668,144.0380401611328,-0.0070000002160668,0.0,1,23.800476,0,-35.3632619,149.1652372
1778782997.200396,76384434,0,6,411815200,2418,10,1.21,-35.3632619,149.1652372,599.07,0.0070000002160668,142.589599609375,-0.0070000002160668,0.0,1,24.000396,0,-35.3632619,149.1652372
1778782997.400316,76584354,0,6,411815400,2418,10,1.21,-35.3632619,149.1652372,599.07,0.0070000002160668,139.92047119140625,-0.006000000052154,0.0,1,24.200316,0,-35.3632619,149.1652372
1778782997.600236,76784274,0,6,411815600,2418,10,1.21,-35.3632619,149.1652372,599.07,0.0070000002160668,136.41165161132812,-0.0070000002160668,0.0,1,24.400236,0,-35.3632619,149.1652372
1778782997.800156,76984194,0,6,411815800,2418,10,1.21,-35.3632619,149.1652372,599.08,0.0070000002160668,132.94483947753906,-0.0070000002160668,0.0,1,24.600156,0,-35.3632619,149.1652372
1778782998.000076,77184114,0,6,411816000,2418,10,1.21,-35.3632619,149.1652372,599.08,0.0070000002160668,131.49928283691406,-0.0070000002160668,0.0,1,24.800076,0,-35.3632619,149.1652372
1778782998.199996,77384034,0,6,411816200,2418,10,1.21,-35.3632619,149.1652372,599.08,0.0080000003799796,133.76614379882812,-0.0070000002160668,0.0,1,24.999996,0,-35.3632619,149.1652372
1778782998.4007487,77584787,0,6,411816400,2418,10,1.21,-35.3632619,149.1652372,599.08,0.0090000005438923,137.35548400878906,-0.006000000052154,0.0,1,25.200749,0,-35.3632619,149.1652372
1778782998.6006691,77784707,0,6,411816600,2418,10,1.21,-35.363262,149.1652372,599.08,0.0100000007078051,139.2384490966797,-0.0050000003539025,0.0,1,25.400669,0,-35.363262,149.1652372
1778782998.800589,77984627,0,6,411816800,2418,10,1.21,-35.363262,149.1652372,599.08,0.0110000008717179,139.78085327148438,-0.0050000003539025,0.0,1,25.600589,0,-35.363262,149.1652372
1778782999.000509,78184547,0,6,411817000,2418,10,1.21,-35.363262,149.1652372,599.08,0.0120000001043081,139.45877075195312,-0.0040000001899898,0.0,1,25.800509,0,-35.363262,149.1652372
1778782999.2004287,78384467,0,6,411817200,2418,10,1.21,-35.363262,149.1652373,599.08,0.0110000008717179,137.54869079589844,-0.0040000001899898,0.0,1,26.000429,0,-35.363262,149.1652373
1778782999.4003491,78584387,0,6,411817400,2418,10,1.21,-35.363262,149.1652373,599.09,0.0110000008717179,132.88455200195312,-0.0040000001899898,0.0,1,26.200349,0,-35.363262,149.1652373
1778782999.600269,78784307,0,6,411817600,2418,10,1.21,-35.363262,149.1652373,599.09,0.0100000007078051,125.43865966796876,-0.0040000001899898,0.0,1,26.400269,0,-35.363262,149.1652373
1778782999.800189,78984227,0,6,411817800,2418,10,1.21,-35.363262,149.1652373,599.09,0.0090000005438923,118.32088470458984,-0.0040000001899898,0.0,1,26.600189,0,-35.363262,149.1652373
1778783000.0001087,79184147,0,6,411818000,2418,10,1.21,-35.3632621,149.1652373,599.09,0.0080000003799796,115.03043365478516,-0.003000000026077,0.0,1,26.800109,0,-35.3632621,149.1652373
1778783000.2000291,79384067,0,6,411818200,2418,10,1.21,-35.3632621,149.1652373,599.09,0.0070000002160668,115.34817504882812,-0.003000000026077,0.0,1,27.000029,0,-35.3632621,149.1652373
1778783000.400782,79584820,0,6,411818400,2418,10,1.21,-35.3632621,149.1652374,599.09,0.006000000052154,116.93919372558594,-0.0020000000949949,0.0,1,27.200782,0,-35.3632621,149.1652374
1778783000.600702,79784740,0,6,411818600,2418,10,1.21,-35.3632621,149.1652374,599.09,0.003000000026077,351.4222106933594,-0.0020000000949949,0.0,1,27.400702,0,-35.3632621,149.1652374
1778783000.800622,79984660,0,6,411818800,2418,10,1.21,-35.3632621,149.1652373,599.09,0.0730000063776969,337.0701599121094,-0.0020000000949949,0.0,1,27.600622,0,-35.3632621,149.1652373
1778783001.000542,80184580,0,6,411819000,2418,10,1.21,-35.3632618,149.1652373,599.09,0.3050000071525574,345.38507080078125,0.0,0.0,1,27.800542,0,-35.3632618,149.1652373
1778783001.200462,80384500,0,6,411819200,2418,10,1.21,-35.3632609,149.1652371,599.09,0.7410000562667847,349.6006774902344,0.0010000000474974,0.0,1,28.000462,0,-35.3632609,149.1652371
1778783001.400382,80584420,0,6,411819400,2418,10,1.21,-35.3632591,149.1652367,599.09,1.2480000257492063,351.1266784667969,-0.003000000026077,0.0,1,28.200382,0,-35.3632591,149.1652367
1778783001.600302,80784340,0,6,411819600,2418,10,1.21,-35.3632565,149.1652362,599.09,1.630000114440918,351.7103881835937,-0.0090000005438923,0.0,1,28.400302,0,-35.3632565,149.1652362
1778783001.800222,80984260,0,6,411819800,2418,10,1.21,-35.3632534,149.1652356,599.09,1.838000059127808,352.06512451171875,-0.0070000002160668,0.0,1,28.600222,0,-35.3632534,149.1652356
1778783002.000142,81184180,0,6,411820000,2418,10,1.21,-35.3632501,149.1652351,599.09,1.9280000925064087,352.4014892578125,-0.0020000000949949,0.0,1,28.800142,0,-35.3632501,149.1652351
1778783002.200062,81384100,0,6,411820200,2418,10,1.21,-35.3632466,149.1652346,599.1,1.9580000638961792,352.7352905273437,0.0010000000474974,0.0,1,29.000062,0,-35.3632466,149.1652346
1778783002.400815,81584853,0,6,411820400,2418,10,1.21,-35.3632431,149.165234,599.09,1.963000059127808,353.0296936035156,0.003000000026077,0.0,1,29.200815,0,-35.3632431,149.165234
1778783002.6007352,81784773,0,6,411820600,2418,10,1.21,-35.3632396,149.1652335,599.09,1.9590001106262207,353.249755859375,0.003000000026077,0.0,1,29.400735,0,-35.3632396,149.1652335
1778783002.8006551,81984693,0,6,411820800,2418,10,1.21,-35.3632361,149.165233,599.09,1.9560000896453855,353.3869323730469,0.003000000026077,0.0,1,29.600655,0,-35.3632361,149.165233
1778783003.000575,82184613,0,6,411821000,2418,10,1.21,-35.3632326,149.1652325,599.09,1.9570001363754272,353.4384155273437,0.0020000000949949,0.0,1,29.800575,0,-35.3632326,149.1652325
1778783003.200495,82384533,0,6,411821200,2418,10,1.21,-35.3632291,149.165232,599.09,1.963000059127808,353.40289306640625,0.0,0.0,1,30.000495,0,-35.3632291,149.165232
1778783003.4004152,82584453,0,6,411821400,2418,10,1.21,-35.3632256,149.1652315,599.09,1.9730000495910645,353.3049011230469,0.0,0.0,1,30.200415,0,-35.3632256,149.1652315
1778783003.6003351,82784373,0,6,411821600,2418,10,1.21,-35.3632221,149.165231,599.09,1.977000117301941,353.1755676269531,-0.0010000000474974,0.0,1,30.400335,0,-35.3632221,149.165231
1778783003.800255,82984293,0,6,411821800,2418,10,1.21,-35.3632185,149.1652305,599.09,1.9070000648498533,353.0486145019531,-0.0010000000474974,0.0,1,30.600255,0,-35.3632185,149.1652305
1778783004.000175,83184213,0,6,411822000,2418,10,1.21,-35.3632154,149.16523,599.09,1.65500009059906,352.93865966796875,0.0,0.0,1,30.800175,0,-35.3632154,149.16523
1778783004.2000952,83384133,0,6,411822200,2418,10,1.21,-35.3632128,149.1652296,599.09,1.2060000896453855,352.822265625,0.0,0.0,1,31.000095,0,-35.3632128,149.1652296
1778783004.400015,83584053,0,6,411822400,2418,10,1.21,-35.3632111,149.1652293,599.09,0.7220000624656677,352.6194763183594,-0.0040000001899898,0.0,1,31.200015,0,-35.3632111,149.1652293
1778783004.600768,83784806,0,6,411822600,2418,10,1.21,-35.3632102,149.1652292,599.09,0.3760000169277191,352.1277770996094,-0.0090000005438923,0.0,1,31.400768,0,-35.3632102,149.1652292
1778783004.800688,83984726,0,6,411822800,2418,10,1.21,-35.3632097,149.1652291,599.1,0.1900000125169754,350.9910583496094,-0.0070000002160668,0.0,1,31.600688,0,-35.3632097,149.1652291
1778783005.000608,84184646,0,6,411823000,2418,10,1.21,-35.3632094,149.1652291,599.1,0.1050000041723251,349.0769348144531,-0.003000000026077,0.0,1,31.800608,0,-35.3632094,149.1652291
1778783005.200528,84384566,0,6,411823200,2418,10,1.21,-35.3632092,149.165229,599.1,0.072000004351139,347.30914306640625,-0.0010000000474974,0.0,1,32.000528,0,-35.3632092,149.165229
1778783005.400448,84584486,0,6,411823400,2418,10,1.21,-35.3632091,149.1652289,599.1,0.0620000027120113,346.68475341796875,0.0,0.0,1,32.200448,0,-35.3632091,149.1652289
1778783005.600368,84784406,0,6,411823600,2418,10,1.21,-35.363209,149.1652289,599.1,0.0600000023841857,346.80133056640625,0.0,0.0,1,32.400368,0,-35.363209,149.1652289
1778783005.800288,84984326,0,6,411823800,2418,10,1.21,-35.3632089,149.1652289,599.1,0.0590000040829181,347.1250305175781,0.0,0.0,1,32.600288,0,-35.3632089,149.1652289
1778783006.000208,85184246,0,6,411824000,2418,10,1.21,-35.3632088,149.1652289,599.1,0.055000003427267,347.4216613769531,0.0,0.0,1,32.800208,0,-35.3632088,149.1652289
1778783006.200128,85384166,0,6,411824200,2418,10,1.21,-35.3632087,149.1652289,599.1,0.0480000004172325,347.4636535644531,0.0,0.0,1,33.000128,0,-35.3632087,149.1652289
1778783006.400048,85584086,0,6,411824400,2418,10,1.21,-35.3632087,149.1652289,599.1,0.0370000004768371,346.83856201171875,0.0,0.0,1,33.200048,0,-35.3632087,149.1652289
1778783006.6008008,85784839,0,6,411824600,2418,10,1.21,-35.3632086,149.1652289,599.1,0.025000000372529,344.4178466796875,0.0,0.0,1,33.400801,0,-35.3632086,149.1652289
1778783006.8007212,85984759,0,6,411824800,2418,10,1.21,-35.3632086,149.1652289,599.1,0.0110000008717179,333.8948974609375,0.0,0.0,1,33.600721,0,-35.3632086,149.1652289
1778783007.000641,86184679,0,6,411825000,2418,10,1.21,-35.3632086,149.1652288,599.1,0.0040000001899898,230.35569763183597,0.0,0.0,1,33.800641,0,-35.3632086,149.1652288
1778783007.200561,86384599,0,6,411825200,2418,10,1.21,-35.3632086,149.1652288,599.1,0.0140000004321336,192.1090850830078,0.0,0.0,1,34.000561,0,-35.3632086,149.1652288
1778783007.4004807,86584519,0,6,411825400,2418,10,1.21,-35.3632086,149.1652288,599.1,0.0230000019073486,187.4039459228516,0.0010000000474974,0.0,1,34.200481,0,-35.3632086,149.1652288
1778783007.6004012,86784439,0,6,411825600,2418,10,1.21,-35.3632086,149.1652288,599.1,0.0280000008642673,185.92002868652344,0.0010000000474974,0.0,1,34.400401,0,-35.3632086,149.1652288
1778783007.800321,86984359,0,6,411825800,2418,10,1.21,-35.3632086,149.1652288,599.1,0.0320000015199184,184.8081970214844,0.0010000000474974,0.0,1,34.600321,0,-35.3632086,149.1652288
1778783008.000241,87184279,0,6,411826000,2418,10,1.21,-35.3632087,149.1652288,599.1,0.032999999821186,183.9715576171875,0.0010000000474974,0.0,1,34.800241,0,-35.3632087,149.1652288
1778783008.2001607,87384199,0,6,411826200,2418,10,1.21,-35.3632087,149.1652288,599.1,0.032999999821186,183.71160888671875,0.0010000000474974,0.0,1,35.000161,0,-35.3632087,149.1652288
1778783008.4000812,87584119,0,6,411826400,2418,10,1.21,-35.3632088,149.1652288,599.1,0.0320000015199184,183.99012756347656,0.0010000000474974,0.0,1,35.200081,0,-35.3632088,149.1652288
1778783008.600001,87784039,0,6,411826600,2418,10,1.21,-35.3632088,149.1652288,599.1,0.0300000011920928,184.680419921875,0.0010000000474974,0.0,1,35.400001,0,-35.3632088,149.1652288
1778783008.800754,87984792,0,6,411826800,2418,10,1.21,-35.3632089,149.1652288,599.1,0.0280000008642673,185.3716278076172,0.0010000000474974,0.0,1,35.600754,0,-35.3632089,149.1652288
1778783009.000674,88184712,0,6,411827000,2418,10,1.21,-35.363209,149.1652288,599.09,0.0260000005364418,185.6166076660156,0.0010000000474974,0.0,1,35.800674,0,-35.363209,149.1652288
1778783009.200594,88384632,0,6,411827200,2418,10,1.21,-35.363209,149.1652288,599.09,0.0230000019073486,185.3019256591797,0.0010000000474974,0.0,1,36.000594,0,-35.363209,149.1652288
1778783009.400514,88584552,0,6,411827400,2418,10,1.21,-35.3632091,149.1652288,599.09,0.021000001579523,184.7141571044922,0.0010000000474974,0.0,1,36.200514,0,-35.3632091,149.1652288
1778783009.600434,88784472,0,6,411827600,2418,10,1.21,-35.3632091,149.1652288,599.09,0.0180000010877847,185.07711791992188,0.0010000000474974,0.0,1,36.400434,0,-35.3632091,149.1652288
1778783009.800354,88984392,0,6,411827800,2418,10,1.21,-35.3632091,149.1652288,599.09,0.0160000007599592,187.58663940429688,0.0010000000474974,0.0,1,36.600354,0,-35.3632091,149.1652288
1778783010.000274,89184312,0,6,411828000,2418,10,1.21,-35.3632092,149.1652288,599.09,0.0120000001043081,191.7849578857422,0.0010000000474974,0.0,1,36.800274,0,-35.3632092,149.1652288
1778783010.200194,89384232,0,6,411828200,2418,10,1.21,-35.3632092,149.1652288,599.09,0.0090000005438923,196.0360565185547,0.0010000000474974,0.0,1,37.000194,0,-35.3632092,149.1652288
1778783010.400114,89584152,0,6,411828400,2418,10,1.21,-35.3632092,149.1652288,599.09,0.0070000002160668,199.8388214111328,0.0010000000474974,0.0,1,37.200114,0,-35.3632092,149.1652288
1778783010.600034,89784072,0,6,411828600,2418,10,1.21,-35.3632092,149.1652288,599.09,0.0040000001899898,204.78530883789065,0.0010000000474974,0.0,1,37.400034,0,-35.3632092,149.1652288
1778783010.8007867,89984825,0,6,411828800,2418,10,1.21,-35.3632092,149.1652287,599.09,0.0020000000949949,216.8895568847656,0.0010000000474974,0.0,1,37.600787,0,-35.3632092,149.1652287
1778783011.0007071,90184745,0,6,411829000,2418,10,1.21,-35.3632092,149.1652287,599.09,0.0010000000474974,248.7581329345703,0.0010000000474974,0.0,1,37.800707,0,-35.3632092,149.1652287
1778783011.200627,90384665,0,6,411829200,2418,10,1.21,-35.3632092,149.1652287,599.09,0.0010000000474974,298.803466796875,0.0010000000474974,0.0,1,38.000627,0,-35.3632092,149.1652287
1778783011.400547,90584585,0,6,411829400,2418,10,1.21,-35.3632092,149.1652287,599.09,0.0010000000474974,344.93310546875,0.0010000000474974,0.0,1,38.200547,0,-35.3632092,149.1652287
1778783011.6004667,90784505,0,6,411829600,2418,10,1.21,-35.3632092,149.1652287,599.09,0.0010000000474974,33.72509765625,0.0,0.0,1,38.400467,0,-35.3632092,149.1652287
1778783011.8003871,90984425,0,6,411829800,2418,10,1.21,-35.3632092,149.1652287,599.09,0.0020000000949949,64.97174072265625,0.0010000000474974,0.0,1,38.600387,0,-35.3632092,149.1652287
1778783012.000307,91184345,0,6,411830000,2418,10,1.21,-35.3632092,149.1652287,599.09,0.003000000026077,77.75505065917969,0.0010000000474974,0.0,1,38.800307,0,-35.3632092,149.1652287
1778783012.200227,91384265,0,6,411830200,2418,10,1.21,-35.3632092,149.1652287,599.09,0.0040000001899898,81.72813415527344,0.0,0.0,1,39.000227,0,-35.3632092,149.1652287
1778783012.4001467,91584185,0,6,411830400,2418,10,1.21,-35.3632092,149.1652287,599.09,0.0050000003539025,83.62455749511719,0.0,0.0,1,39.200147,0,-35.3632092,149.1652287
1778783012.6000671,91784105,0,6,411830600,2418,10,1.21,-35.3632092,149.1652287,599.09,0.0050000003539025,86.58999633789062,0.0,0.0,1,39.400067,0,-35.3632092,149.1652287
1778783012.799987,91984025,0,6,411830800,2418,10,1.21,-35.3632092,149.1652287,599.09,0.0050000003539025,90.1750946044922,0.0010000000474974,0.0,1,39.599987,0,-35.3632092,149.1652287
1778783013.00074,92184778,0,6,411831000,2418,10,1.21,-35.3632092,149.1652287,599.09,0.0050000003539025,92.99337005615234,0.0010000000474974,0.0,1,39.80074,0,-35.3632092,149.1652287
1778783013.20066,92384698,0,6,411831200,2418,10,1.21,-35.3632092,149.1652287,599.09,0.0050000003539025,93.49242401123048,0.0010000000474974,0.0,1,40.00066,0,-35.3632092,149.1652287
1778783013.40058,92584618,0,6,411831400,2418,10,1.21,-35.3632092,149.1652287,599.09,0.0050000003539025,90.73445129394533,0.0010000000474974,0.0,1,40.20058,0,-35.3632092,149.1652287
1778783013.6005,92784538,0,6,411831600,2418,10,1.21,-35.3632092,149.1652287,599.09,0.0050000003539025,88.27365112304688,0.0010000000474974,0.0,1,40.4005,0,-35.3632092,149.1652287
1778783013.80042,92984458,0,6,411831800,2418,10,1.21,-35.3632092,149.1652288,599.09,0.0050000003539025,87.53910827636719,0.0010000000474974,0.0,1,40.60042,0,-35.3632092,149.1652288
1778783014.00034,93184378,0,6,411832000,2418,10,1.21,-35.3632092,149.1652288,599.09,0.006000000052154,87.100830078125,0.0,0.0,1,40.80034,0,-35.3632092,149.1652288
1778783014.20026,93384298,0,6,411832200,2418,10,1.21,-35.3632092,149.1652288,599.09,0.006000000052154,87.25084686279297,0.0,0.0,1,41.00026,0,-35.3632092,149.1652288
1778783014.40018,93584218,0,6,411832400,2418,10,1.21,-35.3632092,149.1652288,599.09,0.006000000052154,88.2337646484375,0.0,0.0,1,41.20018,0,-35.3632092,149.1652288
1778783014.6001,93784138,0,6,411832600,2418,10,1.21,-35.3632092,149.1652288,599.09,0.006000000052154,89.9919662475586,0.0,0.0,1,41.4001,0,-35.3632092,149.1652288
1778783014.80002,93984058,0,6,411832800,2418,10,1.21,-35.3632092,149.1652288,599.09,0.0050000003539025,92.71564483642578,0.0010000000474974,0.0,1,41.60002,0,-35.3632092,149.1652288
1778783015.0007732,94184811,0,6,411833000,2418,10,1.21,-35.3632092,149.1652288,599.09,0.0040000001899898,95.95172119140624,0.0010000000474974,0.0,1,41.800773,0,-35.3632092,149.1652288
1778783015.2006931,94384731,0,6,411833200,2418,10,1.21,-35.3632092,149.1652288,599.09,0.003000000026077,95.48900604248048,0.0010000000474974,0.0,1,42.000693,0,-35.3632092,149.1652288
1778783015.400613,94584651,0,6,411833400,2418,10,1.21,-35.3632092,149.1652288,599.09,0.0020000000949949,93.1037139892578,0.0,0.0,1,42.200613,0,-35.3632092,149.1652288
1778783015.600533,94784571,0,6,411833600,2418,10,1.21,-35.3632092,149.1652289,599.09,0.0020000000949949,99.33761596679688,0.0010000000474974,0.0,1,42.400533,0,-35.3632092,149.1652289
1778783015.8004532,94984491,0,6,411833800,2418,10,1.21,-35.3632092,149.1652289,599.09,0.0020000000949949,112.11380767822266,0.0,0.0,1,42.600453,0,-35.3632092,149.1652289
1778783016.0003731,95184411,0,6,411834000,2418,10,1.21,-35.3632092,149.1652289,599.09,0.0020000000949949,122.69569396972656,0.0,0.0,1,42.800373,0,-35.3632092,149.1652289
1778783016.200293,95384331,0,6,411834200,2418,10,1.21,-35.3632092,149.1652289,599.09,0.0020000000949949,133.491943359375,0.0,0.0,1,43.000293,0,-35.3632092,149.1652289
1778783016.400213,95584251,0,6,411834400,2418,10,1.21,-35.3632092,149.1652289,599.09,0.0020000000949949,149.71762084960938,0.0,0.0,1,43.200213,0,-35.3632092,149.1652289
1778783016.6001332,95784171,0,6,411834600,2418,10,1.21,-35.3632092,149.1652289,599.09,0.0020000000949949,172.23052978515625,0.0,0.0,1,43.400133,0,-35.3632092,149.1652289
1778783016.8000531,95984091,0,6,411834800,2418,10,1.21,-35.3632092,149.1652289,599.09,0.0010000000474974,206.2109375,0.0010000000474974,0.0,1,43.600053,0,-35.3632092,149.1652289
1778783017.000806,96184844,0,6,411835000,2418,10,1.21,-35.3632092,149.1652289,599.09,0.0010000000474974,240.1374053955078,0.0010000000474974,0.0,1,43.800806,0,-35.3632092,149.1652289
1778783017.200726,96384764,0,6,411835200,2418,10,1.21,-35.3632092,149.1652289,599.08,0.0020000000949949,255.70989990234372,0.0010000000474974,0.0,1,44.000726,0,-35.3632092,149.1652289
1778783017.400646,96584684,0,6,411835400,2418,10,1.21,-35.3632092,149.1652289,599.08,0.003000000026077,257.7696838378906,0.0010000000474974,0.0,1,44.200646,0,-35.3632092,149.1652289
1778783017.600566,96784604,0,6,411835600,2418,10,1.21,-35.3632092,149.1652289,599.08,0.003000000026077,255.36383056640625,0.0010000000474974,0.0,1,44.400566,0,-35.3632092,149.1652289
1778783017.800486,96984524,0,6,411835800,2418,10,1.21,-35.3632092,149.1652289,599.08,0.003000000026077,251.08175659179688,0.0,0.0,1,44.600486,0,-35.3632092,149.1652289
1778783018.000406,97184444,0,6,411836000,2418,10,1.21,-35.3632092,149.1652289,599.08,0.003000000026077,245.27476501464844,0.0,0.0,1,44.800406,0,-35.3632092,149.1652289
1778783018.200326,97384364,0,6,411836200,2418,10,1.21,-35.3632092,149.1652289,599.08,0.0040000001899898,238.5511779785156,0.0,0.0,1,45.000326,0,-35.3632092,149.1652289
1778783018.400246,97584284,0,6,411836400,2418,10,1.21,-35.3632093,149.1652289,599.08,0.0040000001899898,231.7390289306641,0.0,0.0,1,45.200246,0,-35.3632093,149.1652289
1778783018.600166,97784204,0,6,411836600,2418,10,1.21,-35.3632093,149.1652289,599.08,0.003000000026077,226.95391845703125,0.0,0.0,1,45.400166,0,-35.3632093,149.1652289
1778783018.800086,97984124,0,6,411836800,2418,10,1.21,-35.3632093,149.1652289,599.08,0.003000000026077,227.86892700195312,0.0,0.0,1,45.600086,0,-35.3632093,149.1652289
1778783019.000006,98184044,0,6,411837000,2418,10,1.21,-35.3632093,149.1652289,599.08,0.003000000026077,234.41213989257807,0.0,0.0,1,45.800006,0,-35.3632093,149.1652289
1778783019.2007592,98384797,0,6,411837200,2418,10,1.21,-35.3632093,149.1652289,599.08,0.003000000026077,249.9927673339844,0.0,0.0,1,46.000759,0,-35.3632093,149.1652289
1778783019.400679,98584717,0,6,411837400,2418,10,1.21,-35.3632093,149.1652289,599.08,0.003000000026077,278.4299621582031,0.0,0.0,1,46.200679,0,-35.3632093,149.1652289
1778783019.600599,98784637,0,6,411837600,2418,10,1.21,-35.3632093,149.1652289,599.08,0.0040000001899898,298.37646484375,-0.0010000000474974,0.0,1,46.400599,0,-35.3632093,149.1652289
1778783019.8005188,98984557,0,6,411837800,2418,10,1.21,-35.3632093,149.1652289,599.08,0.0050000003539025,305.8150329589844,-0.0010000000474974,0.0,1,46.600519,0,-35.3632093,149.1652289
1778783020.0004392,99184477,0,6,411838000,2418,10,1.21,-35.3632093,149.1652289,599.09,0.006000000052154,309.8736572265625,-0.0010000000474974,0.0,1,46.800439,0,-35.3632093,149.1652289
1778783020.200359,99384397,0,6,411838200,2418,10,1.21,-35.3632093,149.1652289,599.09,0.006000000052154,313.0423889160156,-0.0010000000474974,0.0,1,47.000359,0,-35.3632093,149.1652289
1778783020.400279,99584317,0,6,411838400,2418,10,1.21,-35.3632093,149.1652288,599.09,0.0050000003539025,315.017333984375,0.0,0.0,1,47.200279,0,-35.3632093,149.1652288
1778783020.6001987,99784237,0,6,411838600,2418,10,1.21,-35.3632093,149.1652288,599.09,0.0050000003539025,315.5221252441406,0.0,0.0,1,47.400199,0,-35.3632093,149.1652288
1778783020.8001192,99984157,0,6,411838800,2418,10,1.21,-35.3632093,149.1652288,599.09,0.0050000003539025,315.3891296386719,0.0,0.0,1,47.600119,0,-35.3632093,149.1652288
1778783021.000039,100184077,0,6,411839000,2418,10,1.21,-35.3632093,149.1652288,599.09,0.0040000001899898,314.4559631347656,0.0,0.0,1,47.800039,0,-35.3632093,149.1652288
1778783021.200792,100384830,0,6,411839200,2418,10,1.21,-35.3632093,149.1652288,599.09,0.0040000001899898,315.18731689453125,0.0,0.0,1,48.000792,0,-35.3632093,149.1652288
1778783021.400712,100584750,0,6,411839400,2418,10,1.21,-35.3632093,149.1652288,599.09,0.0040000001899898,321.8642578125,0.0,0.0,1,48.200712,0,-35.3632093,149.1652288
1778783021.600632,100784670,0,6,411839600,2418,10,1.21,-35.3632093,149.1652288,599.09,0.003000000026077,333.5442199707031,0.0,0.0,1,48.400632,0,-35.3632093,149.1652288
1778783021.800552,100984590,0,6,411839800,2418,10,1.21,-35.3632093,149.1652288,599.09,0.0040000001899898,348.6218566894531,0.0,0.0,1,48.600552,0,-35.3632093,149.1652288
1778783022.000472,101184510,0,6,411840000,2418,10,1.21,-35.3632093,149.1652288,599.09,0.0040000001899898,2.5051798820495605,0.0,0.0,1,48.800472,0,-35.3632093,149.1652288
1778783022.200392,101384430,0,6,411840200,2418,10,1.21,-35.3632093,149.1652288,599.09,0.0040000001899898,9.837709426879885,0.0,0.0,1,49.000392,0,-35.3632093,149.1652288
1778783022.400312,101584350,0,6,411840400,2418,10,1.21,-35.3632093,149.1652288,599.09,0.0040000001899898,13.03098964691162,0.0,0.0,1,49.200312,0,-35.3632093,149.1652288
1778783022.600232,101784270,0,6,411840600,2418,10,1.21,-35.3632093,149.1652288,599.09,0.0040000001899898,15.258759498596191,0.0,0.0,1,49.400232,0,-35.3632093,149.1652288
1778783022.800152,101984190,0,6,411840800,2418,10,1.21,-35.3632093,149.1652288,599.09,0.0040000001899898,15.449509620666504,0.0,0.0,1,49.600152,0,-35.3632093,149.1652288
1778783023.000072,102184110,0,6,411841000,2418,10,1.21,-35.3632092,149.1652288,599.09,0.0040000001899898,12.510649681091309,0.0,0.0,1,49.800072,0,-35.3632092,149.1652288
1778783023.199992,102384030,0,6,411841200,2418,10,1.21,-35.3632092,149.1652288,599.09,0.003000000026077,7.321630001068115,0.0010000000474974,0.0,1,49.999992,0,-35.3632092,149.1652288
1778783023.4007452,102584783,0,6,411841400,2418,10,1.21,-35.3632092,149.1652288,599.08,0.003000000026077,4.67618989944458,0.0010000000474974,0.0,1,50.200745,0,-35.3632092,149.1652288
1778783023.600665,102784703,0,6,411841600,2418,10,1.21,-35.3632092,149.1652288,599.08,0.003000000026077,7.509599685668945,0.0010000000474974,0.0,1,50.400665,0,-35.3632092,149.1652288
1778783023.800585,102984623,0,6,411841800,2418,10,1.21,-35.3632092,149.1652288,599.08,0.0020000000949949,16.629058837890625,0.0,0.0,1,50.600585,0,-35.3632092,149.1652288
1778783024.0005047,103184543,0,6,411842000,2418,10,1.21,-35.3632092,149.1652288,599.08,0.0020000000949949,29.271209716796875,0.0,0.0,1,50.800505,0,-35.3632092,149.1652288
1778783024.2004251,103384463,0,6,411842200,2418,10,1.21,-35.3632092,149.1652288,599.08,0.0010000000474974,44.43202972412109,0.0,0.0,1,51.000425,0,-35.3632092,149.1652288
1778783024.400345,103584383,0,6,411842400,2418,10,1.21,-35.3632092,149.1652288,599.08,0.0010000000474974,72.49202728271484,0.0,0.0,1,51.200345,0,-35.3632092,149.1652288
1778783024.600265,103784303,0,6,411842600,2418,10,1.21,-35.3632092,149.1652288,599.08,0.0010000000474974,107.79358673095705,0.0,0.0,1,51.400265,0,-35.3632092,149.1652288
1778783024.8001847,103984223,0,6,411842800,2418,10,1.21,-35.3632092,149.1652288,599.08,0.0020000000949949,131.6355438232422,0.0,0.0,1,51.600185,0,-35.3632092,149.1652288
1778783025.0001051,104184143,0,6,411843000,2418,10,1.21,-35.3632092,149.1652288,599.08,0.0020000000949949,142.9334716796875,0.0,0.0,1,51.800105,0,-35.3632092,149.1652288
1778783025.200025,104384063,0,6,411843200,2418,10,1.21,-35.3632092,149.1652288,599.08,0.003000000026077,147.51756286621094,0.0,0.0,1,52.000025,0,-35.3632092,149.1652288
1778783025.400778,104584816,0,6,411843400,2418,10,1.21,-35.3632092,149.1652288,599.08,0.003000000026077,149.3800506591797,0.0,0.0,1,52.200778,0,-35.3632092,149.1652288
1778783025.600698,104784736,0,6,411843600,2418,10,1.21,-35.3632092,149.1652288,599.08,0.003000000026077,150.41058349609375,-0.0010000000474974,0.0,1,52.400698,0,-35.3632092,149.1652288
1778783025.800618,104984656,0,6,411843800,2418,10,1.21,-35.3632092,149.1652288,599.08,0.003000000026077,151.34825134277344,0.0,0.0,1,52.600618,0,-35.3632092,149.1652288
1778783026.000538,105184576,0,6,411844000,2418,10,1.21,-35.3632092,149.1652288,599.08,0.003000000026077,152.85800170898438,-0.0010000000474974,0.0,1,52.800538,0,-35.3632092,149.1652288
1778783026.200458,105384496,0,6,411844200,2418,10,1.21,-35.3632092,149.1652288,599.08,0.003000000026077,152.0616912841797,-0.0010000000474974,0.0,1,53.000458,0,-35.3632092,149.1652288
1778783026.400378,105584416,0,6,411844400,2418,10,1.21,-35.3632092,149.1652288,599.09,0.003000000026077,148.34117126464844,-0.0010000000474974,0.0,1,53.200378,0,-35.3632092,149.1652288
1778783026.600298,105784336,0,6,411844600,2418,10,1.21,-35.3632092,149.1652288,599.09,0.003000000026077,145.0135498046875,-0.0010000000474974,0.0,1,53.400298,0,-35.3632092,149.1652288
1778783026.800218,105984256,0,6,411844800,2418,10,1.21,-35.3632092,149.1652288,599.09,0.0020000000949949,143.5269012451172,-0.0010000000474974,0.0,1,53.600218,0,-35.3632092,149.1652288
1778783027.000138,106184176,0,6,411845000,2418,10,1.21,-35.3632092,149.1652288,599.09,0.0020000000949949,143.57247924804688,-0.0010000000474974,0.0,1,53.800138,0,-35.3632092,149.1652288
1778783027.200058,106384096,0,6,411845200,2418,10,1.21,-35.3632092,149.1652288,599.09,0.0020000000949949,141.27493286132812,0.0,0.0,1,54.000058,0,-35.3632092,149.1652288
1778783027.4008112,106584849,0,6,411845400,2418,10,1.21,-35.3632092,149.1652288,599.09,0.003000000026077,137.4063720703125,0.0,0.0,1,54.200811,0,-35.3632092,149.1652288
1778783027.6007311,106784769,0,6,411845600,2418,10,1.21,-35.3632092,149.1652288,599.09,0.003000000026077,138.88983154296875,0.0,0.0,1,54.400731,0,-35.3632092,149.1652288
1778783027.800651,106984689,0,6,411845800,2418,10,1.21,-35.3632092,149.1652288,599.09,0.0040000001899898,143.6103515625,0.0,0.0,1,54.600651,0,-35.3632092,149.1652288
1778783028.000571,107184609,0,6,411846000,2418,10,1.21,-35.3632092,149.1652288,599.09,0.003000000026077,149.7013702392578,0.0,0.0,1,54.800571,0,-35.3632092,149.1652288
1778783028.2004912,107384529,0,6,411846200,2418,10,1.21,-35.3632092,149.1652288,599.09,0.003000000026077,157.55267333984375,0.0,0.0,1,55.000491,0,-35.3632092,149.1652288
1778783028.4004111,107584449,0,6,411846400,2418,10,1.21,-35.3632092,149.1652288,599.09,0.0020000000949949,165.62460327148438,0.0,0.0,1,55.200411,0,-35.3632092,149.1652288
1778783028.600331,107784369,0,6,411846600,2418,10,1.21,-35.3632092,149.1652288,599.09,0.0020000000949949,169.69686889648438,0.0,0.0,1,55.400331,0,-35.3632092,149.1652288
1778783028.800251,107984289,0,6,411846800,2418,10,1.21,-35.3632092,149.1652288,599.09,0.0020000000949949,166.58216857910156,0.0,0.0,1,55.600251,0,-35.3632092,149.1652288
1778783029.0001712,108184209,0,6,411847000,2418,10,1.21,-35.3632092,149.1652288,599.09,0.0020000000949949,161.94313049316406,0.0,0.0,1,55.800171,0,-35.3632092,149.1652288
1778783029.2000911,108384129,0,6,411847200,2418,10,1.21,-35.3632092,149.1652288,599.09,0.0020000000949949,158.6249237060547,0.0,0.0,1,56.000091,0,-35.3632092,149.1652288
1778783029.400011,108584049,0,6,411847400,2418,10,1.21,-35.3632092,149.1652288,599.09,0.0020000000949949,153.51834106445312,0.0,0.0,1,56.200011,0,-35.3632092,149.1652288
1778783029.600764,108784802,0,6,411847600,2418,10,1.21,-35.3632092,149.1652288,599.09,0.0020000000949949,149.72601318359375,0.0,0.0,1,56.400764,0,-35.3632092,149.1652288
1778783029.800684,108984722,0,6,411847800,2418,10,1.21,-35.3632092,149.1652288,599.09,0.003000000026077,149.65147399902344,0.0,0.0,1,56.600684,0,-35.3632092,149.1652288
1778783030.000604,109184642,0,6,411848000,2418,10,1.21,-35.3632092,149.1652288,599.09,0.003000000026077,151.0034942626953,0.0,0.0,1,56.800604,0,-35.3632092,149.1652288
1778783030.200524,109384562,0,6,411848200,2418,10,1.21,-35.3632092,149.1652288,599.09,0.0040000001899898,153.9433135986328,0.0,0.0,1,57.000524,0,-35.3632092,149.1652288
1778783030.400444,109584482,0,6,411848400,2418,10,1.21,-35.3632093,149.1652288,599.09,0.0040000001899898,155.9949493408203,0.0,0.0,1,57.200444,0,-35.3632093,149.1652288
1778783030.600364,109784402,0,6,411848600,2418,10,1.21,-35.3632093,149.1652288,599.09,0.003000000026077,153.798583984375,0.0,0.0,1,57.400364,0,-35.3632093,149.1652288
1778783030.800284,109984322,0,6,411848800,2418,10,1.21,-35.3632093,149.1652288,599.09,0.003000000026077,147.43434143066406,0.0,0.0,1,57.600284,0,-35.3632093,149.1652288
1778783031.000204,110184242,0,6,411849000,2418,10,1.21,-35.3632093,149.1652288,599.08,0.0020000000949949,137.46617126464844,0.0010000000474974,0.0,1,57.800204,0,-35.3632093,149.1652288
1778783031.200124,110384162,0,6,411849200,2418,10,1.21,-35.3632093,149.1652288,599.08,0.0020000000949949,120.17759704589844,0.0,0.0,1,58.000124,0,-35.3632093,149.1652288
1778783031.400044,110584082,0,6,411849400,2418,10,1.21,-35.3632093,149.1652288,599.08,0.0010000000474974,88.37936401367188,0.0,0.0,1,58.200044,0,-35.3632093,149.1652288
1778783031.6007972,110784835,0,6,411849600,2418,10,1.21,-35.3632093,149.1652288,599.08,0.0020000000949949,62.97012710571289,0.0,0.0,1,58.400797,0,-35.3632093,149.1652288
1778783031.800717,110984755,0,6,411849800,2418,10,1.21,-35.3632093,149.1652289,599.08,0.0020000000949949,51.26308822631836,0.0,0.0,1,58.600717,0,-35.3632093,149.1652289
1778783032.000637,111184675,0,6,411850000,2418,10,1.21,-35.3632093,149.1652289,599.08,0.0020000000949949,41.6892204284668,0.0,0.0,1,58.800637,0,-35.3632093,149.1652289
1778783032.2005568,111384595,0,6,411850200,2418,10,1.21,-35.3632093,149.1652289,599.08,0.0020000000949949,28.14443016052246,0.0,0.0,1,59.000557,0,-35.3632093,149.1652289
1778783032.4004772,111584515,0,6,411850400,2418,10,1.21,-35.3632093,149.1652289,599.08,0.003000000026077,11.500649452209473,0.0,0.0,1,59.200477,0,-35.3632093,149.1652289
1778783032.600397,111784435,0,6,411850600,2418,10,1.21,-35.3632093,149.1652289,599.08,0.0040000001899898,354.5125427246094,0.0,0.0,1,59.400397,0,-35.3632093,149.1652289
1778783032.800317,111984355,0,6,411850800,2418,10,1.21,-35.3632093,149.1652289,599.08,0.0040000001899898,338.05865478515625,0.0,0.0,1,59.600317,0,-35.3632093,149.1652289
1778783033.0002367,112184275,0,6,411851000,2418,10,1.21,-35.3632093,149.1652289,599.08,0.0050000003539025,325.5898132324219,-0.0010000000474974,0.0,1,59.800237,0,-35.3632093,149.1652289
1778783033.2001572,112384195,0,6,411851200,2418,10,1.21,-35.3632093,149.1652289,599.08,0.006000000052154,318.8795471191406,-0.0010000000474974,0.0,1,60.000157,0,-35.3632093,149.1652289
1778783033.400077,112584115,0,6,411851400,2418,10,1.21,-35.3632093,149.1652289,599.09,0.0070000002160668,314.6509704589844,-0.0010000000474974,0.0,1,60.200077,0,-35.3632093,149.1652289
1778783033.599997,112784035,0,6,411851600,2418,10,1.21,-35.3632093,149.1652289,599.09,0.0070000002160668,311.6158142089844,-0.0010000000474974,0.0,1,60.399997,0,-35.3632093,149.1652289
1778783033.80075,112984788,0,6,411851800,2418,10,1.21,-35.3632093,149.1652289,599.09,0.0070000002160668,309.95654296875,-0.0010000000474974,0.0,1,60.60075,0,-35.3632093,149.1652289
1778783034.00067,113184708,0,6,411852000,2418,10,1.21,-35.3632093,149.1652289,599.09,0.0070000002160668,309.0287475585937,0.0,0.0,1,60.80067,0,-35.3632093,149.1652289
1778783034.20059,113384628,0,6,411852200,2418,10,1.21,-35.3632093,149.1652289,599.09,0.006000000052154,308.6438903808594,0.0,0.0,1,61.00059,0,-35.3632093,149.1652289
1778783034.40051,113584548,0,6,411852400,2418,10,1.21,-35.3632093,149.1652289,599.09,0.006000000052154,308.66668701171875,0.0,0.0,1,61.20051,0,-35.3632093,149.1652289
1778783034.60043,113784468,0,6,411852600,2418,10,1.21,-35.3632093,149.1652289,599.09,0.006000000052154,310.1412353515625,0.0,0.0,1,61.40043,0,-35.3632093,149.1652289
1778783034.80035,113984388,0,6,411852800,2418,10,1.21,-35.3632093,149.1652289,599.09,0.006000000052154,312.2894897460937,0.0,0.0,1,61.60035,0,-35.3632093,149.1652289
1778783035.00027,114184308,0,6,411853000,2418,10,1.21,-35.3632093,149.1652288,599.09,0.006000000052154,313.044189453125,0.0,0.0,1,61.80027,0,-35.3632093,149.1652288
1778783035.20019,114384228,0,6,411853200,2418,10,1.21,-35.3632092,149.1652288,599.09,0.0070000002160668,311.86163330078125,0.0,0.0,1,62.00019,0,-35.3632092,149.1652288
1778783035.40011,114584148,0,6,411853400,2418,10,1.21,-35.3632092,149.1652288,599.09,0.0070000002160668,311.08349609375,0.0,0.0,1,62.20011,0,-35.3632092,149.1652288
1778783035.60003,114784068,0,6,411853600,2418,10,1.21,-35.3632092,149.1652288,599.09,0.0070000002160668,312.34356689453125,0.0,0.0,1,62.40003,0,-35.3632092,149.1652288
1778783035.8007832,114984821,0,6,411853800,2418,10,1.21,-35.3632092,149.1652288,599.09,0.006000000052154,314.4018859863281,0.0,0.0,1,62.600783,0,-35.3632092,149.1652288
1778783036.000703,115184741,0,6,411854000,2418,10,1.21,-35.3632092,149.1652288,599.09,0.0040000001899898,315.3375244140625,0.0,0.0,1,62.800703,0,-35.3632092,149.1652288
1778783036.200623,115384661,0,6,411854200,2418,10,1.21,-35.3632092,149.1652288,599.09,0.003000000026077,314.2643737792969,0.0,0.0,1,63.000623,0,-35.3632092,149.1652288
1778783036.4005427,115584581,0,6,411854400,2418,10,1.21,-35.3632092,149.1652288,599.09,0.0010000000474974,311.8509216308594,0.0,0.0,1,63.200543,0,-35.3632092,149.1652288
1778783036.6004632,115784501,0,6,411854600,2418,10,1.21,-35.3632092,149.1652288,599.09,0.0,282.7224426269531,0.0,0.0,1,63.400463,0,-35.3632092,149.1652288
1778783036.800383,115984421,0,6,411854800,2418,10,1.21,-35.3632092,149.1652288,599.09,0.0010000000474974,216.6989288330078,0.0,0.0,1,63.600383,0,-35.3632092,149.1652288
1778783037.000303,116184341,0,6,411855000,2418,10,1.21,-35.3632092,149.1652288,599.09,0.0010000000474974,209.61428833007807,0.0,0.0,1,63.800303,0,-35.3632092,149.1652288
1778783037.2002227,116384261,0,6,411855200,2418,10,1.21,-35.3632092,149.1652288,599.08,0.0020000000949949,210.18280029296875,0.0,0.0,1,64.000223,0,-35.3632092,149.1652288
1778783037.4001431,116584181,0,6,411855400,2418,10,1.21,-35.3632092,149.1652288,599.08,0.0020000000949949,211.7767791748047,0.0,0.0,1,64.200143,0,-35.3632092,149.1652288
1778783037.600063,116784101,0,6,411855600,2418,10,1.21,-35.3632092,149.1652288,599.08,0.0020000000949949,214.89431762695312,0.0,0.0,1,64.400063,0,-35.3632092,149.1652288
1778783037.800816,116984854,0,6,411855800,2418,10,1.21,-35.3632092,149.1652288,599.08,0.0020000000949949,218.01361083984372,0.0,0.0,1,64.600816,0,-35.3632092,149.1652288
1778783038.000736,117184774,0,6,411856000,2418,10,1.21,-35.3632092,149.1652288,599.08,0.0020000000949949,217.9865875244141,0.0,0.0,1,64.800736,0,-35.3632092,149.1652288
1778783038.200656,117384694,0,6,411856200,2418,10,1.21,-35.3632092,149.1652288,599.08,0.0020000000949949,214.00167846679688,0.0,0.0,1,65.000656,0,-35.3632092,149.1652288
1778783038.400576,117584614,0,6,411856400,2418,10,1.21,-35.3632092,149.1652288,599.08,0.0020000000949949,206.18235778808597,0.0,0.0,1,65.200576,0,-35.3632092,149.1652288
1778783038.600496,117784534,0,6,411856600,2418,10,1.21,-35.3632092,149.1652288,599.08,0.0020000000949949,200.8155975341797,0.0,0.0,1,65.400496,0,-35.3632092,149.1652288
1778783038.800416,117984454,0,6,411856800,2418,10,1.21,-35.3632092,149.1652288,599.08,0.0020000000949949,203.214599609375,0.0,0.0,1,65.600416,0,-35.3632092,149.1652288
1778783039.000336,118184374,0,6,411857000,2418,10,1.21,-35.3632092,149.1652287,599.08,0.0020000000949949,205.90692138671875,0.0,0.0,1,65.800336,0,-35.3632092,149.1652287
1778783039.200256,118384294,0,6,411857200,2418,10,1.21,-35.3632092,149.1652287,599.08,0.0020000000949949,204.4872589111328,-0.0010000000474974,0.0,1,66.000256,0,-35.3632092,149.1652287
1778783039.400176,118584214,0,6,411857400,2418,10,1.21,-35.3632092,149.1652287,599.08,0.0020000000949949,200.7002868652344,-0.0010000000474974,0.0,1,66.200176,0,-35.3632092,149.1652287
1778783039.600096,118784134,0,6,411857600,2418,10,1.21,-35.3632092,149.1652287,599.09,0.0010000000474974,185.88916015625,-0.0010000000474974,0.0,1,66.400096,0,-35.3632092,149.1652287
1778783039.800016,118984054,0,6,411857800,2418,10,1.21,-35.3632092,149.1652287,599.09,0.0010000000474974,151.798583984375,-0.0010000000474974,0.0,1,66.600016,0,-35.3632092,149.1652287
1778783040.0007691,119184807,0,6,411858000,2418,10,1.21,-35.3632092,149.1652287,599.09,0.0020000000949949,130.9397735595703,-0.0010000000474974,0.0,1,66.800769,0,-35.3632092,149.1652287
1778783040.200689,119384727,0,6,411858200,2418,10,1.21,-35.3632092,149.1652287,599.09,0.0020000000949949,122.9982452392578,0.0,0.0,1,67.000689,0,-35.3632092,149.1652287
1778783040.400609,119584647,0,6,411858400,2418,10,1.21,-35.3632092,149.1652287,599.09,0.003000000026077,120.29076385498048,0.0,0.0,1,67.200609,0,-35.3632092,149.1652287
1778783040.6005292,119784567,0,6,411858600,2418,10,1.21,-35.3632092,149.1652287,599.09,0.0040000001899898,119.34585571289062,0.0,0.0,1,67.400529,0,-35.3632092,149.1652287
1778783040.8004491,119984487,0,6,411858800,2418,10,1.21,-35.3632092,149.1652287,599.09,0.0050000003539025,118.19490051269533,0.0,0.0,1,67.600449,0,-35.3632092,149.1652287
1778783041.000369,120184407,0,6,411859000,2418,10,1.21,-35.3632092,149.1652287,599.09,0.006000000052154,119.57489776611328,0.0,0.0,1,67.800369,0,-35.3632092,149.1652287
1778783041.200289,120384327,0,6,411859200,2418,10,1.21,-35.3632092,149.1652287,599.09,0.006000000052154,122.77409362792967,0.0,0.0,1,68.000289,0,-35.3632092,149.1652287
1778783041.4002092,120584247,0,6,411859400,2418,10,1.21,-35.3632092,149.1652287,599.09,0.006000000052154,124.31716918945312,0.0,0.0,1,68.200209,0,-35.3632092,149.1652287
1778783041.6001291,120784167,0,6,411859600,2418,10,1.21,-35.3632092,149.1652287,599.09,0.006000000052154,124.71226501464844,0.0,0.0,1,68.400129,0,-35.3632092,149.1652287
1778783041.800049,120984087,0,6,411859800,2418,10,1.21,-35.3632092,149.1652287,599.09,0.006000000052154,125.65757751464844,0.0,0.0,1,68.600049,0,-35.3632092,149.1652287
1778783042.000802,121184840,0,6,411860000,2418,10,1.21,-35.3632092,149.1652287,599.09,0.006000000052154,126.37400817871094,0.0,0.0,1,68.800802,0,-35.3632092,149.1652287
1778783042.200722,121384760,0,6,411860200,2418,10,1.21,-35.3632092,149.1652288,599.09,0.0050000003539025,124.1414566040039,0.0,0.0,1,69.000722,0,-35.3632092,149.1652288
1778783042.400642,121584680,0,6,411860400,2418,10,1.21,-35.3632092,149.1652288,599.09,0.0050000003539025,119.58243560791016,0.0,0.0,1,69.200642,0,-35.3632092,149.1652288
1778783042.600562,121784600,0,6,411860600,2418,10,1.21,-35.3632092,149.1652288,599.09,0.0050000003539025,118.4300537109375,0.0,0.0,1,69.400562,0,-35.3632092,149.1652288
1778783042.800482,121984520,0,6,411860800,2418,10,1.21,-35.3632092,149.1652288,599.08,0.0050000003539025,122.29413604736328,0.0010000000474974,0.0,1,69.600482,0,-35.3632092,149.1652288
1778783043.000402,122184440,0,6,411861000,2418,10,1.21,-35.3632092,149.1652288,599.08,0.0050000003539025,128.47630310058594,0.0010000000474974,0.0,1,69.800402,0,-35.3632092,149.1652288
1778783043.200322,122384360,0,6,411861200,2418,10,1.21,-35.3632092,149.1652288,599.08,0.0040000001899898,136.5396728515625,0.0010000000474974,0.0,1,70.000322,0,-35.3632092,149.1652288
1778783043.400242,122584280,0,6,411861400,2418,10,1.21,-35.3632093,149.1652288,599.08,0.003000000026077,146.79981994628906,0.0,0.0,1,70.200242,0,-35.3632093,149.1652288
1778783043.600162,122784200,0,6,411861600,2418,10,1.21,-35.3632093,149.1652288,599.08,0.003000000026077,155.85594177246094,0.0,0.0,1,70.400162,0,-35.3632093,149.1652288
1778783043.800082,122984120,0,6,411861800,2418,10,1.21,-35.3632093,149.1652288,599.08,0.0020000000949949,161.40196228027344,0.0,0.0,1,70.600082,0,-35.3632093,149.1652288
1778783044.000002,123184040,0,6,411862000,2418,10,1.21,-35.3632093,149.1652288,599.08,0.0010000000474974,157.4998016357422,0.0,0.0,1,70.800002,0,-35.3632093,149.1652288
1778783044.2007551,123384793,0,6,411862200,2418,10,1.21,-35.3632093,149.1652288,599.08,0.0,112.86222076416016,0.0,0.0,1,71.000755,0,-35.3632093,149.1652288
1778783044.400675,123584713,0,6,411862400,2418,10,1.21,-35.3632093,149.1652288,599.08,0.0010000000474974,43.88686752319336,0.0,0.0,1,71.200675,0,-35.3632093,149.1652288
1778783044.600595,123784633,0,6,411862600,2418,10,1.21,-35.3632093,149.1652288,599.08,0.0010000000474974,21.467988967895508,0.0,0.0,1,71.400595,0,-35.3632093,149.1652288
1778783044.8005152,123984553,0,6,411862800,2418,10,1.21,-35.3632093,149.1652288,599.08,0.0020000000949949,15.14656925201416,0.0,0.0,1,71.600515,0,-35.3632093,149.1652288
1778783045.000435,124184473,0,6,411863000,2418,10,1.21,-35.3632093,149.1652288,599.08,0.0040000001899898,12.302149772644045,0.0,0.0,1,71.800435,0,-35.3632093,149.1652288
1778783045.200355,124384393,0,6,411863200,2418,10,1.21,-35.3632093,149.1652288,599.08,0.0040000001899898,10.218460083007812,-0.0010000000474974,0.0,1,72.000355,0,-35.3632093,149.1652288
1778783045.4002748,124584313,0,6,411863400,2418,10,1.21,-35.3632093,149.1652288,599.09,0.0040000001899898,8.508110046386719,-0.0010000000474974,0.0,1,72.200275,0,-35.3632093,149.1652288
1778783045.6001952,124784233,0,6,411863600,2418,10,1.21,-35.3632093,149.1652288,599.09,0.0040000001899898,5.913660049438477,-0.0010000000474974,0.0,1,72.400195,0,-35.3632093,149.1652288
1778783045.800115,124984153,0,6,411863800,2418,10,1.21,-35.3632093,149.1652288,599.09,0.0040000001899898,1.1271799802780151,0.0,0.0,1,72.600115,0,-35.3632093,149.1652288
1778783046.000035,125184073,0,6,411864000,2418,10,1.21,-35.3632093,149.1652288,599.09,0.0040000001899898,357.3888854980469,0.0,0.0,1,72.800035,0,-35.3632093,149.1652288
1778783046.200788,125384826,0,6,411864200,2418,10,1.21,-35.3632093,149.1652288,599.09,0.0050000003539025,357.8306579589844,0.0,0.0,1,73.000788,0,-35.3632093,149.1652288
1778783046.400708,125584746,0,6,411864400,2418,10,1.21,-35.3632093,149.1652288,599.09,0.0050000003539025,1.0208100080490112,0.0,0.0,1,73.200708,0,-35.3632093,149.1652288
1778783046.600628,125784666,0,6,411864600,2418,10,1.21,-35.3632093,149.1652288,599.09,0.0050000003539025,3.3122098445892334,0.0,0.0,1,73.400628,0,-35.3632093,149.1652288
1778783046.800548,125984586,0,6,411864800,2418,10,1.21,-35.3632093,149.1652288,599.09,0.0040000001899898,1.877810001373291,0.0,0.0,1,73.600548,0,-35.3632093,149.1652288
1778783047.000468,126184506,0,6,411865000,2418,10,1.21,-35.3632093,149.1652288,599.09,0.0040000001899898,358.0267944335937,0.0,0.0,1,73.800468,0,-35.3632093,149.1652288
1778783047.200388,126384426,0,6,411865200,2418,10,1.21,-35.3632093,149.1652288,599.09,0.0040000001899898,354.3548583984375,0.0,0.0,1,74.000388,0,-35.3632093,149.1652288
1778783047.400308,126584346,0,6,411865400,2418,10,1.21,-35.3632093,149.1652288,599.09,0.0040000001899898,352.424560546875,0.0,0.0,1,74.200308,0,-35.3632093,149.1652288
1778783047.600228,126784266,0,6,411865600,2418,10,1.21,-35.3632092,149.1652288,599.09,0.0050000003539025,353.2060241699219,0.0,0.0,1,74.400228,0,-35.3632092,149.1652288
1778783047.800148,126984186,0,6,411865800,2418,10,1.21,-35.3632092,149.1652288,599.09,0.0040000001899898,354.488037109375,0.0,0.0,1,74.600148,0,-35.3632092,149.1652288
1778783048.000068,127184106,0,6,411866000,2418,10,1.21,-35.3632092,149.1652288,599.09,0.0040000001899898,353.1141357421875,0.0,0.0,1,74.800068,0,-35.3632092,149.1652288
1778783048.199988,127384026,0,6,411866200,2418,10,1.21,-35.3632092,149.1652288,599.09,0.0040000001899898,348.570068359375,0.0,0.0,1,74.999988,0,-35.3632092,149.1652288
1778783048.400741,127584779,0,6,411866400,2418,10,1.21,-35.3632092,149.1652288,599.09,0.003000000026077,340.512451171875,0.003000000026077,0.0,1,75.200741,0,-35.3632092,149.1652288
1778783048.600661,127784699,0,6,411866600,2418,10,1.21,-35.3632092,149.1652288,599.08,0.003000000026077,329.1346435546875,0.0630000010132789,0.0,1,75.400661,0,-35.3632092,149.1652288
1778783048.8005807,127984619,0,6,411866800,2418,10,1.21,-35.3632092,149.1652288,599.05,0.0020000000949949,315.1324157714844,0.2160000056028366,0.0,1,75.600581,0,-35.3632092,149.1652288
1778783049.0005012,128184539,0,6,411867000,2418,10,1.21,-35.3632092,149.1652288,598.99,0.0020000000949949,298.72784423828125,0.4220000207424164,0.0,1,75.800501,0,-35.3632092,149.1652288
1778783049.200421,128384459,0,6,411867200,2418,10,1.21,-35.3632092,149.1652288,598.88,0.0010000000474974,280.08258056640625,0.6450000405311584,0.0,1,76.000421,0,-35.3632092,149.1652288
1778783049.400341,128584379,0,6,411867400,2418,10,1.21,-35.3632092,149.1652288,598.73,0.0010000000474974,249.8533935546875,0.8710000514984131,0.0,1,76.200341,0,-35.3632092,149.1652288
1778783049.6002607,128784299,0,6,411867600,2418,10,1.21,-35.3632092,149.1652288,598.53,0.0010000000474974,207.3351287841797,1.093000054359436,0.0,1,76.400261,0,-35.3632092,149.1652288
1778783049.8001812,128984219,0,6,411867800,2418,10,1.21,-35.3632092,149.1652288,598.29,0.0010000000474974,182.8251190185547,1.305000066757202,0.0,1,76.600181,0,-35.3632092,149.1652288
1778783050.000101,129184139,0,6,411868000,2418,10,1.21,-35.3632092,149.1652288,598.01,0.0020000000949949,176.4402313232422,1.467000126838684,0.0,1,76.800101,0,-35.3632092,149.1652288
1778783050.200021,129384059,0,6,411868200,2418,10,1.21,-35.3632092,149.1652288,597.71,0.0020000000949949,175.55247497558594,1.5480000972747805,0.0,1,77.000021,0,-35.3632092,149.1652288
1778783050.400774,129584812,0,6,411868400,2418,10,1.21,-35.3632092,149.1652288,597.4,0.0020000000949949,178.62966918945312,1.5660001039505005,0.0,1,77.200774,0,-35.3632092,149.1652288
1778783050.600694,129784732,0,6,411868600,2418,10,1.21,-35.3632092,149.1652288,597.08,0.0020000000949949,184.5550842285156,1.5510001182556152,0.0,1,77.400694,0,-35.3632092,149.1652288
1778783050.800614,129984652,0,6,411868800,2418,10,1.21,-35.3632092,149.1652288,596.78,0.0020000000949949,191.84385681152344,1.5250000953674316,0.0,1,77.600614,0,-35.3632092,149.1652288
1778783051.000534,130184572,0,6,411869000,2418,10,1.21,-35.3632092,149.1652288,596.48,0.0020000000949949,199.69471740722656,1.499000072479248,0.0,1,77.800534,0,-35.3632092,149.1652288
1778783051.200454,130384492,0,6,411869200,2418,10,1.21,-35.3632092,149.1652288,596.18,0.0020000000949949,205.22303771972656,1.4800000190734863,0.0,1,78.000454,0,-35.3632092,149.1652288
1778783051.400374,130584412,0,6,411869400,2418,10,1.21,-35.3632092,149.1652288,595.88,0.0020000000949949,213.56549072265625,1.468000054359436,0.0,1,78.200374,0,-35.3632092,149.1652288
1778783051.600294,130784332,0,6,411869600,2418,10,1.21,-35.3632092,149.1652288,595.59,0.0020000000949949,228.400390625,1.4350000619888306,0.0,1,78.400294,0,-35.3632092,149.1652288
1778783051.800214,130984252,0,6,411869800,2418,10,1.21,-35.3632092,149.1652288,595.31,0.0020000000949949,242.71470642089844,1.3330000638961792,0.0,1,78.600214,0,-35.3632092,149.1652288
1778783052.000134,131184172,0,6,411870000,2418,10,1.21,-35.3632092,149.1652288,595.06,0.0020000000949949,251.02603149414065,1.1610000133514404,0.0,1,78.800134,0,-35.3632092,149.1652288
1778783052.200054,131384092,0,6,411870200,2418,10,1.21,-35.3632092,149.1652288,594.85,0.0020000000949949,252.3580322265625,0.9530000686645508,0.0,1,79.000054,0,-35.3632092,149.1652288
1778783052.4008071,131584845,0,6,411870400,2418,10,1.21,-35.3632092,149.1652288,594.68,0.0020000000949949,249.6082000732422,0.7360000610351562,0.0,1,79.200807,0,-35.3632092,149.1652288
1778783052.600727,131784765,0,6,411870600,2418,10,1.21,-35.3632092,149.1652288,594.55,0.003000000026077,247.34539794921875,0.5560000538825989,0.0,1,79.400727,0,-35.3632092,149.1652288
1778783052.800647,131984685,0,6,411870800,2418,10,1.21,-35.3632092,149.1652288,594.45,0.003000000026077,247.06805419921875,0.453000009059906,0.0,1,79.600647,0,-35.3632092,149.1652288
1778783053.0005667,132184605,0,6,411871000,2418,10,1.21,-35.3632092,149.1652288,594.37,0.003000000026077,247.09246826171875,0.4150000214576721,0.0,1,79.800567,0,-35.3632092,149.1652288
1778783053.2004871,132384525,0,6,411871200,2418,10,1.21,-35.3632092,149.1652288,594.29,0.003000000026077,243.6515045166016,0.4160000085830688,0.0,1,80.000487,0,-35.3632092,149.1652288
1778783053.400407,132584445,0,6,411871400,2418,10,1.21,-35.3632092,149.1652288,594.2,0.003000000026077,235.22586059570312,0.4350000321865082,0.0,1,80.200407,0,-35.3632092,149.1652288
1778783053.600327,132784365,0,6,411871600,2418,10,1.21,-35.3632092,149.1652288,594.11,0.003000000026077,225.63421630859372,0.4580000340938568,0.0,1,80.400327,0,-35.3632092,149.1652288
1778783053.8002472,132984285,0,6,411871800,2418,10,1.21,-35.3632092,149.1652288,594.02,0.003000000026077,217.90484619140625,0.4800000190734863,0.0,1,80.600247,0,-35.3632092,149.1652288
1778783054.0001671,133184205,0,6,411872000,2418,10,1.21,-35.3632092,149.1652288,593.92,0.0020000000949949,211.2591857910156,0.4970000088214874,0.0,1,80.800167,0,-35.3632092,149.1652288
1778783054.200087,133384125,0,6,411872200,2418,10,1.21,-35.3632092,149.1652288,593.82,0.003000000026077,207.08831787109372,0.5070000290870667,0.0,1,81.000087,0,-35.3632092,149.1652288
1778783054.400007,133584045,0,6,411872400,2418,10,1.21,-35.3632092,149.1652288,593.72,0.003000000026077,207.4146881103516,0.5120000243186951,0.0,1,81.200007,0,-35.3632092,149.1652288
1778783054.60076,133784798,0,6,411872600,2418,10,1.21,-35.3632092,149.1652288,593.62,0.003000000026077,207.8061981201172,0.5139999985694885,0.0,1,81.40076,0,-35.3632092,149.1652288
1778783054.80068,133984718,0,6,411872800,2418,10,1.21,-35.3632092,149.1652288,593.51,0.003000000026077,202.813720703125,0.5120000243186951,0.0,1,81.60068,0,-35.3632092,149.1652288
1778783055.0006,134184638,0,6,411873000,2418,10,1.21,-35.3632092,149.1652288,593.41,0.003000000026077,194.3779754638672,0.5110000371932983,0.0,1,81.8006,0,-35.3632092,149.1652288
1778783055.20052,134384558,0,6,411873200,2418,10,1.21,-35.3632092,149.1652288,593.31,0.003000000026077,186.7490081787109,0.5090000033378601,0.0,1,82.00052,0,-35.3632092,149.1652288
1778783055.40044,134584478,0,6,411873400,2418,10,1.21,-35.3632092,149.1652288,593.2,0.0020000000949949,177.97703552246094,0.5070000290870667,0.0,1,82.20044,0,-35.3632092,149.1652288
1778783055.60036,134784398,0,6,411873600,2418,10,1.21,-35.3632092,149.1652288,593.11,0.0010000000474974,157.7881317138672,0.5060000419616699,0.0,1,82.40036,0,-35.3632092,149.1652288
1778783055.80028,134984318,0,6,411873800,2418,10,1.21,-35.3632092,149.1652288,593.01,0.0,105.88579559326172,0.5040000081062317,0.0,1,82.60028,0,-35.3632092,149.1652288
1778783056.0002,135184238,0,6,411874000,2418,10,1.21,-35.3632092,149.1652288,592.91,0.0,106.6248550415039,0.503000020980835,0.0,1,82.8002,0,-35.3632092,149.1652288
1778783056.20012,135384158,0,6,411874200,2418,10,1.21,-35.3632092,149.1652288,592.8,0.0010000000474974,219.2184295654297,0.503000020980835,0.0,1,83.00012,0,-35.3632092,149.1652288
1778783056.40004,135584078,0,6,411874400,2418,10,1.21,-35.3632092,149.1652288,592.7,0.003000000026077,220.25216674804688,0.503000020980835,0.0,1,83.20004,0,-35.3632092,149.1652288
1778783056.6007931,135784831,0,6,411874600,2418,10,1.21,-35.3632092,149.1652288,592.6,0.0040000001899898,217.6758575439453,0.503000020980835,0.0,1,83.400793,0,-35.3632092,149.1652288
1778783056.800713,135984751,0,6,411874800,2418,10,1.21,-35.3632092,149.1652288,592.5,0.0040000001899898,212.11941528320312,0.503000020980835,0.0,1,83.600713,0,-35.3632092,149.1652288
1778783057.000633,136184671,0,6,411875000,2418,10,1.21,-35.3632092,149.1652288,592.4,0.0040000001899898,207.48873901367188,0.5020000338554382,0.0,1,83.800633,0,-35.3632092,149.1652288
1778783057.2005532,136384591,0,6,411875200,2418,10,1.21,-35.3632093,149.1652288,592.3,0.0040000001899898,206.46975708007807,0.5020000338554382,0.0,1,84.000553,0,-35.3632093,149.1652288
1778783057.400473,136584511,0,6,411875400,2418,10,1.21,-35.3632093,149.1652288,592.2,0.0040000001899898,206.8728485107422,0.5020000338554382,0.0,1,84.200473,0,-35.3632093,149.1652288
1778783057.600393,136784431,0,6,411875600,2418,10,1.21,-35.3632093,149.1652288,592.1,0.003000000026077,207.90042114257807,0.5020000338554382,0.0,1,84.400393,0,-35.3632093,149.1652288
1778783057.800313,136984351,0,6,411875800,2418,10,1.21,-35.3632093,149.1652288,592.0,0.0020000000949949,214.89791870117188,0.5020000338554382,0.0,1,84.600313,0,-35.3632093,149.1652288
1778783058.0002332,137184271,0,6,411876000,2418,10,1.21,-35.3632093,149.1652288,591.9,0.0010000000474974,239.640625,0.5020000338554382,0.0,1,84.800233,0,-35.3632093,149.1652288
1778783058.200153,137384191,0,6,411876200,2418,10,1.21,-35.3632093,149.1652288,591.8,0.0010000000474974,293.3031616210937,0.503000020980835,0.0,1,85.000153,0,-35.3632093,149.1652288
1778783058.400073,137584111,0,6,411876400,2418,10,1.21,-35.3632093,149.1652288,591.7,0.0020000000949949,328.718994140625,0.503000020980835,0.0,1,85.200073,0,-35.3632093,149.1652288
1778783058.5999928,137784031,0,6,411876600,2418,10,1.21,-35.3632093,149.1652288,591.6,0.003000000026077,341.21307373046875,0.503000020980835,0.0,1,85.399993,0,-35.3632093,149.1652288
1778783058.800746,137984784,0,6,411876800,2418,10,1.21,-35.3632093,149.1652288,591.5,0.0040000001899898,345.915771484375,0.503000020980835,0.0,1,85.600746,0,-35.3632093,149.1652288
1778783059.000666,138184704,0,6,411877000,2418,10,1.21,-35.3632093,149.1652288,591.4,0.0040000001899898,347.42724609375,0.503000020980835,0.0,1,85.800666,0,-35.3632093,149.1652288
1778783059.200586,138384624,0,6,411877200,2418,10,1.21,-35.3632093,149.1652287,591.29,0.0050000003539025,348.1732482910156,0.503000020980835,0.0,1,86.000586,0,-35.3632093,149.1652287
1778783059.400506,138584544,0,6,411877400,2418,10,1.21,-35.3632093,149.1652287,591.19,0.0050000003539025,349.269775390625,0.503000020980835,0.0,1,86.200506,0,-35.3632093,149.1652287
1778783059.600426,138784464,0,6,411877600,2418,10,1.21,-35.3632093,149.1652287,591.08,0.0050000003539025,351.76416015625,0.503000020980835,0.0,1,86.400426,0,-35.3632093,149.1652287
1778783059.800346,138984384,0,6,411877800,2418,10,1.21,-35.3632093,149.1652287,590.99,0.0040000001899898,356.6307678222656,0.5020000338554382,0.0,1,86.600346,0,-35.3632093,149.1652287
1778783060.000266,139184304,0,6,411878000,2418,10,1.21,-35.3632093,149.1652287,590.89,0.0040000001899898,3.5637400150299072,0.5020000338554382,0.0,1,86.800266,0,-35.3632093,149.1652287
1778783060.200186,139384224,0,6,411878200,2418,10,1.21,-35.3632093,149.1652287,590.79,0.0040000001899898,12.52688980102539,0.5010000467300415,0.0,1,87.000186,0,-35.3632093,149.1652287
1778783060.400106,139584144,0,6,411878400,2418,10,1.21,-35.3632093,149.1652287,590.69,0.0040000001899898,23.969968795776367,0.5010000467300415,0.0,1,87.200106,0,-35.3632093,149.1652287
1778783060.600026,139784064,0,6,411878600,2418,10,1.21,-35.3632093,149.1652287,590.58,0.0040000001899898,34.84209060668945,0.5010000467300415,0.0,1,87.400026,0,-35.3632093,149.1652287
1778783060.800779,139984817,0,6,411878800,2418,10,1.21,-35.3632093,149.1652287,590.49,0.0050000003539025,41.66518020629883,0.5010000467300415,0.0,1,87.600779,0,-35.3632093,149.1652287
1778783061.000699,140184737,0,6,411879000,2418,10,1.21,-35.3632093,149.1652287,590.39,0.006000000052154,44.16764068603516,0.5,0.0,1,87.800699,0,-35.3632093,149.1652287
1778783061.2006187,140384657,0,6,411879200,2418,10,1.21,-35.3632093,149.1652287,590.29,0.0070000002160668,43.98228073120117,0.5,0.0,1,88.000619,0,-35.3632093,149.1652287
1778783061.4005392,140584577,0,6,411879400,2418,10,1.21,-35.3632092,149.1652287,590.19,0.0070000002160668,43.45494842529297,0.5010000467300415,0.0,1,88.200539,0,-35.3632092,149.1652287
1778783061.600459,140784497,0,6,411879600,2418,10,1.21,-35.3632092,149.1652287,590.08,0.0070000002160668,43.31678009033203,0.5010000467300415,0.0,1,88.400459,0,-35.3632092,149.1652287
1778783061.800379,140984417,0,6,411879800,2418,10,1.21,-35.3632092,149.1652287,589.99,0.0070000002160668,44.0794792175293,0.5010000467300415,0.0,1,88.600379,0,-35.3632092,149.1652287
1778783062.0002987,141184337,0,6,411880000,2418,10,1.21,-35.3632092,149.1652287,589.89,0.006000000052154,47.05767059326172,0.5010000467300415,0.0,1,88.800299,0,-35.3632092,149.1652287
1778783062.2002192,141384257,0,6,411880200,2418,10,1.21,-35.3632092,149.1652287,589.79,0.006000000052154,52.53561019897461,0.5020000338554382,0.0,1,89.000219,0,-35.3632092,149.1652287
1778783062.400139,141584177,0,6,411880400,2418,10,1.21,-35.3632092,149.1652287,589.69,0.0050000003539025,59.65864944458008,0.5020000338554382,0.0,1,89.200139,0,-35.3632092,149.1652287
1778783062.600059,141784097,0,6,411880600,2418,10,1.21,-35.3632092,149.1652288,589.58,0.0050000003539025,68.43925476074219,0.5020000338554382,0.0,1,89.400059,0,-35.3632092,149.1652288
1778783062.800812,141984850,0,6,411880800,2418,10,1.21,-35.3632092,149.1652288,589.49,0.0040000001899898,79.09796905517578,0.5020000338554382,0.0,1,89.600812,0,-35.3632092,149.1652288
1778783063.000732,142184770,0,6,411881000,2418,10,1.21,-35.3632092,149.1652288,589.39,0.0040000001899898,88.54976654052734,0.5020000338554382,0.0,1,89.800732,0,-35.3632092,149.1652288
1778783063.200652,142384690,0,6,411881200,2418,10,1.21,-35.3632092,149.1652288,589.29,0.0040000001899898,95.43256378173828,0.5020000338554382,0.0,1,90.000652,0,-35.3632092,149.1652288
1778783063.400572,142584610,0,6,411881400,2418,10,1.21,-35.3632092,149.1652288,589.19,0.003000000026077,101.9019775390625,0.5020000338554382,0.0,1,90.200572,0,-35.3632092,149.1652288
1778783063.600492,142784530,0,6,411881600,2418,10,1.21,-35.3632092,149.1652288,589.08,0.003000000026077,110.47767639160156,0.5020000338554382,0.0,1,90.400492,0,-35.3632092,149.1652288
1778783063.800412,142984450,0,6,411881800,2418,10,1.21,-35.3632092,149.1652288,588.99,0.0020000000949949,124.71394348144533,0.5020000338554382,0.0,1,90.600412,0,-35.3632092,149.1652288
1778783064.000332,143184370,0,6,411882000,2418,10,1.21,-35.3632092,149.1652288,588.88,0.0010000000474974,146.84439086914062,0.5020000338554382,0.0,1,90.800332,0,-35.3632092,149.1652288
1778783064.200252,143384290,0,6,411882200,2418,10,1.21,-35.3632092,149.1652288,588.78,0.0010000000474974,171.02955627441406,0.5020000338554382,0.0,1,91.000252,0,-35.3632092,149.1652288
1778783064.400172,143584210,0,6,411882400,2418,10,1.21,-35.3632092,149.1652288,588.68,0.0010000000474974,188.35324096679688,0.5020000338554382,0.0,1,91.200172,0,-35.3632092,149.1652288
1778783064.600092,143784130,0,6,411882600,2418,10,1.21,-35.3632092,149.1652288,588.58,0.0010000000474974,196.97869873046875,0.5020000338554382,0.0,1,91.400092,0,-35.3632092,149.1652288
1778783064.800012,143984050,0,6,411882800,2418,10,1.21,-35.3632092,149.1652288,588.48,0.0010000000474974,200.5426483154297,0.5010000467300415,0.0,1,91.600012,0,-35.3632092,149.1652288
1778783065.000765,144184803,0,6,411883000,2418,10,1.21,-35.3632092,149.1652288,588.38,0.0010000000474974,204.5515594482422,0.5010000467300415,0.0,1,91.800765,0,-35.3632092,149.1652288
1778783065.200685,144384723,0,6,411883200,2418,10,1.21,-35.3632092,149.1652288,588.28,0.0020000000949949,210.7206268310547,0.5,0.0,1,92.000685,0,-35.3632092,149.1652288
1778783065.4006047,144584643,0,6,411883400,2418,10,1.21,-35.3632092,149.1652288,588.18,0.0020000000949949,215.72547912597656,0.5,0.0,1,92.200605,0,-35.3632092,149.1652288
1778783065.6005251,144784563,0,6,411883600,2418,10,1.21,-35.3632092,149.1652288,588.08,0.0020000000949949,217.49755859375,0.5,0.0,1,92.400525,0,-35.3632092,149.1652288
1778783065.800445,144984483,0,6,411883800,2418,10,1.21,-35.3632092,149.1652288,587.98,0.0020000000949949,213.33529663085935,0.5,0.0,1,92.600445,0,-35.3632092,149.1652288
1778783066.000365,145184403,0,6,411884000,2418,10,1.21,-35.3632092,149.1652288,587.88,0.0020000000949949,205.7384490966797,0.5,0.0,1,92.800365,0,-35.3632092,149.1652288
1778783066.2002847,145384323,0,6,411884200,2418,10,1.21,-35.3632092,149.1652288,587.78,0.0020000000949949,199.0577087402344,0.5,0.0,1,93.000285,0,-35.3632092,149.1652288
1778783066.4002051,145584243,0,6,411884400,2418,10,1.21,-35.3632092,149.1652288,587.68,0.003000000026077,193.277587890625,0.5,0.0,1,93.200205,0,-35.3632092,149.1652288
1778783066.600125,145784163,0,6,411884600,2418,10,1.21,-35.3632092,149.1652288,587.58,0.003000000026077,190.3302001953125,0.5,0.0,1,93.400125,0,-35.3632092,149.1652288
1778783066.800045,145984083,0,6,411884800,2418,10,1.21,-35.3632092,149.1652288,587.48,0.003000000026077,191.2855682373047,0.5,0.0,1,93.600045,0,-35.3632092,149.1652288
1778783067.000798,146184836,0,6,411885000,2418,10,1.21,-35.3632092,149.1652288,587.38,0.003000000026077,194.82408142089844,0.5,0.0,1,93.800798,0,-35.3632092,149.1652288
1778783067.200718,146384756,0,6,411885200,2418,10,1.21,-35.3632092,149.1652288,587.28,0.003000000026077,199.7907257080078,0.5,0.0,1,94.000718,0,-35.3632092,149.1652288
1778783067.400638,146584676,0,6,411885400,2418,10,1.21,-35.3632092,149.1652288,587.18,0.003000000026077,205.31781005859372,0.5,0.0,1,94.200638,0,-35.3632092,149.1652288
1778783067.600558,146784596,0,6,411885600,2418,10,1.21,-35.3632092,149.1652288,587.08,0.003000000026077,210.1709899902344,0.5,0.0,1,94.400558,0,-35.3632092,149.1652288
1778783067.800478,146984516,0,6,411885800,2418,10,1.21,-35.3632092,149.1652288,586.98,0.003000000026077,214.2023162841797,0.5010000467300415,0.0,1,94.600478,0,-35.3632092,149.1652288
1778783068.000398,147184436,0,6,411886000,2418,10,1.21,-35.3632092,149.1652288,586.88,0.003000000026077,217.23806762695312,0.5010000467300415,0.0,1,94.800398,0,-35.3632092,149.1652288
1778783068.200318,147384356,0,6,411886200,2418,10,1.21,-35.3632092,149.1652288,586.78,0.003000000026077,220.20936584472656,0.5,0.0,1,95.000318,0,-35.3632092,149.1652288
1778783068.400238,147584276,0,6,411886400,2418,10,1.21,-35.3632092,149.1652288,586.68,0.003000000026077,225.44903564453125,0.5,0.0,1,95.200238,0,-35.3632092,149.1652288
1778783068.600158,147784196,0,6,411886600,2418,10,1.21,-35.3632092,149.1652288,586.58,0.003000000026077,231.50840759277344,0.5,0.0,1,95.400158,0,-35.3632092,149.1652288
1778783068.800078,147984116,0,6,411886800,2418,10,1.21,-35.3632092,149.1652288,586.48,0.003000000026077,232.3972930908203,0.5,0.0,1,95.600078,0,-35.3632092,149.1652288
1778783068.999998,148184036,0,6,411887000,2418,10,1.21,-35.3632092,149.1652288,586.38,0.003000000026077,226.56739807128903,0.5010000467300415,0.0,1,95.799998,0,-35.3632092,149.1652288
1778783069.200751,148384789,0,6,411887200,2418,10,1.21,-35.3632092,149.1652288,586.28,0.003000000026077,219.3280792236328,0.5010000467300415,0.0,1,96.000751,0,-35.3632092,149.1652288
1778783069.400671,148584709,0,6,411887400,2418,10,1.21,-35.3632092,149.1652288,586.18,0.003000000026077,213.48638916015625,0.5,0.0,1,96.200671,0,-35.3632092,149.1652288
1778783069.6005912,148784629,0,6,411887600,2418,10,1.21,-35.3632092,149.1652288,586.08,0.003000000026077,209.34539794921875,0.5,0.0,1,96.400591,0,-35.3632092,149.1652288
1778783069.8005111,148984549,0,6,411887800,2418,10,1.21,-35.3632092,149.1652288,585.98,0.003000000026077,209.07061767578125,0.5,0.0,1,96.600511,0,-35.3632092,149.1652288
1778783070.000431,149184469,0,6,411888000,2418,10,1.21,-35.3632092,149.1652288,585.88,0.003000000026077,211.70980834960935,0.5,0.0,1,96.800431,0,-35.3632092,149.1652288
1778783070.200351,149384389,0,6,411888200,2418,10,1.21,-35.3632092,149.1652288,585.78,0.003000000026077,214.5772705078125,0.5,0.0,1,97.000351,0,-35.3632092,149.1652288
1778783070.4002712,149584309,0,6,411888400,2418,10,1.21,-35.3632093,149.1652288,585.68,0.003000000026077,217.9886474609375,0.4990000128746032,0.0,1,97.200271,0,-35.3632093,149.1652288
1778783070.600191,149784229,0,6,411888600,2418,10,1.21,-35.3632093,149.1652288,585.58,0.003000000026077,222.50506591796875,0.4990000128746032,0.0,1,97.400191,0,-35.3632093,149.1652288
1778783070.800111,149984149,0,6,411888800,2418,10,1.21,-35.3632093,149.1652288,585.48,0.003000000026077,227.9387664794922,0.4990000128746032,0.0,1,97.600111,0,-35.3632093,149.1652288
1778783071.0000308,150184069,0,6,411889000,2418,10,1.21,-35.3632093,149.1652288,585.38,0.003000000026077,235.09048461914065,0.4990000128746032,0.0,1,97.800031,0,-35.3632093,149.1652288
1778783071.200784,150384822,0,6,411889200,2418,10,1.21,-35.3632093,149.1652288,585.28,0.0020000000949949,248.1100006103516,0.4990000128746032,0.0,1,98.000784,0,-35.3632093,149.1652288
1778783071.400704,150584742,0,6,411889400,2418,10,1.21,-35.3632093,149.1652288,585.18,0.0020000000949949,272.9506225585937,0.4990000128746032,0.0,1,98.200704,0,-35.3632093,149.1652288
1778783071.600624,150784662,0,6,411889600,2418,10,1.21,-35.3632093,149.1652288,585.08,0.0020000000949949,301.1089172363281,0.4990000128746032,0.0,1,98.400624,0,-35.3632093,149.1652288
1778783071.800544,150984582,0,6,411889800,2418,10,1.21,-35.3632093,149.1652288,584.98,0.0020000000949949,317.6332397460937,0.4990000128746032,0.0,1,98.600544,0,-35.3632093,149.1652288
1778783072.000464,151184502,0,6,411890000,2418,10,1.21,-35.3632093,149.1652288,584.88,0.003000000026077,326.17657470703125,0.4990000128746032,0.0,1,98.800464,0,-35.3632093,149.1652288
1778783072.200384,151384422,0,6,411890200,2418,10,1.21,-35.3632093,149.1652288,584.78,0.0040000001899898,330.7677917480469,0.4990000128746032,0.0,1,99.000384,0,-35.3632093,149.1652288
1778783072.400304,151584342,0,6,411890400,2418,10,1.21,-35.3632093,149.1652288,584.68,0.0040000001899898,333.3604736328125,0.5,0.0,1,99.200304,0,-35.3632093,149.1652288
1778783072.600224,151784262,0,6,411890600,2418,10,1.21,-35.3632093,149.1652288,584.58,0.0040000001899898,334.7552490234375,0.5,0.0,1,99.400224,0,-35.3632093,149.1652288
1778783072.800144,151984182,0,6,411890800,2418,10,1.21,-35.3632093,149.1652288,584.48,0.0040000001899898,335.2742919921875,0.5,0.0,1,99.600144,0,-35.3632093,149.1652288
1778783073.000064,152184102,0,6,411891000,2418,10,1.21,-35.3632093,149.1652288,584.38,0.0050000003539025,335.6561584472656,0.5,0.0,1,99.800064,0,-35.3632093,149.1652288
1778783073.200817,152384855,0,6,411891200,2418,10,1.21,-35.3632093,149.1652288,584.28,0.0050000003539025,336.9393310546875,0.5,0.0,1,100.000817,0,-35.3632093,149.1652288
1778783073.400737,152584775,0,6,411891400,2418,10,1.21,-35.3632093,149.1652287,584.18,0.0050000003539025,338.9206237792969,0.5,0.0,1,100.200737,0,-35.3632093,149.1652287
1778783073.6006567,152784695,0,6,411891600,2418,10,1.21,-35.3632093,149.1652287,584.12,0.0010000000474974,339.945556640625,0.1850000023841858,0.0,1,100.400657,0,-35.3632093,149.1652287
1778783073.8005772,152984615,0,6,411891800,2418,10,1.21,-35.3632093,149.1652287,584.12,0.0,159.9608917236328,-0.0910000056028366,0.0,1,100.600577,0,-35.3632093,149.1652287
1778783074.000497,153184535,0,6,411892000,2418,10,1.21,-35.3632093,149.1652287,584.13,0.0,159.96878051757812,-0.0140000004321336,0.0,1,100.800497,0,-35.3632093,149.1652287
1778783074.200417,153384455,0,6,411892200,2418,10,1.21,-35.3632093,149.1652287,584.13,0.0,339.94403076171875,0.0130000002682209,0.0,1,101.000417,0,-35.3632093,149.1652287
1778783074.4003367,153584375,0,6,411892400,2418,10,1.21,-35.3632093,149.1652287,584.13,0.0,341.6918334960937,0.0,0.0,1,101.200337,0,-35.3632093,149.1652287
1778783074.6002572,153784295,0,6,411892600,2418,10,1.21,-35.3632093,149.1652287,584.13,0.0,159.62106323242188,-0.0010000000474974,0.0,1,101.400257,0,-35.3632093,149.1652287
1778783074.800177,153984215,0,6,411892800,2418,10,1.21,-35.3632093,149.1652287,584.13,0.0,340.8676452636719,0.0,0.0,1,101.600177,0,-35.3632093,149.1652287
1778783075.000097,154184135,0,6,411893000,2418,10,1.21,-35.3632093,149.1652287,584.13,0.0,339.984375,0.0,0.0,1,101.800097,0,-35.3632093,149.1652287
1778783075.2000167,154384055,0,6,411893200,2418,10,1.21,-35.3632093,149.1652287,584.13,0.0,162.26052856445312,0.0,0.0,1,102.000017,0,-35.3632093,149.1652287
1778783075.40077,154584808,0,6,411893400,2418,10,1.21,-35.3632093,149.1652287,584.13,0.0,311.6346740722656,0.0,0.0,1,102.20077,0,-35.3632093,149.1652287
1778783075.60069,154784728,0,6,411893600,2418,10,1.21,-35.3632093,149.1652287,584.13,0.0,324.13299560546875,0.0,0.0,1,102.40069,0,-35.3632093,149.1652287
1778783075.80061,154984648,0,6,411893800,2418,10,1.21,-35.3632093,149.1652287,584.13,0.0,297.9922790527344,0.0,0.0,1,102.60061,0,-35.3632093,149.1652287
1778783076.00053,155184568,0,6,411894000,2418,10,1.21,-35.3632093,149.1652287,584.13,0.0,160.27687072753906,0.0,0.0,1,102.80053,0,-35.3632093,149.1652287
1778783076.20045,155384488,0,6,411894200,2418,10,1.21,-35.3632093,149.1652287,584.13,0.0,112.19329833984376,0.0,0.0,1,103.00045,0,-35.3632093,149.1652287
1778783076.40037,155584408,0,6,411894400,2418,10,1.21,-35.3632093,149.1652287,584.13,0.0,320.71417236328125,0.0,0.0,1,103.20037,0,-35.3632093,149.1652287
1778783076.60029,155784328,0,6,411894600,2418,10,1.21,-35.3632093,149.1652287,584.13,0.0,284.185791015625,0.0,0.0,1,103.40029,0,-35.3632093,149.1652287
1778783076.80021,155984248,0,6,411894800,2418,10,1.21,-35.3632093,149.1652287,584.13,0.0,131.25851440429688,0.0,0.0,1,103.60021,0,-35.3632093,149.1652287
1778783077.00013,156184168,0,6,411895000,2418,10,1.21,-35.3632093,149.1652287,584.13,0.0,89.45015716552734,0.0,0.0,1,103.80013,0,-35.3632093,149.1652287
1778783077.20005,156384088,0,6,411895200,2418,10,1.21,-35.3632093,149.1652287,584.13,0.0,304.9729919433594,0.0,0.0,1,104.00005,0,-35.3632093,149.1652287
1778783077.400803,156584841,0,6,411895400,2418,10,1.21,-35.3632093,149.1652287,584.13,0.0,231.52198791503903,0.0,0.0,1,104.200803,0,-35.3632093,149.1652287
1778783077.600723,156784761,0,6,411895600,2418,10,1.21,-35.3632093,149.1652287,584.13,0.0,119.68708801269533,0.0,0.0,1,104.400723,0,-35.3632093,149.1652287
1778783077.8006427,156984681,0,6,411895800,2418,10,1.21,-35.3632093,149.1652287,584.13,0.0,350.9163513183594,0.0,0.0,1,104.600643,0,-35.3632093,149.1652287
1778783078.0005631,157184601,0,6,411896000,2418,10,1.21,-35.3632093,149.1652287,584.13,0.0,294.0474548339844,0.0,0.0,1,104.800563,0,-35.3632093,149.1652287
1778783078.200483,157384521,0,6,411896200,2418,10,1.21,-35.3632093,149.1652287,584.13,0.0,144.87158203125,0.0,0.0,1,105.000483,0,-35.3632093,149.1652287
1778783078.400403,157584441,0,6,411896400,2418,10,1.21,-35.3632093,149.1652287,584.13,0.0,106.9601593017578,0.0,0.0,1,105.200403,0,-35.3632093,149.1652287
1778783078.6003227,157784361,0,6,411896600,2418,10,1.21,-35.3632093,149.1652287,584.13,0.0,313.561279296875,0.0,0.0,1,105.400323,0,-35.3632093,149.1652287
1778783078.8002431,157984281,0,6,411896800,2418,10,1.21,-35.3632093,149.1652287,584.13,0.0,274.99609375,0.0,0.0,1,105.600243,0,-35.3632093,149.1652287
1778783079.000163,158184201,0,6,411897000,2418,10,1.21,-35.3632093,149.1652287,584.13,0.0,126.80661010742188,0.0,0.0,1,105.800163,0,-35.3632093,149.1652287
1778783079.200083,158384121,0,6,411897200,2418,10,1.21,-35.3632093,149.1652287,584.13,0.0,67.25023651123047,0.0,0.0,1,106.000083,0,-35.3632093,149.1652287
1778783079.4000032,158584041,0,6,411897400,2418,10,1.21,-35.3632093,149.1652287,584.13,0.0,303.0805969238281,0.0,0.0,1,106.200003,0,-35.3632093,149.1652287
1778783079.600756,158784794,0,6,411897600,2418,10,1.21,-35.3632093,149.1652287,584.13,0.0,184.6635589599609,0.0,0.0,1,106.400756,0,-35.3632093,149.1652287
1778783079.800676,158984714,0,6,411897800,2418,10,1.21,-35.3632093,149.1652287,584.13,0.0,158.1204833984375,0.0,0.0,1,106.600676,0,-35.3632093,149.1652287
1778783080.000596,159184634,0,6,411898000,2418,10,1.21,-35.3632093,149.1652287,584.13,0.0,181.4218597412109,0.0,0.0,1,106.800596,0,-35.3632093,149.1652287
1778783080.200516,159384554,0,6,411898200,2418,10,1.21,-35.3632093,149.1652287,584.13,0.0,182.5139617919922,0.0,0.0,1,107.000516,0,-35.3632093,149.1652287
1778783080.400436,159584474,0,6,411898400,2418,10,1.21,-35.3632093,149.1652287,584.13,0.0,180.40960693359372,0.0,0.0,1,107.200436,0,-35.3632093,149.1652287
1778783080.600356,159784394,0,6,411898600,2418,10,1.21,-35.3632093,149.1652287,584.13,0.0,180.1271209716797,0.0,0.0,1,107.400356,0,-35.3632093,149.1652287
1778783080.800276,159984314,0,6,411898800,2418,10,1.21,-35.3632093,149.1652287,584.13,0.0,180.0891876220703,0.0,0.0,1,107.600276,0,-35.3632093,149.1652287
1778783081.000196,160184234,0,6,411899000,2418,10,1.21,-35.3632093,149.1652287,584.13,0.0,180.08409118652344,0.0,0.0,1,107.800196,0,-35.3632093,149.1652287
1778783081.200116,160384154,0,6,411899200,2418,10,1.21,-35.3632093,149.1652287,584.13,0.0,180.08340454101562,0.0,0.0,1,108.000116,0,-35.3632093,149.1652287
1778783081.400036,160584074,0,6,411899400,2418,10,1.21,-35.3632093,149.1652287,584.13,0.0,180.0832977294922,0.0,0.0,1,108.200036,0,-35.3632093,149.1652287
1778783081.600789,160784827,0,6,411899600,2418,10,1.21,-35.3632093,149.1652287,584.13,0.0,180.08328247070312,0.0,0.0,1,108.400789,0,-35.3632093,149.1652287
1778783081.800709,160984747,0,6,411899800,2418,10,1.21,-35.3632093,149.1652287,584.13,0.0,180.08328247070312,0.0,0.0,1,108.600709,0,-35.3632093,149.1652287
1778783082.0006292,161184667,0,6,411900000,2418,10,1.21,-35.3632093,149.1652287,584.13,0.0,180.08328247070312,0.0,0.0,1,108.800629,0,-35.3632093,149.1652287
1778783082.2005491,161384587,0,6,411900200,2418,10,1.21,-35.3632093,149.1652287,584.13,0.0,180.08328247070312,0.0,0.0,1,109.000549,0,-35.3632093,149.1652287
1778783082.400469,161584507,0,6,411900400,2418,10,1.21,-35.3632093,149.1652287,584.13,0.0,180.08328247070312,0.0,0.0,1,109.200469,0,-35.3632093,149.1652287
1778783082.600389,161784427,0,6,411900600,2418,10,1.21,-35.3632093,149.1652287,584.13,0.0,180.08328247070312,0.0,0.0,1,109.400389,0,-35.3632093,149.1652287
1778783082.8003092,161984347,0,6,411900800,2418,10,1.21,-35.3632093,149.1652287,584.13,0.0,180.08328247070312,0.0,0.0,1,109.600309,0,-35.3632093,149.1652287
1778783083.0002291,162184267,0,6,411901000,2418,10,1.21,-35.3632093,149.1652287,584.13,0.0,180.08328247070312,0.0,0.0,1,109.800229,0,-35.3632093,149.1652287
1778783083.200149,162384187,0,6,411901200,2418,10,1.21,-35.3632093,149.1652287,584.13,0.0,180.08328247070312,0.0,0.0,1,110.000149,0,-35.3632093,149.1652287
1778783083.400069,162584107,0,6,411901400,2418,10,1.21,-35.3632093,149.1652287,584.13,0.0,180.08328247070312,0.0,0.0,1,110.200069,0,-35.3632093,149.1652287
1778783083.5999892,162784027,0,6,411901600,2418,10,1.21,-35.3632093,149.1652287,584.13,0.0,180.08328247070312,0.0,0.0,1,110.399989,0,-35.3632093,149.1652287
1778783083.800742,162984780,0,6,411901800,2418,10,1.21,-35.3632093,149.1652287,584.13,0.0,180.08328247070312,0.0,0.0,1,110.600742,0,-35.3632093,149.1652287
1778783084.000662,163184700,0,6,411902000,2418,10,1.21,-35.3632093,149.1652287,584.13,0.0,180.08328247070312,0.0,0.0,1,110.800662,0,-35.3632093,149.1652287
1778783084.200582,163384620,0,6,411902200,2418,10,1.21,-35.3632093,149.1652287,584.13,0.0,180.08328247070312,0.0,0.0,1,111.000582,0,-35.3632093,149.1652287
1778783084.400502,163584540,0,6,411902400,2418,10,1.21,-35.3632093,149.1652287,584.13,0.0,180.08328247070312,0.0,0.0,1,111.200502,0,-35.3632093,149.1652287
1778783084.600422,163784460,0,6,411902600,2418,10,1.21,-35.3632093,149.1652287,584.13,0.0,180.08328247070312,0.0,0.0,1,111.400422,0,-35.3632093,149.1652287
1778783084.800342,163984380,0,6,411902800,2418,10,1.21,-35.3632093,149.1652287,584.13,0.0,180.08328247070312,0.0,0.0,1,111.600342,0,-35.3632093,149.1652287
1778783085.000262,164184300,0,6,411903000,2418,10,1.21,-35.3632093,149.1652287,584.13,0.0,180.08328247070312,0.0,0.0,1,111.800262,0,-35.3632093,149.1652287
1778783085.200182,164384220,0,6,411903200,2418,10,1.21,-35.3632093,149.1652287,584.13,0.0,180.08328247070312,0.0,0.0,1,112.000182,0,-35.3632093,149.1652287
1778783085.400102,164584140,0,6,411903400,2418,10,1.21,-35.3632093,149.1652287,584.13,0.0,180.08328247070312,0.0,0.0,1,112.200102,0,-35.3632093,149.1652287
1778783085.600022,164784060,0,6,411903600,2418,10,1.21,-35.3632093,149.1652287,584.13,0.0,180.08328247070312,0.0,0.0,1,112.400022,0,-35.3632093,149.1652287
1778783085.800775,164984813,0,6,411903800,2418,10,1.21,-35.3632093,149.1652287,584.13,0.0,180.08328247070312,0.0,0.0,1,112.600775,0,-35.3632093,149.1652287
1778783086.0006948,165184733,0,6,411904000,2418,10,1.21,-35.3632093,149.1652287,584.13,0.0,180.08328247070312,0.0,0.0,1,112.800695,0,-35.3632093,149.1652287
1778783086.2006152,165384653,0,6,411904200,2418,10,1.21,-35.3632093,149.1652287,584.13,0.0,180.08328247070312,0.0,0.0,1,113.000615,0,-35.3632093,149.1652287
1778783086.400535,165584573,0,6,411904400,2418,10,1.21,-35.3632093,149.1652287,584.13,0.0,180.08328247070312,0.0,0.0,1,113.200535,0,-35.3632093,149.1652287
1778783086.600455,165784493,0,6,411904600,2418,10,1.21,-35.3632093,149.1652287,584.13,0.0,180.08328247070312,0.0,0.0,1,113.400455,0,-35.3632093,149.1652287
1778783086.8003747,165984413,0,6,411904800,2418,10,1.21,-35.3632093,149.1652287,584.13,0.0,180.08328247070312,0.0,0.0,1,113.600375,0,-35.3632093,149.1652287
