source_prediction_file,baseline_name,axis,row_index,true_future,hybrid_prediction,naive_component,cv_component,arx_component,hybrid_residual,naive_residual,cv_residual,arx_residual
,,,0,83.02445220947266,83.02487182617188,83.02487182617188,83.02071380615234,83.02234148739286,-0.00041961669921875,-0.00041961669921875,0.0037384033203125,0.0021107220797915716
,,,1,83.0271987915039,83.02445220947266,83.02445220947266,83.02403259277344,83.02203292402157,0.00274658203125,0.00274658203125,0.00316619873046875,0.005165867482332942
,,,2,83.0295181274414,83.0271987915039,83.0271987915039,83.02994537353516,83.02485844362836,0.0023193359375,0.0023193359375,-0.00042724609375,0.00465968381304549
,,,3,83.02839660644531,83.0295181274414,83.0295181274414,83.0318374633789,83.02706680827741,-0.00112152099609375,-0.00112152099609375,-0.00344085693359375,0.0013297981679016857
,,,4,83.02595520019531,83.02839660644531,83.02839660644531,83.02727508544922,83.02536313012602,-0.00244140625,-0.00244140625,-0.00131988525390625,0.0005920700692882974
,,,5,83.02389526367188,83.02595520019531,83.02595520019531,83.02351379394531,83.02256966262081,-0.0020599365234375,-0.0020599365234375,0.0003814697265625,0.0013256010510644956
,,,6,83.02294921875,83.02389526367188,83.02389526367188,83.02183532714844,83.02066922728967,-0.000946044921875,-0.000946044921875,0.0011138916015625,0.002279991460326869
,,,7,83.02445220947266,83.02294921875,83.02294921875,83.02200317382812,83.01950147162326,0.00150299072265625,0.00150299072265625,0.00244903564453125,0.004950737849398479
,,,8,83.0251235961914,83.02445220947266,83.02445220947266,83.02595520019531,83.02097584159539,0.00067138671875,0.00067138671875,-0.00083160400390625,0.0041477545960191264
,,,9,83.02334594726562,83.0251235961914,83.0251235961914,83.02579498291016,83.02138902633371,-0.00177764892578125,-0.00177764892578125,-0.00244903564453125,0.0019569209319172387
,,,10,83.02041625976562,83.02334594726562,83.02334594726562,83.02156829833984,83.01949768663356,-0.0029296875,-0.0029296875,-0.00115203857421875,0.0009185731320684454
,,,11,83.0184326171875,83.02041625976562,83.02041625976562,83.01748657226562,83.01703584882092,-0.001983642578125,-0.001983642578125,0.000946044921875,0.0013967683665754294
,,,12,83.02046966552734,83.0184326171875,83.0184326171875,83.01644897460938,83.01523540331662,0.00203704833984375,0.00203704833984375,0.00402069091796875,0.005234262210720431
,,,13,83.0222396850586,83.02046966552734,83.02046966552734,83.02250671386719,83.0176119764941,0.00177001953125,0.00177001953125,-0.00026702880859375,0.004627708564498789
,,,14,83.02093505859375,83.0222396850586,83.0222396850586,83.02400970458984,83.0199813566553,-0.00130462646484375,-0.00130462646484375,-0.00307464599609375,0.0009537019384566747
,,,15,83.01765441894531,83.02093505859375,83.02093505859375,83.0196304321289,83.01894187839699,-0.0032806396484375,-0.0032806396484375,-0.00197601318359375,-0.001287459451674522
,,,16,83.01597595214844,83.01765441894531,83.01765441894531,83.01437377929688,83.01593254322655,-0.001678466796875,-0.001678466796875,0.0016021728515625,4.3408921882814866e-05
,,,17,83.01786041259766,83.01597595214844,83.01597595214844,83.01429748535156,83.0142266232222,0.00188446044921875,0.00188446044921875,0.00356292724609375,0.003633789375456331
,,,18,83.02025604248047,83.01786041259766,83.01786041259766,83.01974487304688,83.01613562520144,0.0023956298828125,0.0023956298828125,0.00051116943359375,0.004120417279025901
,,,19,83.01909637451172,83.02025604248047,83.02025604248047,83.02265167236328,83.01847868355624,-0.00115966796875,-0.00115966796875,-0.0035552978515625,0.0006176909554795884
,,,20,83.01597595214844,83.01909637451172,83.01909637451172,83.01793670654297,83.01684204881798,-0.00312042236328125,-0.00312042236328125,-0.00196075439453125,-0.0008660966695401839
,,,21,83.0142822265625,83.01597595214844,83.01597595214844,83.01285552978516,83.01347328922051,-0.0016937255859375,-0.0016937255859375,0.00142669677734375,0.0008089373419863932
,,,22,83.01518249511719,83.0142822265625,83.0142822265625,83.01258850097656,83.01161805704756,0.0009002685546875,0.0009002685546875,0.002593994140625,0.0035644380696311373
,,,23,83.01774597167969,83.01518249511719,83.01518249511719,83.01608276367188,83.0123088722823,0.0025634765625,0.0025634765625,0.0016632080078125,0.005437099397383349
,,,24,83.02046203613281,83.01774597167969,83.01774597167969,83.02030944824219,83.01471247298268,0.002716064453125,0.002716064453125,0.000152587890625,0.005749563150132531
,,,25,83.01982116699219,83.02046203613281,83.02046203613281,83.02317810058594,83.01773815860574,-0.000640869140625,-0.000640869140625,-0.00335693359375,0.002083008386449592
,,,26,83.01780700683594,83.01982116699219,83.01982116699219,83.01918029785156,83.01756433791788,-0.00201416015625,-0.00201416015625,-0.001373291015625,0.0002426689180623498
,,,27,83.0142593383789,83.01780700683594,83.01780700683594,83.01579284667969,83.01566266235768,-0.00354766845703125,-0.00354766845703125,-0.00153350830078125,-0.0014033239787778484
,,,28,83.01103973388672,83.0142593383789,83.0142593383789,83.01071166992188,83.01216228227199,-0.0032196044921875,-0.0032196044921875,0.00032806396484375,-0.0011225483852683737
,,,29,83.01113891601562,83.01103973388672,83.01103973388672,83.00782012939453,83.00896573934055,9.918212890625e-05,9.918212890625e-05,0.00331878662109375,0.002173176675071886
,,,30,83.01441192626953,83.01113891601562,83.01113891601562,83.01123809814453,83.0092092963039,0.00327301025390625,0.00327301025390625,0.003173828125,0.005202629965637584
,,,31,83.01689147949219,83.01441192626953,83.01441192626953,83.01768493652344,83.01259339015358,0.00247955322265625,0.00247955322265625,-0.00079345703125,0.004298089338604427
,,,32,83.0152359008789,83.01689147949219,83.01689147949219,83.01937103271484,83.01509163454104,-0.00165557861328125,-0.00165557861328125,-0.0041351318359375,0.00014426633786968068
,,,33,83.01042938232422,83.0152359008789,83.0152359008789,83.01358032226562,83.01299723074005,-0.0048065185546875,-0.0048065185546875,-0.00315093994140625,-0.002567848415836238
,,,34,83.00702667236328,83.01042938232422,83.01042938232422,83.00562286376953,83.00763037747436,-0.0034027099609375,-0.0034027099609375,0.00140380859375,-0.0006037051110752145
,,,35,83.0075912475586,83.00702667236328,83.00702667236328,83.00362396240234,83.0041051975136,0.0005645751953125,0.0005645751953125,0.00396728515625,0.0034860500449980236
,,,36,83.01154327392578,83.0075912475586,83.0075912475586,83.0081558227539,83.00492581708335,0.0039520263671875,0.0039520263671875,0.003387451171875,0.0066174568424344216
,,,37,83.01428985595703,83.01154327392578,83.01154327392578,83.01549530029297,83.00928353740619,0.00274658203125,0.00274658203125,-0.0012054443359375,0.0050063185508406605
,,,38,83.01294708251953,83.01428985595703,83.01428985595703,83.01703643798828,83.01237045009688,-0.0013427734375,-0.0013427734375,-0.00408935546875,0.0005766324226499364
,,,39,83.0088882446289,83.01294708251953,83.01294708251953,83.01160430908203,83.01090860975148,-0.004058837890625,-0.004058837890625,-0.002716064453125,-0.0020203651225756403
,,,40,83.00617218017578,83.0088882446289,83.0088882446289,83.00482940673828,83.0066444142545,-0.002716064453125,-0.002716064453125,0.0013427734375,-0.0004722340787139956
,,,41,83.00697326660156,83.00617218017578,83.00617218017578,83.00345611572266,83.0038898091645,0.00080108642578125,0.00080108642578125,0.00351715087890625,0.003083457437057291
,,,42,83.01006317138672,83.00697326660156,83.00697326660156,83.00777435302734,83.0047482314317,0.00308990478515625,0.00308990478515625,0.002288818359375,0.005314939955013642
,,,43,83.01078796386719,83.01006317138672,83.01006317138672,83.01315307617188,83.0081799712123,0.00072479248046875,0.00072479248046875,-0.0023651123046875,0.0026079926548874255
,,,44,83.00788116455078,83.01078796386719,83.01078796386719,83.01151275634766,83.00979667387759,-0.00290679931640625,-0.00290679931640625,-0.003631591796875,-0.0019155093268068413
,,,45,83.00303649902344,83.00788116455078,83.00788116455078,83.00497436523438,83.00711730958118,-0.00484466552734375,-0.00484466552734375,-0.0019378662109375,-0.004080810557738346
,,,46,83.00212860107422,83.00303649902344,83.00303649902344,82.9981918334961,83.00175366216098,-0.00090789794921875,-0.00090789794921875,0.003936767578125,0.00037493891323947537
,,,47,83.00517272949219,83.00212860107422,83.00212860107422,83.001220703125,83.00038588610582,0.00304412841796875,0.00304412841796875,0.0039520263671875,0.00478684338636981
,,,48,83.00984954833984,83.00517272949219,83.00517272949219,83.00821685791016,83.00342405061953,0.00467681884765625,0.00467681884765625,0.0016326904296875,0.0064254977203148655
,,,49,83.00997924804688,83.00984954833984,83.00984954833984,83.0145263671875,83.00828362575263,0.00012969970703125,0.00012969970703125,-0.004547119140625,0.001695622294249688
,,,50,83.00686645507812,83.00997924804688,83.00997924804688,83.0101089477539,83.00854470072233,-0.00311279296875,-0.00311279296875,-0.00324249267578125,-0.0016782456442001603
,,,51,83.00260925292969,83.00686645507812,83.00686645507812,83.00375366210938,83.00506603674361,-0.0042572021484375,-0.0042572021484375,-0.0011444091796875,-0.002456783813926222
,,,52,83.00142669677734,83.00260925292969,83.00260925292969,82.99835205078125,83.00081328846072,-0.00118255615234375,-0.00118255615234375,0.00307464599609375,0.0006134083166244864
,,,53,83.00125122070312,83.00142669677734,83.00142669677734,83.000244140625,82.99949464319299,-0.00017547607421875,-0.00017547607421875,0.001007080078125,0.001756577510136026
,,,54,83.00110626220703,83.00125122070312,83.00125122070312,83.0010757446289,82.99913064125595,-0.00014495849609375,-0.00014495849609375,3.0517578125e-05,0.0019756209510859435
,,,55,83.00140380859375,83.00110626220703,83.00110626220703,83.00096130371094,82.99825921579392,0.00029754638671875,0.00029754638671875,0.0004425048828125,0.0031445927998277057
,,,56,83.00214385986328,83.00140380859375,83.00140380859375,83.00170135498047,82.99782834797797,0.00074005126953125,0.00074005126953125,0.0004425048828125,0.00431551188530932
,,,57,83.00257873535156,83.00214385986328,83.00214385986328,83.00288391113281,82.99858965588885,0.00043487548828125,0.00043487548828125,-0.00030517578125,0.0039890794627126525
,,,58,83.00283813476562,83.00257873535156,83.00257873535156,83.00301361083984,82.99940357300154,0.0002593994140625,0.0002593994140625,-0.00017547607421875,0.003434561764080968
,,,59,83.0029296875,83.00283813476562,83.00283813476562,83.00309753417969,82.9999851813595,9.1552734375e-05,9.1552734375e-05,-0.0001678466796875,0.0029445061404942408
,,,60,83.0030746459961,83.0029296875,83.0029296875,83.00302124023438,83.0003991873341,0.00014495849609375,0.00014495849609375,5.340576171875e-05,0.0026754586619972542
,,,61,83.0024642944336,83.0030746459961,83.0030746459961,83.00321960449219,83.00110060475481,-0.0006103515625,-0.0006103515625,-0.00075531005859375,0.0013636896787829755
,,,62,83.00242614746094,83.0024642944336,83.0024642944336,83.0018539428711,83.00051376384067,-3.814697265625e-05,-3.814697265625e-05,0.00057220458984375,0.0019123836202652456
,,,63,83.00227355957031,83.00242614746094,83.00242614746094,83.00238800048828,83.0006234993277,-0.000152587890625,-0.000152587890625,-0.00011444091796875,0.001650060242610607
,,,64,83.00201416015625,83.00227355957031,83.00227355957031,83.00212097167969,83.00054236031008,-0.0002593994140625,-0.0002593994140625,-0.0001068115234375,0.0014717998461719617
,,,65,83.0013427734375,83.00201416015625,83.00201416015625,83.00175476074219,83.00002744453016,-0.00067138671875,-0.00067138671875,-0.0004119873046875,0.0013153289073386532
,,,66,83.00051879882812,83.0013427734375,83.0013427734375,83.00067138671875,82.9993658555519,-0.000823974609375,-0.000823974609375,-0.000152587890625,0.001152943276224505
,,,67,82.99934387207031,83.00051879882812,83.00051879882812,82.99969482421875,82.99829994076019,-0.0011749267578125,-0.0011749267578125,-0.0003509521484375,0.001043931310121593
,,,68,82.99858856201172,82.99934387207031,82.99934387207031,82.9981689453125,82.9976285205504,-0.00075531005859375,-0.00075531005859375,0.00041961669921875,0.0009600414613117891
,,,69,82.99774932861328,82.99858856201172,82.99858856201172,82.99783325195312,82.99766398129864,-0.0008392333984375,-0.0008392333984375,-8.392333984375e-05,8.534731463782919e-05
,,,70,82.99764251708984,82.99774932861328,82.99774932861328,82.99691009521484,82.9970417741416,-0.0001068115234375,-0.0001068115234375,0.000732421875,0.0006007429482508542
,,,71,82.99760437011719,82.99764251708984,82.99764251708984,82.9975357055664,82.99608983189881,-3.814697265625e-05,-3.814697265625e-05,6.866455078125e-05,0.0015145382183732181
,,,72,82.9974594116211,82.99760437011719,82.99760437011719,82.99756622314453,82.99576401180587,-0.00014495849609375,-0.00014495849609375,-0.0001068115234375,0.0016953998152189342
,,,73,82.99726104736328,82.9974594116211,82.9974594116211,82.997314453125,82.99539567762857,-0.0001983642578125,-0.0001983642578125,-5.340576171875e-05,0.0018653697347161824
,,,74,82.99745178222656,82.99726104736328,82.99726104736328,82.99706268310547,82.99543253993471,0.00019073486328125,0.00019073486328125,0.00038909912109375,0.002019242291851242
,,,75,82.99729919433594,82.99745178222656,82.99745178222656,82.99764251708984,82.99575970813925,-0.000152587890625,-0.000152587890625,-0.00034332275390625,0.0015394861966910867
,,,76,82.9968032836914,82.99729919433594,82.99729919433594,82.99714660644531,82.99585687073503,-0.00049591064453125,-0.00049591064453125,-0.00034332275390625,0.000946412956380982
,,,77,82.99637603759766,82.9968032836914,82.9968032836914,82.99630737304688,82.99500842995127,-0.00042724609375,-0.00042724609375,6.866455078125e-05,0.0013676076463866593
,,,78,82.99584197998047,82.99637603759766,82.99637603759766,82.9959487915039,82.99480724221438,-0.0005340576171875,-0.0005340576171875,-0.0001068115234375,0.0010347377660906432
,,,79,82.99597930908203,82.99584197998047,82.99584197998047,82.99530792236328,82.99429200537388,0.0001373291015625,0.0001373291015625,0.00067138671875,0.001687303708152399
,,,80,82.99613952636719,82.99597930908203,82.99597930908203,82.9961166381836,82.9938178798756,0.00016021728515625,0.00016021728515625,2.288818359375e-05,0.002321646491580509
,,,81,82.99613189697266,82.99613952636719,82.99613952636719,82.99629974365234,82.99336699705735,-7.62939453125e-06,-7.62939453125e-06,-0.0001678466796875,0.0027648999153058185
,,,82,82.99610137939453,82.99613189697266,82.99613189697266,82.99612426757812,82.99329163146805,-3.0517578125e-05,-3.0517578125e-05,-2.288818359375e-05,0.0028097479264772574
,,,83,82.99563598632812,82.99610137939453,82.99610137939453,82.9960708618164,82.99394463040927,-0.00046539306640625,-0.00046539306640625,-0.00043487548828125,0.0016913559188509453
,,,84,82.99585723876953,82.99563598632812,82.99563598632812,82.99517059326172,82.99368839439856,0.00022125244140625,0.00022125244140625,0.0006866455078125,0.002168844370970646
,,,85,82.99608612060547,82.99585723876953,82.99585723876953,82.99607849121094,82.99368832206656,0.0002288818359375,0.0002288818359375,7.62939453125e-06,0.0023977985389080914
,,,86,82.99536895751953,82.99608612060547,82.99608612060547,82.9963150024414,82.99364099455319,-0.0007171630859375,-0.0007171630859375,-0.000946044921875,0.0017279629663420337
,,,87,82.99425506591797,82.99536895751953,82.99536895751953,82.9946517944336,82.99296530941925,-0.0011138916015625,-0.0011138916015625,-0.000396728515625,0.0012897564987213173
,,,88,82.9935073852539,82.99425506591797,82.99425506591797,82.9931411743164,82.99237656552083,-0.0007476806640625,-0.0007476806640625,0.0003662109375,0.0011308197330777148
,,,89,82.9924545288086,82.9935073852539,82.9935073852539,82.99275970458984,82.99181561545815,-0.0010528564453125,-0.0010528564453125,-0.00030517578125,0.0006389133504427491
,,,90,82.99185180664062,82.9924545288086,82.9924545288086,82.99140167236328,82.9909929561446,-0.00060272216796875,-0.00060272216796875,0.00045013427734375,0.0008588504960300725
,,,91,82.99127197265625,82.99185180664062,82.99185180664062,82.99124908447266,82.99028943518933,-0.000579833984375,-0.000579833984375,2.288818359375e-05,0.0009825374669247822
,,,92,82.99032592773438,82.99127197265625,82.99127197265625,82.99069213867188,82.98983878082743,-0.000946044921875,-0.000946044921875,-0.0003662109375,0.00048714690694851015
,,,93,82.98934173583984,82.99032592773438,82.99032592773438,82.9893798828125,82.98865561195986,-0.00098419189453125,-0.00098419189453125,-3.814697265625e-05,0.0006861238799871217
,,,94,82.98912811279297,82.98934173583984,82.98934173583984,82.98835754394531,82.98786720647627,-0.000213623046875,-0.000213623046875,0.00077056884765625,0.0012609063167019485
,,,95,82.98955535888672,82.98912811279297,82.98912811279297,82.9889144897461,82.98737561543197,0.00042724609375,0.00042724609375,0.000640869140625,0.0021797434547465855
,,,96,82.98986053466797,82.98955535888672,82.98955535888672,82.98998260498047,82.9879173293992,0.00030517578125,0.00030517578125,-0.0001220703125,0.0019432052687733403
,,,97,82.9898681640625,82.98986053466797,82.98986053466797,82.99016571044922,82.9883542753145,7.62939453125e-06,7.62939453125e-06,-0.00029754638671875,0.0015138887479935192
,,,98,82.99016571044922,82.9898681640625,82.9898681640625,82.98987579345703,82.98879299267702,0.00029754638671875,0.00029754638671875,0.0002899169921875,0.0013727177721989392
,,,99,82.98985290527344,82.99016571044922,82.99016571044922,82.99046325683594,82.98920519904206,-0.00031280517578125,-0.00031280517578125,-0.0006103515625,0.0006477062313763327
,,,100,82.98956298828125,82.98985290527344,82.98985290527344,82.98954010009766,82.98884209878938,-0.0002899169921875,-0.0002899169921875,2.288818359375e-05,0.0007208894918733222
,,,101,82.989013671875,82.98956298828125,82.98956298828125,82.98927307128906,82.98813151964785,-0.00054931640625,-0.00054931640625,-0.0002593994140625,0.0008821522271489357
,,,102,82.98832702636719,82.989013671875,82.989013671875,82.98846435546875,82.98735672726747,-0.0006866455078125,-0.0006866455078125,-0.0001373291015625,0.0009702990997197958
,,,103,82.98731231689453,82.98832702636719,82.98832702636719,82.98764038085938,82.98651705390515,-0.00101470947265625,-0.00101470947265625,-0.00032806396484375,0.0007952629893850371
,,,104,82.98697662353516,82.98731231689453,82.98731231689453,82.98629760742188,82.98568153789995,-0.000335693359375,-0.000335693359375,0.00067901611328125,0.0012950856352063056
,,,105,82.9869384765625,82.98697662353516,82.98697662353516,82.98664093017578,82.98559478092119,-3.814697265625e-05,-3.814697265625e-05,0.00029754638671875,0.0013436956413102052
,,,106,82.98704528808594,82.9869384765625,82.9869384765625,82.98690032958984,82.98569913965144,0.0001068115234375,0.0001068115234375,0.00014495849609375,0.0013461484344929886
,,,107,82.98722076416016,82.98704528808594,82.98704528808594,82.98715209960938,82.985491264235,0.00017547607421875,0.00017547607421875,6.866455078125e-05,0.0017294999251618037
,,,108,82.98817443847656,82.98722076416016,82.98722076416016,82.98739624023438,82.98546363347836,0.00095367431640625,0.00095367431640625,0.0007781982421875,0.0027108049982018656
,,,109,82.98895263671875,82.98817443847656,82.98817443847656,82.98912811279297,82.98608004369954,0.0007781982421875,0.0007781982421875,-0.00017547607421875,0.002872593019205283
,,,110,82.98937225341797,82.98895263671875,82.98895263671875,82.98973083496094,82.9867058637994,0.00041961669921875,0.00041961669921875,-0.00035858154296875,0.0026663896185681324
,,,111,82.98922729492188,82.98937225341797,82.98937225341797,82.98979187011719,82.9872333055344,-0.00014495849609375,-0.00014495849609375,-0.0005645751953125,0.0019939893874720838
,,,112,82.98918151855469,82.98922729492188,82.98922729492188,82.98908233642578,82.9872828208565,-4.57763671875e-05,-4.57763671875e-05,9.918212890625e-05,0.0018986976981807402
,,,113,82.98876190185547,82.98918151855469,82.98918151855469,82.9891357421875,82.98774706744791,-0.00041961669921875,-0.00041961669921875,-0.00037384033203125,0.001014834407556009
,,,114,82.98689270019531,82.98876190185547,82.98876190185547,82.98834228515625,82.98692991502561,-0.00186920166015625,-0.00186920166015625,-0.0014495849609375,-3.7214830300058566e-05
,,,115,82.9849853515625,82.98689270019531,82.98689270019531,82.98502349853516,82.98435873863905,-0.0019073486328125,-0.0019073486328125,-3.814697265625e-05,0.0006266129234546725
,,,116,82.98408508300781,82.9849853515625,82.9849853515625,82.98307800292969,82.98228134548381,-0.0009002685546875,-0.0009002685546875,0.001007080078125,0.001803737523999871
,,,117,82.98382568359375,82.98408508300781,82.98408508300781,82.98318481445312,82.9820680779428,-0.0002593994140625,-0.0002593994140625,0.000640869140625,0.0017576056509511773
,,,118,82.98468017578125,82.98382568359375,82.98382568359375,82.98356628417969,82.98254606024203,0.0008544921875,0.0008544921875,0.0011138916015625,0.0021341155392207156
,,,119,82.98627471923828,82.98468017578125,82.98468017578125,82.98553466796875,82.98389636879928,0.00159454345703125,0.00159454345703125,0.00074005126953125,0.0023783504390024746
,,,120,82.98741912841797,82.98627471923828,82.98627471923828,82.98786926269531,82.98561619092918,0.0011444091796875,0.0011444091796875,-0.00045013427734375,0.001802937488790235
,,,121,82.98807525634766,82.98741912841797,82.98741912841797,82.98856353759766,82.98673534310304,0.0006561279296875,0.0006561279296875,-0.00048828125,0.001339913244621016
,,,122,82.98849487304688,82.98807525634766,82.98807525634766,82.98873138427734,82.98731057816285,0.00041961669921875,0.00041961669921875,-0.00023651123046875,0.0011842948840268264
,,,123,82.98863220214844,82.98849487304688,82.98849487304688,82.9889144897461,82.98764697777928,0.0001373291015625,0.0001373291015625,-0.00028228759765625,0.0009852243691597096
,,,124,82.98872375488281,82.98863220214844,82.98863220214844,82.98876953125,82.98775038069677,9.1552734375e-05,9.1552734375e-05,-4.57763671875e-05,0.0009733741860458167
,,,125,82.98826599121094,82.98872375488281,82.98872375488281,82.98881530761719,82.98787473000812,-0.000457763671875,-0.000457763671875,-0.00054931640625,0.00039126120282162447
,,,126,82.9881362915039,82.98826599121094,82.98826599121094,82.98780822753906,82.98742395728017,-0.00012969970703125,-0.00012969970703125,0.00032806396484375,0.0007123342237349561
,,,127,82.9878158569336,82.9881362915039,82.9881362915039,82.98800659179688,82.98736638998308,-0.0003204345703125,-0.0003204345703125,-0.00019073486328125,0.0004494669505135107
,,,128,82.98683166503906,82.9878158569336,82.9878158569336,82.98749542236328,82.98709935986,-0.00098419189453125,-0.00098419189453125,-0.00066375732421875,-0.000267694820934139
,,,129,82.98563385009766,82.98683166503906,82.98683166503906,82.98584747314453,82.98633128249777,-0.00119781494140625,-0.00119781494140625,-0.000213623046875,-0.0006974324001163268
,,,130,82.98457336425781,82.98563385009766,82.98563385009766,82.98443603515625,82.98547820293132,-0.00106048583984375,-0.00106048583984375,0.0001373291015625,-0.0009048386735059921
,,,131,82.9819564819336,82.98457336425781,82.98457336425781,82.98351287841797,82.98435047512996,-0.00261688232421875,-0.00261688232421875,-0.001556396484375,-0.0023939931963639083
,,,132,82.9771957397461,82.9819564819336,82.9819564819336,82.97933959960938,82.98095700270817,-0.0047607421875,-0.0047607421875,-0.00214385986328125,-0.0037612629620724647
,,,133,82.97488403320312,82.9771957397461,82.9771957397461,82.9724349975586,82.9755126928335,-0.00231170654296875,-0.00231170654296875,0.00244903564453125,-0.0006286596303795022
,,,134,82.97662353515625,82.97488403320312,82.97488403320312,82.97257232666016,82.97278264895196,0.001739501953125,0.001739501953125,0.00405120849609375,0.0038408862042871306
,,,135,82.98141479492188,82.97662353515625,82.97662353515625,82.97836303710938,82.97464210113037,0.004791259765625,0.004791259765625,0.0030517578125,0.006772693791504025
,,,136,82.98625183105469,82.98141479492188,82.98141479492188,82.9862060546875,82.97977183063455,0.0048370361328125,0.0048370361328125,4.57763671875e-05,0.006480000420140186
,,,137,82.98641967773438,82.98625183105469,82.98625183105469,82.9910888671875,82.984939134,0.0001678466796875,0.0001678466796875,-0.004669189453125,0.0014805437343738959
,,,138,82.98284912109375,82.98641967773438,82.98641967773438,82.98658752441406,82.98517547787587,-0.003570556640625,-0.003570556640625,-0.0037384033203125,-0.0023263567821203424
,,,139,82.97917175292969,82.98284912109375,82.98284912109375,82.97927856445312,82.98099400140809,-0.0036773681640625,-0.0036773681640625,-0.0001068115234375,-0.001822248478404731
,,,140,82.9796371459961,82.97917175292969,82.97917175292969,82.97549438476562,82.97699010048422,0.00046539306640625,0.00046539306640625,0.00414276123046875,0.002647045511878332
,,,141,82.98236846923828,82.9796371459961,82.9796371459961,82.9801025390625,82.97759734503697,0.0027313232421875,0.0027313232421875,0.00226593017578125,0.004771124201312205
,,,142,82.98270416259766,82.98236846923828,82.98236846923828,82.98509979248047,82.98057855639045,0.000335693359375,0.000335693359375,-0.0023956298828125,0.0021256062072012583
,,,143,82.97964477539062,82.98270416259766,82.98270416259766,82.98303985595703,82.9808023308915,-0.00305938720703125,-0.00305938720703125,-0.00339508056640625,-0.0011575555008818128
,,,144,82.97691345214844,82.97964477539062,82.97964477539062,82.9765853881836,82.97756954191995,-0.0027313232421875,-0.0027313232421875,0.00032806396484375,-0.0006560897715104375
,,,145,82.97704315185547,82.97691345214844,82.97691345214844,82.97418212890625,82.97481850019352,0.00012969970703125,0.00012969970703125,0.00286102294921875,0.0022246516619475187
,,,146,82.98052978515625,82.97704315185547,82.97704315185547,82.9771728515625,82.97508030320093,0.00348663330078125,0.00348663330078125,0.00335693359375,0.005449481955324131
,,,147,82.98338317871094,82.98052978515625,82.98052978515625,82.98401641845703,82.97888764617527,0.0028533935546875,0.0028533935546875,-0.00063323974609375,0.004495532535671032
,,,148,82.98198699951172,82.98338317871094,82.98338317871094,82.98623657226562,82.98196136477385,-0.00139617919921875,-0.00139617919921875,-0.00424957275390625,2.5634737866653268e-05
,,,149,82.97811126708984,82.98198699951172,82.98198699951172,82.9805908203125,82.98060700045743,-0.003875732421875,-0.003875732421875,-0.00247955322265625,-0.0024957333675814652
,,,150,82.976806640625,82.97811126708984,82.97811126708984,82.97423553466797,82.97673792602133,-0.00130462646484375,-0.00130462646484375,0.00257110595703125,6.871460367108284e-05
,,,151,82.97872161865234,82.976806640625,82.976806640625,82.97550201416016,82.97535672002743,0.00191497802734375,0.00191497802734375,0.0032196044921875,0.003364898624909074
,,,152,82.98296356201172,82.97872161865234,82.97872161865234,82.98063659667969,82.9775493939477,0.004241943359375,0.004241943359375,0.00232696533203125,0.005414168064021396
,,,153,82.98328399658203,82.98296356201172,82.98296356201172,82.9872055053711,82.98218403441362,0.0003204345703125,0.0003204345703125,-0.0039215087890625,0.0010999621684106842
,,,154,82.97957611083984,82.98328399658203,82.98328399658203,82.98360443115234,82.98298972171942,-0.0037078857421875,-0.0037078857421875,-0.0040283203125,-0.0034136108795763676
,,,155,82.97486877441406,82.97957611083984,82.97957611083984,82.97586822509766,82.97897137724281,-0.00470733642578125,-0.00470733642578125,-0.00099945068359375,-0.004102602828751856
,,,156,82.97447204589844,82.97486877441406,82.97486877441406,82.97016143798828,82.97368719583703,-0.000396728515625,-0.000396728515625,0.00431060791015625,0.0007848500614073828
,,,157,82.97731018066406,82.97447204589844,82.97447204589844,82.97407531738281,82.97294490748884,0.002838134765625,0.002838134765625,0.00323486328125,0.0043652731752246154
,,,158,82.98187255859375,82.97731018066406,82.97731018066406,82.98014831542969,82.97593641340946,0.0045623779296875,0.0045623779296875,0.0017242431640625,0.005936145184293196
,,,159,82.98224639892578,82.98187255859375,82.98187255859375,82.98643493652344,82.98083947690733,0.00037384033203125,0.00037384033203125,-0.00418853759765625,0.0014069220184467213
,,,160,82.97913360595703,82.98224639892578,82.98224639892578,82.98262023925781,82.98158167137962,-0.00311279296875,-0.00311279296875,-0.00348663330078125,-0.0024480654225840226
,,,161,82.97338104248047,82.97913360595703,82.97913360595703,82.97602081298828,82.97844994943533,-0.0057525634765625,-0.0057525634765625,-0.0026397705078125,-0.005068906954861063
,,,162,82.97008514404297,82.97338104248047,82.97338104248047,82.9676284790039,82.97239669496133,-0.0032958984375,-0.0032958984375,0.0024566650390625,-0.0023115509183639915
,,,163,82.97079467773438,82.97008514404297,82.97008514404297,82.96678924560547,82.96897591745633,0.00070953369140625,0.00070953369140625,0.00400543212890625,0.001818760278041509
,,,164,82.97471618652344,82.97079467773438,82.97079467773438,82.97150421142578,82.96987531297127,0.0039215087890625,0.0039215087890625,0.00321197509765625,0.0048408735521690005
,,,165,82.97940063476562,82.97471618652344,82.97471618652344,82.9786376953125,82.97376022531726,0.0046844482421875,0.0046844482421875,0.000762939453125,0.005640409448361083
,,,166,82.98141479492188,82.97940063476562,82.97940063476562,82.98408508300781,82.9779949594855,0.00201416015625,0.00201416015625,-0.0026702880859375,0.0034198354363752514
,,,167,82.97899627685547,82.98141479492188,82.98141479492188,82.98342895507812,82.97946979086403,-0.00241851806640625,-0.00241851806640625,-0.00443267822265625,-0.00047351400856143755
,,,168,82.97518157958984,82.97899627685547,82.97899627685547,82.97657775878906,82.97727859584504,-0.003814697265625,-0.003814697265625,-0.00139617919921875,-0.0020970162551918747
,,,169,82.97409057617188,82.97518157958984,82.97518157958984,82.97136688232422,82.97377196616252,-0.00109100341796875,-0.00109100341796875,0.00272369384765625,0.00031861000935862194
,,,170,82.97671508789062,82.97409057617188,82.97409057617188,82.9729995727539,82.97284291570199,0.00262451171875,0.00262451171875,0.00371551513671875,0.003872172188636114
,,,171,82.98163604736328,82.97671508789062,82.97671508789062,82.97933959960938,82.97568626501355,0.00492095947265625,0.00492095947265625,0.00229644775390625,0.005949782349730981
,,,172,82.98339080810547,82.98163604736328,82.98163604736328,82.98655700683594,82.98081483940938,0.0017547607421875,0.0017547607421875,-0.00316619873046875,0.0025759686960924455
,,,173,82.98051452636719,82.98339080810547,82.98339080810547,82.98514556884766,82.98296865999467,-0.00287628173828125,-0.00287628173828125,-0.00463104248046875,-0.0024541336274808145
,,,174,82.97651672363281,82.98051452636719,82.98051452636719,82.9776382446289,82.97998888026923,-0.003997802734375,-0.003997802734375,-0.00112152099609375,-0.0034721566364197542
,,,175,82.97378540039062,82.97651672363281,82.97651672363281,82.97251892089844,82.9758271220713,-0.0027313232421875,-0.0027313232421875,0.0012664794921875,-0.002041721680669184
,,,176,82.9756088256836,82.97378540039062,82.97378540039062,82.97105407714844,82.9727084481521,0.00182342529296875,0.00182342529296875,0.00455474853515625,0.0029003775314890845
,,,177,82.97773742675781,82.9756088256836,82.9756088256836,82.97743225097656,82.97451594939122,0.00212860107421875,0.00212860107421875,0.00030517578125,0.003221477366594172
,,,178,82.97686004638672,82.97773742675781,82.97773742675781,82.97986602783203,82.97706688439499,-0.00087738037109375,-0.00087738037109375,-0.0030059814453125,-0.0002068380082675958
,,,179,82.97246551513672,82.97686004638672,82.97686004638672,82.97598266601562,82.97649284724007,-0.00439453125,-0.00439453125,-0.00351715087890625,-0.004027332103348158
,,,180,82.96989440917969,82.97246551513672,82.97246551513672,82.96807098388672,82.9718808594341,-0.00257110595703125,-0.00257110595703125,0.00182342529296875,-0.001986450254406691
,,,181,82.97184753417969,82.96989440917969,82.96989440917969,82.96732330322266,82.9690384821203,0.001953125,0.001953125,0.00452423095703125,0.0028090520593906376
,,,182,82.97525787353516,82.97184753417969,82.97184753417969,82.97380065917969,82.97116279711166,0.00341033935546875,0.00341033935546875,0.00145721435546875,0.00409507642349638
,,,183,82.97559356689453,82.97525787353516,82.97525787353516,82.97866821289062,82.97469442947559,0.000335693359375,0.000335693359375,-0.00307464599609375,0.0008991374189406542
,,,184,82.97325897216797,82.97559356689453,82.97559356689453,82.9759292602539,82.97445494476757,-0.0023345947265625,-0.0023345947265625,-0.0026702880859375,-0.0011959725996035786
,,,185,82.97224426269531,82.97325897216797,82.97325897216797,82.9709243774414,82.9716359291256,-0.00101470947265625,-0.00101470947265625,0.00131988525390625,0.000608333569715569
,,,186,82.97450256347656,82.97224426269531,82.97224426269531,82.97122955322266,82.97049600232234,0.00225830078125,0.00225830078125,0.00327301025390625,0.004006561154227484
,,,187,82.97602844238281,82.97450256347656,82.97450256347656,82.97676086425781,82.97287976559527,0.00152587890625,0.00152587890625,-0.000732421875,0.0031486767875463784
,,,188,82.97584533691406,82.97602844238281,82.97602844238281,82.97755432128906,82.97475452169272,-0.00018310546875,-0.00018310546875,-0.001708984375,0.0010908152213460198
,,,189,82.97518920898438,82.97584533691406,82.97584533691406,82.97566223144531,82.97466763351035,-0.0006561279296875,-0.0006561279296875,-0.0004730224609375,0.0005215754740248713
,,,190,82.97517395019531,82.97518920898438,82.97518920898438,82.97453308105469,82.97382674191851,-1.52587890625e-05,-1.52587890625e-05,0.000640869140625,0.0013472082767975735
,,,191,82.97319030761719,82.97517395019531,82.97517395019531,82.97515869140625,82.97377603343321,-0.001983642578125,-0.001983642578125,-0.0019683837890625,-0.0005857258160233414
,,,192,82.9700927734375,82.97319030761719,82.97319030761719,82.97120666503906,82.97197718025225,-0.0030975341796875,-0.0030975341796875,-0.0011138916015625,-0.0018844068147529924
,,,193,82.9703369140625,82.9700927734375,82.9700927734375,82.96699523925781,82.96901082269281,0.000244140625,0.000244140625,0.0033416748046875,0.0013260913696910848
,,,194,82.97288513183594,82.9703369140625,82.9703369140625,82.9705810546875,82.96952570579514,0.0025482177734375,0.0025482177734375,0.0023040771484375,0.0033594260408023047
,,,195,82.97391510009766,82.97288513183594,82.97288513183594,82.97543334960938,82.97208361400556,0.00102996826171875,0.00102996826171875,-0.00151824951171875,0.0018314860921009313
,,,196,82.97315979003906,82.97391510009766,82.97391510009766,82.97494506835938,82.97307219377286,-0.00075531005859375,-0.00075531005859375,-0.0017852783203125,8.759626619792016e-05
,,,197,82.97313690185547,82.97315979003906,82.97315979003906,82.97240447998047,82.97223131066805,-2.288818359375e-05,-2.288818359375e-05,0.000732421875,0.0009055911874185085
,,,198,82.97573852539062,82.97313690185547,82.97313690185547,82.97311401367188,82.97210637100603,0.00260162353515625,0.00260162353515625,0.00262451171875,0.0036321543845900806
,,,199,82.97650909423828,82.97573852539062,82.97573852539062,82.97834014892578,82.97475256809543,0.00077056884765625,0.00077056884765625,-0.0018310546875,0.0017565261428558188
,,,200,82.97374725341797,82.97650909423828,82.97650909423828,82.97727966308594,82.97537451111057,-0.0027618408203125,-0.0027618408203125,-0.00353240966796875,-0.0016272576926041893
,,,201,82.97013854980469,82.97374725341797,82.97374725341797,82.97098541259766,82.97239865961824,-0.00360870361328125,-0.00360870361328125,-0.00084686279296875,-0.0022601098135481834
,,,202,82.97005462646484,82.97013854980469,82.97013854980469,82.9665298461914,82.9689072196707,-8.392333984375e-05,-8.392333984375e-05,0.0035247802734375,0.0011474067941463773
,,,203,82.97344970703125,82.97005462646484,82.97005462646484,82.969970703125,82.96906121712532,0.00339508056640625,0.00339508056640625,0.00347900390625,0.004388489905934989
,,,204,82.97639465332031,82.97344970703125,82.97344970703125,82.97684478759766,82.97252743031547,0.0029449462890625,0.0029449462890625,-0.00045013427734375,0.0038672230048462097
,,,205,82.97480010986328,82.97639465332031,82.97639465332031,82.97933959960938,82.97581420246763,-0.00159454345703125,-0.00159454345703125,-0.00453948974609375,-0.0010140926043504805
,,,206,82.97001647949219,82.97480010986328,82.97480010986328,82.97320556640625,82.97408345331957,-0.00478363037109375,-0.00478363037109375,-0.0031890869140625,-0.004066973827377751
,,,207,82.96692657470703,82.97001647949219,82.97001647949219,82.9652328491211,82.96921870935293,-0.00308990478515625,-0.00308990478515625,0.0016937255859375,-0.0022921346458986136
,,,208,82.96807098388672,82.96692657470703,82.96692657470703,82.96383666992188,82.96562688508611,0.0011444091796875,0.0011444091796875,0.00423431396484375,0.00244409880060914
,,,209,82.97159576416016,82.96807098388672,82.96807098388672,82.9692153930664,82.96675663277202,0.0035247802734375,0.0035247802734375,0.00238037109375,0.004839131388138185
,,,210,82.97366333007812,82.97159576416016,82.97159576416016,82.9751205444336,82.97048399363392,0.00206756591796875,0.00206756591796875,-0.00145721435546875,0.0031793364442052052
,,,211,82.97224426269531,82.97366333007812,82.97366333007812,82.9757308959961,82.97273821988738,-0.0014190673828125,-0.0014190673828125,-0.00348663330078125,-0.0004939571920630215
,,,212,82.9698486328125,82.97224426269531,82.97224426269531,82.9708251953125,82.97169750135538,-0.0023956298828125,-0.0023956298828125,-0.0009765625,-0.001848868542879245
,,,213,82.96961212158203,82.9698486328125,82.9698486328125,82.96745300292969,82.96932844518668,-0.00023651123046875,-0.00023651123046875,0.00215911865234375,0.0002836763953553145
,,,214,82.9728775024414,82.96961212158203,82.96961212158203,82.96937561035156,82.96873001887941,0.003265380859375,0.003265380859375,0.00350189208984375,0.004147483561993681
,,,215,82.97441864013672,82.9728775024414,82.9728775024414,82.97614288330078,82.97201458354826,0.0015411376953125,0.0015411376953125,-0.0017242431640625,0.002404056588460435
,,,216,82.97351837158203,82.97441864013672,82.97441864013672,82.97595977783203,82.97377256508405,-0.0009002685546875,-0.0009002685546875,-0.00244140625,-0.00025419350201616453
,,,217,82.96939849853516,82.97351837158203,82.97351837158203,82.97261810302734,82.97285169636798,-0.004119873046875,-0.004119873046875,-0.0032196044921875,-0.0034531978328260493
,,,218,82.96609497070312,82.96939849853516,82.96939849853516,82.96527862548828,82.96861698340349,-0.00330352783203125,-0.00330352783203125,0.00081634521484375,-0.0025220127003677817
,,,219,82.9665298461914,82.96609497070312,82.96609497070312,82.9627914428711,82.96527993493238,0.00043487548828125,0.00043487548828125,0.0037384033203125,0.0012499112590234063
,,,220,82.96989440917969,82.9665298461914,82.9665298461914,82.96696472167969,82.96555709950763,0.00336456298828125,0.00336456298828125,0.0029296875,0.004337309672052925
,,,221,82.97174835205078,82.96989440917969,82.96989440917969,82.97325897216797,82.96909991399549,0.00185394287109375,0.00185394287109375,-0.0015106201171875,0.0026484380552886932
,,,222,82.96968078613281,82.97174835205078,82.97174835205078,82.97360229492188,82.97120665729096,-0.00206756591796875,-0.00206756591796875,-0.0039215087890625,-0.0015258711581509488
,,,223,82.96597290039062,82.96968078613281,82.96968078613281,82.96761322021484,82.96907086420458,-0.0037078857421875,-0.0037078857421875,-0.00164031982421875,-0.0030979638139569943
,,,224,82.96515655517578,82.96597290039062,82.96597290039062,82.96226501464844,82.96524266129195,-0.00081634521484375,-0.00081634521484375,0.00289154052734375,-8.610611617143604e-05
,,,225,82.96713256835938,82.96515655517578,82.96515655517578,82.96434020996094,82.96456631542945,0.00197601318359375,0.00197601318359375,0.0027923583984375,0.0025662529299239623
,,,226,82.96868133544922,82.96713256835938,82.96713256835938,82.96910858154297,82.96669329796768,0.00154876708984375,0.00154876708984375,-0.00042724609375,0.0019880374815386403
,,,227,82.96924591064453,82.96868133544922,82.96868133544922,82.97023010253906,82.96814856783317,0.0005645751953125,0.0005645751953125,-0.00098419189453125,0.001097342811362978
,,,228,82.96905517578125,82.96924591064453,82.96924591064453,82.96981048583984,82.96843665974107,-0.00019073486328125,-0.00019073486328125,-0.00075531005859375,0.0006185160401770418
,,,229,82.96819305419922,82.96905517578125,82.96905517578125,82.96886444091797,82.96787379819759,-0.00086212158203125,-0.00086212158203125,-0.00067138671875,0.00031925600163162926
,,,230,82.9677505493164,82.96819305419922,82.96819305419922,82.96733093261719,82.96698267702502,-0.0004425048828125,-0.0004425048828125,0.00041961669921875,0.0007678722913908587
,,,231,82.96723175048828,82.9677505493164,82.9677505493164,82.9673080444336,82.96673429158798,-0.000518798828125,-0.000518798828125,-7.62939453125e-05,0.0004974589002983976
,,,232,82.96691131591797,82.96723175048828,82.96723175048828,82.96671295166016,82.96633461522117,-0.0003204345703125,-0.0003204345703125,0.0001983642578125,0.0005767006967971611
,,,233,82.96707153320312,82.96691131591797,82.96691131591797,82.96659088134766,82.9659925474981,0.00016021728515625,0.00016021728515625,0.00048065185546875,0.0010789857050212959
,,,234,82.96702575683594,82.96707153320312,82.96707153320312,82.96723175048828,82.96616608094692,-4.57763671875e-05,-4.57763671875e-05,-0.00020599365234375,0.000859675889017808
,,,235,82.96644592285156,82.96702575683594,82.96702575683594,82.96697998046875,82.96582896112564,-0.000579833984375,-0.000579833984375,-0.0005340576171875,0.0006169617259246252
,,,236,82.9670639038086,82.96644592285156,82.96644592285156,82.96586608886719,82.96534924776137,0.00061798095703125,0.00061798095703125,0.00119781494140625,0.0017146560472269812
,,,237,82.96795654296875,82.9670639038086,82.9670639038086,82.96768188476562,82.96603690868776,0.00089263916015625,0.00089263916015625,0.000274658203125,0.001919634280994842
,,,238,82.96859741210938,82.96795654296875,82.96795654296875,82.9688491821289,82.96669672672799,0.000640869140625,0.000640869140625,-0.00025177001953125,0.0019006853813863245
,,,239,82.96876525878906,82.96859741210938,82.96859741210938,82.96923828125,82.96691575686441,0.0001678466796875,0.0001678466796875,-0.0004730224609375,0.001849501924652941
,,,240,82.96839141845703,82.96876525878906,82.96876525878906,82.96893310546875,82.96687472371501,-0.00037384033203125,-0.00037384033203125,-0.00054168701171875,0.0015166947420226506
,,,241,82.9677505493164,82.96839141845703,82.96839141845703,82.968017578125,82.96655542931754,-0.000640869140625,-0.000640869140625,-0.00026702880859375,0.0011951199988686767
,,,242,82.9679183959961,82.9677505493164,82.9677505493164,82.96710968017578,82.96633140068072,0.0001678466796875,0.0001678466796875,0.0008087158203125,0.0015869953153782035
,,,243,82.96758270263672,82.9679183959961,82.9679183959961,82.96808624267578,82.9669157415024,-0.000335693359375,-0.000335693359375,-0.0005035400390625,0.0006669611343141923
,,,244,82.96721649169922,82.96758270263672,82.96758270263672,82.96724700927734,82.96678043339026,-0.0003662109375,-0.0003662109375,-3.0517578125e-05,0.00043605830896353837
,,,245,82.9670181274414,82.96721649169922,82.96721649169922,82.96685028076172,82.96621677487722,-0.0001983642578125,-0.0001983642578125,0.0001678466796875,0.0008013525641814567
,,,246,82.9668197631836,82.9670181274414,82.9670181274414,82.9668197631836,82.96617751730271,-0.0001983642578125,-0.0001983642578125,0.0,0.0006422458808827969
,,,247,82.96649932861328,82.9668197631836,82.9668197631836,82.96662139892578,82.96587342435436,-0.0003204345703125,-0.0003204345703125,-0.0001220703125,0.0006259042589249475
,,,248,82.96626281738281,82.96649932861328,82.96649932861328,82.96617889404297,82.96564799176473,-0.00023651123046875,-0.00023651123046875,8.392333984375e-05,0.0006148256180864564
,,,249,82.96614074707031,82.96626281738281,82.96626281738281,82.96602630615234,82.96528603669839,-0.0001220703125,-0.0001220703125,0.00011444091796875,0.0008547103719251936
,,,250,82.9660873413086,82.96614074707031,82.96614074707031,82.96601867675781,82.96529526510606,-5.340576171875e-05,-5.340576171875e-05,6.866455078125e-05,0.0007920762025293016
,,,251,82.96576690673828,82.9660873413086,82.9660873413086,82.96603393554688,82.9654190514733,-0.0003204345703125,-0.0003204345703125,-0.00026702880859375,0.00034785526497671526
,,,252,82.9654541015625,82.96576690673828,82.96576690673828,82.96544647216797,82.96540215661068,-0.00031280517578125,-0.00031280517578125,7.62939453125e-06,5.194495182081482e-05
,,,253,82.96541595458984,82.9654541015625,82.9654541015625,82.96514129638672,82.9653245579074,-3.814697265625e-05,-3.814697265625e-05,0.000274658203125,9.139668244984023e-05
,,,254,82.96617889404297,82.96541595458984,82.96541595458984,82.96537780761719,82.96510244160284,0.000762939453125,0.000762939453125,0.00080108642578125,0.0010764524401309927
,,,255,82.96702575683594,82.96617889404297,82.96617889404297,82.9669418334961,82.96568228265673,0.00084686279296875,0.00084686279296875,8.392333984375e-05,0.001343474179208215
,,,256,82.96766662597656,82.96702575683594,82.96702575683594,82.9678726196289,82.96653892305385,0.000640869140625,0.000640869140625,-0.00020599365234375,0.0011277029227159119
,,,257,82.96758270263672,82.96766662597656,82.96766662597656,82.96830749511719,82.96699837073938,-8.392333984375e-05,-8.392333984375e-05,-0.00072479248046875,0.0005843318973433043
,,,258,82.96755981445312,82.96758270263672,82.96758270263672,82.96749877929688,82.96688295146424,-2.288818359375e-05,-2.288818359375e-05,6.103515625e-05,0.0006768629888824762
,,,259,82.96701049804688,82.96755981445312,82.96755981445312,82.96753692626953,82.96696752915516,-0.00054931640625,-0.00054931640625,-0.00052642822265625,4.2968891719397106e-05
,,,260,82.9677734375,82.96701049804688,82.96701049804688,82.96646118164062,82.96658289083868,0.000762939453125,0.000762939453125,0.001312255859375,0.0011905466613200133
,,,261,82.96929168701172,82.9677734375,82.9677734375,82.96853637695312,82.96714042269832,0.00151824951171875,0.00151824951171875,0.00075531005859375,0.002151264313397405
,,,262,82.96829986572266,82.96929168701172,82.96929168701172,82.97080993652344,82.96839684454032,-0.0009918212890625,-0.0009918212890625,-0.00251007080078125,-9.697881766612682e-05
,,,263,82.96420288085938,82.96829986572266,82.96829986572266,82.9673080444336,82.96727612620643,-0.00409698486328125,-0.00409698486328125,-0.00310516357421875,-0.0030732453470534438
,,,264,82.96263885498047,82.96420288085938,82.96420288085938,82.9601058959961,82.96326352357876,-0.00156402587890625,-0.00156402587890625,0.002532958984375,-0.0006246685982915778
,,,265,82.9648208618164,82.96263885498047,82.96263885498047,82.96107482910156,82.96191154146216,0.0021820068359375,0.0021820068359375,0.00374603271484375,0.0029093203542487345
,,,266,82.9675064086914,82.9648208618164,82.9648208618164,82.96700286865234,82.96421518988306,0.002685546875,0.002685546875,0.0005035400390625,0.003291218808342933
,,,267,82.96822357177734,82.9675064086914,82.9675064086914,82.9701919555664,82.96693381386862,0.0007171630859375,0.0007171630859375,-0.0019683837890625,0.001289757908722322
,,,268,82.96766662597656,82.96822357177734,82.96822357177734,82.96894073486328,82.9674396584015,-0.00055694580078125,-0.00055694580078125,-0.00127410888671875,0.0002269675750596889
,,,269,82.9660873413086,82.96766662597656,82.96766662597656,82.96710968017578,82.96624451648844,-0.00157928466796875,-0.00157928466796875,-0.0010223388671875,-0.0001571751798508103
,,,270,82.96508026123047,82.9660873413086,82.9660873413086,82.96450805664062,82.96446354910844,-0.001007080078125,-0.001007080078125,0.00057220458984375,0.0006167121220244098
,,,271,82.96585845947266,82.96508026123047,82.96508026123047,82.96407318115234,82.96350745374404,0.0007781982421875,0.0007781982421875,0.0017852783203125,0.0023510057286131314
,,,272,82.9665298461914,82.96585845947266,82.96585845947266,82.96663665771484,82.96479907462421,0.00067138671875,0.00067138671875,-0.0001068115234375,0.0017307715671961432
,,,273,82.96650695800781,82.9665298461914,82.9665298461914,82.96720123291016,82.96578284567867,-2.288818359375e-05,-2.288818359375e-05,-0.00069427490234375,0.0007241123291379381
,,,274,82.9664535522461,82.96650695800781,82.96650695800781,82.96648406982422,82.96583980321817,-5.340576171875e-05,-5.340576171875e-05,-3.0517578125e-05,0.0006137490279201074
,,,275,82.96586608886719,82.9664535522461,82.9664535522461,82.96640014648438,82.96573401352899,-0.00058746337890625,-0.00058746337890625,-0.0005340576171875,0.00013207533820036588
,,,276,82.9651107788086,82.96586608886719,82.96586608886719,82.96527862548828,82.96526572162183,-0.00075531005859375,-0.00075531005859375,-0.0001678466796875,-0.00015494281323924497
,,,277,82.96436309814453,82.9651107788086,82.9651107788086,82.96435546875,82.96423700907388,-0.0007476806640625,-0.0007476806640625,7.62939453125e-06,0.00012608907064759478
,,,278,82.96395874023438,82.96436309814453,82.96436309814453,82.96361541748047,82.96323652383886,-0.00040435791015625,-0.00040435791015625,0.00034332275390625,0.0007222163955162841
,,,279,82.96401977539062,82.96395874023438,82.96395874023438,82.96355438232422,82.96279279981573,6.103515625e-05,6.103515625e-05,0.00046539306640625,0.0012269755748945954
,,,280,82.96414947509766,82.96401977539062,82.96401977539062,82.96408081054688,82.96295822545424,0.00012969970703125,0.00012969970703125,6.866455078125e-05,0.0011912496434121067
,,,281,82.96422576904297,82.96414947509766,82.96414947509766,82.96427917480469,82.96341924474899,7.62939453125e-05,7.62939453125e-05,-5.340576171875e-05,0.0008065242939778727
,,,282,82.96426391601562,82.96422576904297,82.96422576904297,82.96430206298828,82.96325440561705,3.814697265625e-05,3.814697265625e-05,-3.814697265625e-05,0.0010095103985747755
,,,283,82.96420288085938,82.96426391601562,82.96426391601562,82.96430206298828,82.96307028239058,-6.103515625e-05,-6.103515625e-05,-9.918212890625e-05,0.0011325984687999835
,,,284,82.96446228027344,82.96420288085938,82.96420288085938,82.96414184570312,82.96301761562326,0.0002593994140625,0.0002593994140625,0.0003204345703125,0.0014446646501795612
,,,285,82.9643325805664,82.96446228027344,82.96446228027344,82.9647216796875,82.96348664225337,-0.00012969970703125,-0.00012969970703125,-0.00038909912109375,0.0008459383130343667
,,,286,82.96420288085938,82.9643325805664,82.9643325805664,82.96420288085938,82.96362533646546,-0.00012969970703125,-0.00012969970703125,0.0,0.0005775443939199931
,,,287,82.96404266357422,82.96420288085938,82.96420288085938,82.96407318115234,82.9638149665261,-0.00016021728515625,-0.00016021728515625,-3.0517578125e-05,0.00022769704811764768
,,,288,82.96395111083984,82.96404266357422,82.96404266357422,82.96388244628906,82.96381189271196,-9.1552734375e-05,-9.1552734375e-05,6.866455078125e-05,0.0001392181278845328
,,,289,82.9638671875,82.96395111083984,82.96395111083984,82.96385955810547,82.96390299543408,-8.392333984375e-05,-8.392333984375e-05,7.62939453125e-06,-3.58079340827544e-05
,,,290,82.96368408203125,82.9638671875,82.9638671875,82.96378326416016,82.96378565175895,-0.00018310546875,-0.00018310546875,-9.918212890625e-05,-0.00010156972770403172
,,,291,82.96350860595703,82.96368408203125,82.96368408203125,82.9635009765625,82.96350542962759,-0.00017547607421875,-0.00017547607421875,7.62939453125e-06,3.1763294430220412e-06
,,,292,82.96318054199219,82.96350860595703,82.96350860595703,82.96333312988281,82.9633191009788,-0.00032806396484375,-0.00032806396484375,-0.000152587890625,-0.00013855898660608545
,,,293,82.96275329589844,82.96318054199219,82.96318054199219,82.96285247802734,82.96282041291556,-0.00042724609375,-0.00042724609375,-9.918212890625e-05,-6.711701712447393e-05
,,,294,82.96244049072266,82.96275329589844,82.96275329589844,82.96232604980469,82.96238583206714,-0.00031280517578125,-0.00031280517578125,0.00011444091796875,5.4658655514572274e-05
,,,295,82.96235656738281,82.96244049072266,82.96244049072266,82.96212768554688,82.96220659774414,-8.392333984375e-05,-8.392333984375e-05,0.0002288818359375,0.00014996963867019986
,,,296,82.96240997314453,82.96235656738281,82.96235656738281,82.96227264404297,82.96218666103458,5.340576171875e-05,5.340576171875e-05,0.0001373291015625,0.00022331210995218953
,,,297,82.96220397949219,82.96240997314453,82.96240997314453,82.96246337890625,82.96200568309463,-0.00020599365234375,-0.00020599365234375,-0.0002593994140625,0.00019829639755641892
,,,298,82.96206665039062,82.96220397949219,82.96220397949219,82.96199798583984,82.96127062939546,-0.0001373291015625,-0.0001373291015625,6.866455078125e-05,0.0007960209951676234
,,,299,82.9620590209961,82.96206665039062,82.96206665039062,82.96192932128906,82.96095492347588,-7.62939453125e-06,-7.62939453125e-06,0.00012969970703125,0.0011040975202121217
,,,300,82.96239471435547,82.9620590209961,82.9620590209961,82.96205139160156,82.96115383323496,0.000335693359375,0.000335693359375,0.00034332275390625,0.0012408811205091297
,,,301,82.96273040771484,82.96239471435547,82.96239471435547,82.96273040771484,82.961770261265,0.000335693359375,0.000335693359375,0.0,0.000960146449841659
,,,302,82.9630126953125,82.96273040771484,82.96273040771484,82.96306610107422,82.96206127154572,0.00028228759765625,0.00028228759765625,-5.340576171875e-05,0.0009514237667787029
,,,303,82.96319580078125,82.9630126953125,82.9630126953125,82.96329498291016,82.96208787118574,0.00018310546875,0.00018310546875,-9.918212890625e-05,0.0011079295955056523
,,,304,82.96370697021484,82.96319580078125,82.96319580078125,82.96337890625,82.96204628514973,0.00051116943359375,0.00051116943359375,0.00032806396484375,0.0016606850651186278
,,,305,82.96373748779297,82.96370697021484,82.96370697021484,82.96421813964844,82.96251109047292,3.0517578125e-05,3.0517578125e-05,-0.00048065185546875,0.0012263973200532519
,,,306,82.96343231201172,82.96373748779297,82.96373748779297,82.9637680053711,82.96263512622471,-0.00030517578125,-0.00030517578125,-0.000335693359375,0.0007971857870074928
,,,307,82.96226501464844,82.96343231201172,82.96343231201172,82.96312713623047,82.9622738881973,-0.00116729736328125,-0.00116729736328125,-0.00086212158203125,-8.873548864585246e-06
,,,308,82.96109008789062,82.96226501464844,82.96226501464844,82.96109771728516,82.96134516305217,-0.0011749267578125,-0.0011749267578125,-7.62939453125e-06,-0.00025507516154732457
,,,309,82.95986938476562,82.96109008789062,82.96109008789062,82.95991516113281,82.96073816114382,-0.001220703125,-0.001220703125,-4.57763671875e-05,-0.0008687763781978219
,,,310,82.95890808105469,82.95986938476562,82.95986938476562,82.95864868164062,82.96026518051097,-0.0009613037109375,-0.0009613037109375,0.0002593994140625,-0.0013570994562854821
,,,311,82.9577865600586,82.95890808105469,82.95890808105469,82.95794677734375,82.95992750512572,-0.00112152099609375,-0.00112152099609375,-0.00016021728515625,-0.002140945067125699
,,,312,82.9568099975586,82.9577865600586,82.9577865600586,82.9566650390625,82.95916346328323,-0.0009765625,-0.0009765625,0.00014495849609375,-0.0023534657246386814
,,,313,82.95561981201172,82.9568099975586,82.9568099975586,82.9558334350586,82.95830522036218,-0.001190185546875,-0.001190185546875,-0.000213623046875,-0.002685408350458829
,,,314,82.95472717285156,82.95561981201172,82.95561981201172,82.95442962646484,82.9571859779056,-0.00089263916015625,-0.00089263916015625,0.00029754638671875,-0.002458805054033064
,,,315,82.9537582397461,82.95472717285156,82.95472717285156,82.9538345336914,82.9564135059991,-0.00096893310546875,-0.00096893310546875,-7.62939453125e-05,-0.002655266253000832
,,,316,82.95291137695312,82.9537582397461,82.9537582397461,82.95278930664062,82.9557543154377,-0.00084686279296875,-0.00084686279296875,0.0001220703125,-0.002842938484576507
,,,317,82.95191192626953,82.95291137695312,82.95291137695312,82.95206451416016,82.95566066858413,-0.00099945068359375,-0.00099945068359375,-0.000152587890625,-0.003748742314598985
,,,318,82.95086669921875,82.95191192626953,82.95191192626953,82.95091247558594,82.9556645458789,-0.00104522705078125,-0.00104522705078125,-4.57763671875e-05,-0.004797846660153482
,,,319,82.94971466064453,82.95086669921875,82.95086669921875,82.94982147216797,82.95552955256719,-0.00115203857421875,-0.00115203857421875,-0.0001068115234375,-0.005814891922653942
,,,320,82.94876861572266,82.94971466064453,82.94971466064453,82.94856262207031,82.9550206349083,-0.000946044921875,-0.000946044921875,0.00020599365234375,-0.0062520191856378915
,,,321,82.94763946533203,82.94876861572266,82.94876861572266,82.94782257080078,82.95452469791636,-0.001129150390625,-0.001129150390625,-0.00018310546875,-0.0068852325843238305
,,,322,82.94682312011719,82.94763946533203,82.94763946533203,82.9465103149414,82.95373605077228,-0.00081634521484375,-0.00081634521484375,0.00031280517578125,-0.006912930655090577
,,,323,82.94580078125,82.94682312011719,82.94682312011719,82.94600677490234,82.95311128620918,-0.0010223388671875,-0.0010223388671875,-0.00020599365234375,-0.007310504959178843
,,,324,82.9449462890625,82.94580078125,82.94580078125,82.94477844238281,82.9516589525963,-0.0008544921875,-0.0008544921875,0.0001678466796875,-0.006712663533804175
,,,325,82.94397735595703,82.9449462890625,82.9449462890625,82.944091796875,82.94981426089791,-0.00096893310546875,-0.00096893310546875,-0.00011444091796875,-0.005836904940878185
,,,326,82.94319152832031,82.94397735595703,82.94397735595703,82.94300842285156,82.9476253011952,-0.00078582763671875,-0.00078582763671875,0.00018310546875,-0.004433772874889996
,,,327,82.94224548339844,82.94319152832031,82.94319152832031,82.9424057006836,82.94608281071659,-0.000946044921875,-0.000946044921875,-0.00016021728515625,-0.0038373273181520062
,,,328,82.94181060791016,82.94224548339844,82.94224548339844,82.94129943847656,82.94446702539445,-0.00043487548828125,-0.00043487548828125,0.00051116943359375,-0.0026564174842889088
,,,329,82.94205474853516,82.94181060791016,82.94181060791016,82.94137573242188,82.94360781981419,0.000244140625,0.000244140625,0.00067901611328125,-0.001553071279033702
,,,330,82.94290924072266,82.94205474853516,82.94205474853516,82.94229888916016,82.9435362442879,0.0008544921875,0.0008544921875,0.0006103515625,-0.0006270035652420347
,,,331,82.9438705444336,82.94290924072266,82.94290924072266,82.94376373291016,82.94432431812238,0.0009613037109375,0.0009613037109375,0.0001068115234375,-0.0004537736887897381
,,,332,82.9447250366211,82.9438705444336,82.9438705444336,82.94483184814453,82.9452699190035,0.0008544921875,0.0008544921875,-0.0001068115234375,-0.0005448823823996918
,,,333,82.94554138183594,82.9447250366211,82.9447250366211,82.9455795288086,82.94614151055542,0.00081634521484375,0.00081634521484375,-3.814697265625e-05,-0.0006001287194834504
,,,334,82.94624328613281,82.94554138183594,82.94554138183594,82.94635772705078,82.94696211188078,0.000701904296875,0.000701904296875,-0.00011444091796875,-0.0007188257479668891
,,,335,82.94677734375,82.94624328613281,82.94624328613281,82.94694519042969,82.947674364136,0.0005340576171875,0.0005340576171875,-0.0001678466796875,-0.00089702038600592
,,,336,82.94749450683594,82.94677734375,82.94677734375,82.94731140136719,82.94821746345279,0.0007171630859375,0.0007171630859375,0.00018310546875,-0.0007229566168547308
,,,337,82.94798278808594,82.94749450683594,82.94749450683594,82.94821166992188,82.9489402043979,0.00048828125,0.00048828125,-0.0002288818359375,-0.0009574163119623336
,,,338,82.94868469238281,82.94798278808594,82.94798278808594,82.94847106933594,82.94942119846095,0.000701904296875,0.000701904296875,0.000213623046875,-0.0007365060781410193
,,,339,82.94930267333984,82.94868469238281,82.94868469238281,82.94938659667969,82.95017105990514,0.00061798095703125,0.00061798095703125,-8.392333984375e-05,-0.0008683865653011935
,,,340,82.94975280761719,82.94930267333984,82.94930267333984,82.94992065429688,82.95076132537103,0.00045013427734375,0.00045013427734375,-0.0001678466796875,-0.0010085177538456946
,,,341,82.9504165649414,82.94975280761719,82.94975280761719,82.95020294189453,82.95127675622923,0.00066375732421875,0.00066375732421875,0.000213623046875,-0.0008601912878276607
,,,342,82.951171875,82.9504165649414,82.9504165649414,82.95108032226562,82.95190579486557,0.00075531005859375,0.00075531005859375,9.1552734375e-05,-0.0007339198655671453
,,,343,82.95172119140625,82.951171875,82.951171875,82.9519271850586,82.95266111203068,0.00054931640625,0.00054931640625,-0.00020599365234375,-0.0009399206244324887
,,,344,82.95264434814453,82.95172119140625,82.95172119140625,82.9522705078125,82.95316015582895,0.00092315673828125,0.00092315673828125,0.00037384033203125,-0.0005158076844224979
,,,345,82.95335388183594,82.95264434814453,82.95264434814453,82.95356750488281,82.95408178506719,0.00070953369140625,0.00070953369140625,-0.000213623046875,-0.0007279032312510481
,,,346,82.95404815673828,82.95335388183594,82.95335388183594,82.95406341552734,82.9547919666304,0.00069427490234375,0.00069427490234375,-1.52587890625e-05,-0.0007438098921142
,,,347,82.95462799072266,82.95404815673828,82.95404815673828,82.95474243164062,82.9555003208681,0.000579833984375,0.000579833984375,-0.00011444091796875,-0.0008723301454409693
,,,348,82.95556640625,82.95462799072266,82.95462799072266,82.95520782470703,82.95603682138545,0.00093841552734375,0.00093841552734375,0.00035858154296875,-0.000470415135453095
,,,349,82.95623779296875,82.95556640625,82.95556640625,82.95650482177734,82.9569307263714,0.00067138671875,0.00067138671875,-0.00026702880859375,-0.0006929334026466449
,,,350,82.95714569091797,82.95623779296875,82.95623779296875,82.9569091796875,82.9576020456365,0.00090789794921875,0.00090789794921875,0.00023651123046875,-0.0004563547185369998
,,,351,82.95803833007812,82.95714569091797,82.95714569091797,82.95805358886719,82.9585115253598,0.00089263916015625,0.00089263916015625,-1.52587890625e-05,-0.0004731952816712237
,,,352,82.95886993408203,82.95803833007812,82.95803833007812,82.95893096923828,82.95942175587999,0.00083160400390625,0.00083160400390625,-6.103515625e-05,-0.0005518217979556539
,,,353,82.95993041992188,82.95886993408203,82.95886993408203,82.95970153808594,82.96019833476461,0.00106048583984375,0.00106048583984375,0.0002288818359375,-0.00026791484273758215
,,,354,82.96097564697266,82.95993041992188,82.95993041992188,82.96099090576172,82.96128610419842,0.00104522705078125,0.00104522705078125,-1.52587890625e-05,-0.0003104572257655036
,,,355,82.96192169189453,82.96097564697266,82.96097564697266,82.96202087402344,82.96232723319815,0.000946044921875,0.000946044921875,-9.918212890625e-05,-0.0004055413036212485
,,,356,82.96317291259766,82.96192169189453,82.96192169189453,82.9628677368164,82.96330061089459,0.001251220703125,0.001251220703125,0.00030517578125,-0.0001276982969358187
,,,357,82.96427917480469,82.96317291259766,82.96317291259766,82.96442413330078,82.96456347085868,0.00110626220703125,0.00110626220703125,-0.00014495849609375,-0.000284296053990829
,,,358,82.96553039550781,82.96427917480469,82.96427917480469,82.96538543701172,82.9656517058233,0.001251220703125,0.001251220703125,0.00014495849609375,-0.00012131031549245108
,,,359,82.96660614013672,82.96553039550781,82.96553039550781,82.96678161621094,82.96692144581458,0.00107574462890625,0.00107574462890625,-0.00017547607421875,-0.00031530567785864605
,,,360,82.96782684326172,82.96660614013672,82.96660614013672,82.96768188476562,82.96796919996645,0.001220703125,0.001220703125,0.00014495849609375,-0.00014235670472828588
,,,361,82.96886444091797,82.96782684326172,82.96782684326172,82.96904754638672,82.96922193657905,0.00103759765625,0.00103759765625,-0.00018310546875,-0.00035749566107767805
,,,362,82.97027587890625,82.96886444091797,82.96886444091797,82.96990203857422,82.97024591227373,0.00141143798828125,0.00141143798828125,0.00037384033203125,2.9966632524747183e-05
,,,363,82.9713363647461,82.97027587890625,82.97027587890625,82.97168731689453,82.9715623680192,0.00106048583984375,0.00106048583984375,-0.0003509521484375,-0.00022600327311295132
,,,364,82.9724349975586,82.9713363647461,82.9713363647461,82.97239685058594,82.97264723614147,0.0010986328125,0.0010986328125,3.814697265625e-05,-0.00021223858287555686
,,,365,82.9738540649414,82.9724349975586,82.9724349975586,82.9735336303711,82.97382561084069,0.0014190673828125,0.0014190673828125,0.0003204345703125,2.8454100714725428e-05
,,,366,82.97525787353516,82.9738540649414,82.9738540649414,82.97527313232422,82.97527246166474,0.00140380859375,0.00140380859375,-1.52587890625e-05,-1.458812958787803e-05
,,,367,82.97650146484375,82.97525787353516,82.97525787353516,82.9766616821289,82.97664099957,0.00124359130859375,0.00124359130859375,-0.00016021728515625,-0.0001395347262445057
,,,368,82.9779052734375,82.97650146484375,82.97650146484375,82.97774505615234,82.97785374221614,0.00140380859375,0.00140380859375,0.00016021728515625,5.153122135936883e-05
,,,369,82.97930908203125,82.9779052734375,82.9779052734375,82.97930908203125,82.97927585178661,0.00140380859375,0.00140380859375,0.0,3.323024463952606e-05
,,,370,82.98064422607422,82.97930908203125,82.97930908203125,82.980712890625,82.98069034220832,0.00133514404296875,0.00133514404296875,-6.866455078125e-05,-4.611613410077098e-05
,,,371,82.9818115234375,82.98064422607422,82.98064422607422,82.98197937011719,82.98201222993148,0.00116729736328125,0.00116729736328125,-0.0001678466796875,-0.00020070649398462592
,,,372,82.98323059082031,82.9818115234375,82.9818115234375,82.98297882080078,82.98318188290281,0.0014190673828125,0.0014190673828125,0.00025177001953125,4.870791750022363e-05
,,,373,82.98435974121094,82.98323059082031,82.98323059082031,82.98464965820312,82.98462364301359,0.001129150390625,0.001129150390625,-0.0002899169921875,-0.0002639018026542317
,,,374,82.985595703125,82.98435974121094,82.98435974121094,82.98548889160156,82.98575668994755,0.0012359619140625,0.0012359619140625,0.0001068115234375,-0.0001609868225500577
,,,375,82.98707580566406,82.985595703125,82.985595703125,82.98683166503906,82.98704758521824,0.0014801025390625,0.0014801025390625,0.000244140625,2.822044582728722e-05
,,,376,82.98875427246094,82.98707580566406,82.98707580566406,82.98855590820312,82.98853429632544,0.001678466796875,0.001678466796875,0.0001983642578125,0.00021997613549729067
,,,377,82.99014282226562,82.98875427246094,82.98875427246094,82.99043273925781,82.99021979403354,0.0013885498046875,0.0013885498046875,-0.0002899169921875,-7.697176791054972e-05
,,,378,82.99134826660156,82.99014282226562,82.99014282226562,82.99153137207031,82.99160908205438,0.0012054443359375,0.0012054443359375,-0.00018310546875,-0.00026081545281897434
,,,379,82.9926986694336,82.99134826660156,82.99134826660156,82.9925537109375,82.99286621953547,0.00135040283203125,0.00135040283203125,0.00014495849609375,-0.00016755010187807784
,,,380,82.99407958984375,82.9926986694336,82.9926986694336,82.99404907226562,82.9941978466857,0.00138092041015625,0.00138092041015625,3.0517578125e-05,-0.00011825684194377573
,,,381,82.99552154541016,82.99407958984375,82.99407958984375,82.9954605102539,82.99554716449259,0.00144195556640625,0.00144195556640625,6.103515625e-05,-2.56190824359237e-05
,,,382,82.99688720703125,82.99552154541016,82.99552154541016,82.99696350097656,82.99700249984296,0.00136566162109375,0.00136566162109375,-7.62939453125e-05,-0.00011529281171362982
,,,383,82.99845123291016,82.99688720703125,82.99688720703125,82.99825286865234,82.99841381735929,0.00156402587890625,0.00156402587890625,0.0001983642578125,3.741555086378412e-05
,,,384,82.99977111816406,82.99845123291016,82.99845123291016,83.00001525878906,82.99998756509359,0.00131988525390625,0.00131988525390625,-0.000244140625,-0.0002164469295280469
,,,385,83.0012435913086,82.99977111816406,82.99977111816406,83.00109100341797,83.00128393491025,0.00147247314453125,0.00147247314453125,0.000152587890625,-4.034360165405815e-05
,,,386,83.0028076171875,83.0012435913086,83.0012435913086,83.00271606445312,83.00276239601763,0.00156402587890625,0.00156402587890625,9.1552734375e-05,4.522116987004665e-05
,,,387,83.00431823730469,83.0028076171875,83.0028076171875,83.0043716430664,83.00435677830865,0.0015106201171875,0.0015106201171875,-5.340576171875e-05,-3.854100395983551e-05
,,,388,83.00576782226562,83.00431823730469,83.00431823730469,83.00582885742188,83.00587678542115,0.0014495849609375,0.0014495849609375,-6.103515625e-05,-0.00010896315552599845
,,,389,83.00730895996094,83.00576782226562,83.00576782226562,83.00721740722656,83.00726918456438,0.0015411376953125,0.0015411376953125,9.1552734375e-05,3.977539655863893e-05
,,,390,83.00874328613281,83.00730895996094,83.00730895996094,83.00885009765625,83.00885090305546,0.001434326171875,0.001434326171875,-0.0001068115234375,-0.0001076169226479351
,,,391,83.01044464111328,83.00874328613281,83.00874328613281,83.01017761230469,83.01031561753393,0.00170135498046875,0.00170135498046875,0.00026702880859375,0.0001290235793476313
,,,392,83.0118637084961,83.01044464111328,83.01044464111328,83.01214599609375,83.01205979964242,0.0014190673828125,0.0014190673828125,-0.00028228759765625,-0.0001960911463214643
,,,393,83.01345825195312,83.0118637084961,83.0118637084961,83.0132827758789,83.01344667331227,0.00159454345703125,0.00159454345703125,0.00017547607421875,1.1578640851439559e-05
,,,394,83.01499938964844,83.01345825195312,83.01345825195312,83.01505279541016,83.01505205616981,0.0015411376953125,0.0015411376953125,-5.340576171875e-05,-5.26665213698152e-05
,,,395,83.01660919189453,83.01499938964844,83.01499938964844,83.01654052734375,83.01662874000317,0.00160980224609375,0.00160980224609375,6.866455078125e-05,-1.9548108639355632e-05
,,,396,83.01815795898438,83.01660919189453,83.01660919189453,83.01821899414062,83.0182533948929,0.00154876708984375,0.00154876708984375,-6.103515625e-05,-9.543590851990302e-05
,,,397,83.01972961425781,83.01815795898438,83.01815795898438,83.01970672607422,83.01977916473103,0.0015716552734375,0.0015716552734375,2.288818359375e-05,-4.9550473221415814e-05
,,,398,83.02135467529297,83.01972961425781,83.01972961425781,83.02130126953125,83.02136603373687,0.00162506103515625,0.00162506103515625,5.340576171875e-05,-1.1358443899212034e-05
,,,399,83.02326202392578,83.02135467529297,83.02135467529297,83.02297973632812,83.02308236613096,0.0019073486328125,0.0019073486328125,0.00028228759765625,0.00017965779481698974
,,,400,83.02489471435547,83.02326202392578,83.02326202392578,83.0251693725586,83.02497534536074,0.0016326904296875,0.0016326904296875,-0.000274658203125,-8.063100527522238e-05
,,,401,83.02647399902344,83.02489471435547,83.02489471435547,83.02652740478516,83.02663627562485,0.00157928466796875,0.00157928466796875,-5.340576171875e-05,-0.00016227660141510114
,,,402,83.02799987792969,83.02647399902344,83.02647399902344,83.0280532836914,83.02817874833345,0.00152587890625,0.00152587890625,-5.340576171875e-05,-0.00017887040375796914
,,,403,83.02947998046875,83.02799987792969,83.02799987792969,83.02952575683594,83.02972249781352,0.0014801025390625,0.0014801025390625,-4.57763671875e-05,-0.00024251734477331865
,,,404,83.03103637695312,83.02947998046875,83.02947998046875,83.03096008300781,83.03120535192507,0.001556396484375,0.001556396484375,7.62939453125e-05,-0.00016897497194179323
,,,405,83.03282165527344,83.03103637695312,83.03103637695312,83.0325927734375,83.03269922558822,0.0017852783203125,0.0017852783203125,0.0002288818359375,0.00012242968522002684
,,,406,83.03457641601562,83.03282165527344,83.03282165527344,83.03460693359375,83.03449055240519,0.0017547607421875,0.0017547607421875,-3.0517578125e-05,8.586361043683155e-05
,,,407,83.0361557006836,83.03457641601562,83.03457641601562,83.03633117675781,83.03632446638316,0.00157928466796875,0.00157928466796875,-0.00017547607421875,-0.00016876569956991716
,,,408,83.0377426147461,83.0361557006836,83.0361557006836,83.03773498535156,83.03790928599692,0.0015869140625,0.0015869140625,7.62939453125e-06,-0.0001666712508239243
,,,409,83.03955841064453,83.0377426147461,83.0377426147461,83.0393295288086,83.03954587821461,0.0018157958984375,0.0018157958984375,0.0002288818359375,1.2532429920497634e-05
,,,410,83.04122924804688,83.03955841064453,83.03955841064453,83.04137420654297,83.04134269943788,0.00167083740234375,0.00167083740234375,-0.00014495849609375,-0.00011345139100171764
,,,411,83.0428237915039,83.04122924804688,83.04122924804688,83.04290008544922,83.04300774269895,0.00159454345703125,0.00159454345703125,-7.62939453125e-05,-0.00018395119504077684
,,,412,83.04450225830078,83.0428237915039,83.0428237915039,83.04441833496094,83.04456726043117,0.001678466796875,0.001678466796875,8.392333984375e-05,-6.50021303840731e-05
,,,413,83.04618835449219,83.04450225830078,83.04450225830078,83.04618072509766,83.04624021800419,0.00168609619140625,0.00168609619140625,7.62939453125e-06,-5.186351199881756e-05
,,,414,83.04764556884766,83.04618835449219,83.04618835449219,83.0478744506836,83.04795838140679,0.00145721435546875,0.00145721435546875,-0.0002288818359375,-0.00031281255913029327
,,,415,83.04955291748047,83.04764556884766,83.04764556884766,83.04910278320312,83.04934153968999,0.0019073486328125,0.0019073486328125,0.00045013427734375,0.0002113777904781955
,,,416,83.05110168457031,83.04955291748047,83.04955291748047,83.05146026611328,83.05130598282902,0.00154876708984375,0.00154876708984375,-0.00035858154296875,-0.00020429825870849072
,,,417,83.05294799804688,83.05110168457031,83.05110168457031,83.05265045166016,83.05289938532788,0.0018463134765625,0.0018463134765625,0.00029754638671875,4.8612718998697346e-05
,,,418,83.05475616455078,83.05294799804688,83.05294799804688,83.05479431152344,83.05478783849948,0.00180816650390625,0.00180816650390625,-3.814697265625e-05,-3.1673948697630294e-05
,,,419,83.05648803710938,83.05475616455078,83.05475616455078,83.05656433105469,83.05654048020986,0.00173187255859375,0.00173187255859375,-7.62939453125e-05,-5.2443100486243566e-05
,,,420,83.0581283569336,83.05648803710938,83.05648803710938,83.05821990966797,83.05826926465983,0.00164031982421875,0.00164031982421875,-9.1552734375e-05,-0.00014090772623376324
,,,421,83.05988311767578,83.0581283569336,83.0581283569336,83.05976867675781,83.0599364327125,0.0017547607421875,0.0017547607421875,0.00011444091796875,-5.331503672323379e-05
,,,422,83.06158447265625,83.05988311767578,83.05988311767578,83.06163787841797,83.06166645274628,0.00170135498046875,0.00170135498046875,-5.340576171875e-05,-8.198009003024254e-05
,,,423,83.0632553100586,83.06158447265625,83.06158447265625,83.06328582763672,83.06339414256402,0.00167083740234375,0.00167083740234375,-3.0517578125e-05,-0.00013883250542789938
,,,424,83.06493377685547,83.0632553100586,83.0632553100586,83.06492614746094,83.06504844966496,0.001678466796875,0.001678466796875,7.62939453125e-06,-0.00011467280948807002
,,,425,83.06663513183594,83.06493377685547,83.06493377685547,83.06661224365234,83.06671857070809,0.00170135498046875,0.00170135498046875,2.288818359375e-05,-8.343887215289669e-05
,,,426,83.06829833984375,83.06663513183594,83.06663513183594,83.0683364868164,83.06839074135905,0.0016632080078125,0.0016632080078125,-3.814697265625e-05,-9.240151530320873e-05
,,,427,83.06996154785156,83.06829833984375,83.06829833984375,83.06996154785156,83.07009070391067,0.0016632080078125,0.0016632080078125,0.0,-0.00012915605910279737
,,,428,83.071533203125,83.06996154785156,83.06996154785156,83.07162475585938,83.07175293018541,0.0015716552734375,0.0015716552734375,-9.1552734375e-05,-0.000219727060411401
,,,429,83.0732421875,83.071533203125,83.071533203125,83.07310485839844,83.07327092176061,0.001708984375,0.001708984375,0.0001373291015625,-2.8734260610008278e-05
,,,430,83.07471466064453,83.0732421875,83.0732421875,83.074951171875,83.07500176838701,0.00147247314453125,0.00147247314453125,-0.00023651123046875,-0.00028710774247997506
,,,431,83.07623291015625,83.07471466064453,83.07471466064453,83.07618713378906,83.07650188969264,0.00151824951171875,0.00151824951171875,4.57763671875e-05,-0.0002689795363863823
,,,432,83.07798767089844,83.07623291015625,83.07623291015625,83.07775115966797,83.0780272981654,0.0017547607421875,0.0017547607421875,0.00023651123046875,-3.962726695760921e-05
,,,433,83.07968139648438,83.07798767089844,83.07798767089844,83.07974243164062,83.07970447335843,0.0016937255859375,0.0016937255859375,-6.103515625e-05,-2.3076874057892383e-05
,,,434,83.0812759399414,83.07968139648438,83.07968139648438,83.08137512207031,83.08140265603281,0.00159454345703125,0.00159454345703125,-9.918212890625e-05,-0.0001267160914011356
,,,435,83.08295440673828,83.0812759399414,83.0812759399414,83.08287048339844,83.08301705337254,0.001678466796875,0.001678466796875,8.392333984375e-05,-6.264663426236439e-05
,,,436,83.08450317382812,83.08295440673828,83.08295440673828,83.08463287353516,83.08471622631382,0.00154876708984375,0.00154876708984375,-0.00012969970703125,-0.00021305248569092328
,,,437,83.08612823486328,83.08450317382812,83.08450317382812,83.08605194091797,83.08627864898973,0.00162506103515625,0.00162506103515625,7.62939453125e-05,-0.00015041412645189212
,,,438,83.087646484375,83.08612823486328,83.08612823486328,83.08775329589844,83.08790750136491,0.00151824951171875,0.00151824951171875,-0.0001068115234375,-0.0002610169899099901
,,,439,83.08915710449219,83.087646484375,83.087646484375,83.08916473388672,83.08940914009318,0.0015106201171875,0.0015106201171875,-7.62939453125e-06,-0.0002520356009938496
,,,440,83.09081268310547,83.08915710449219,83.08915710449219,83.09066772460938,83.09091376682164,0.00165557861328125,0.00165557861328125,0.00014495849609375,-0.00010108371617434386
,,,441,83.09222412109375,83.09081268310547,83.09081268310547,83.09246826171875,83.09256958210722,0.00141143798828125,0.00141143798828125,-0.000244140625,-0.0003454610134667746
,,,442,83.09379577636719,83.09222412109375,83.09222412109375,83.09363555908203,83.09397033811116,0.0015716552734375,0.0015716552734375,0.00016021728515625,-0.00017456174397523228
,,,443,83.09513092041016,83.09379577636719,83.09379577636719,83.09536743164062,83.09556475203681,0.00133514404296875,0.00133514404296875,-0.00023651123046875,-0.00043383162665122654
,,,444,83.09642791748047,83.09513092041016,83.09513092041016,83.09646606445312,83.09691117330284,0.0012969970703125,0.0012969970703125,-3.814697265625e-05,-0.0004832558223739625
,,,445,83.09777069091797,83.09642791748047,83.09642791748047,83.09772491455078,83.0982252268413,0.0013427734375,0.0013427734375,4.57763671875e-05,-0.00045453592332478365
,,,446,83.0992431640625,83.09777069091797,83.09777069091797,83.09911346435547,83.0995521626065,0.00147247314453125,0.00147247314453125,0.00012969970703125,-0.00030899854399990545
,,,447,83.10069274902344,83.0992431640625,83.0992431640625,83.10071563720703,83.10098270214445,0.0014495849609375,0.0014495849609375,-2.288818359375e-05,-0.00028995312101187665
,,,448,83.10196685791016,83.10069274902344,83.10069274902344,83.10214233398438,83.10242533522138,0.00127410888671875,0.00127410888671875,-0.00017547607421875,-0.0004584773112270568
,,,449,83.1033935546875,83.10196685791016,83.10196685791016,83.10324096679688,83.10365644837695,0.00142669677734375,0.00142669677734375,0.000152587890625,-0.00026289368945242586
,,,450,83.1044692993164,83.1033935546875,83.1033935546875,83.10482025146484,83.1051057228856,0.00107574462890625,0.00107574462890625,-0.0003509521484375,-0.0006364235691904696
,,,451,83.10589599609375,83.1044692993164,83.1044692993164,83.10554504394531,83.1061764086522,0.00142669677734375,0.00142669677734375,0.0003509521484375,-0.00028041255845323576
,,,452,83.1073226928711,83.10589599609375,83.10589599609375,83.1073226928711,83.10759525616308,0.00142669677734375,0.00142669677734375,0.0,-0.00027256329198621643
,,,453,83.10855865478516,83.1073226928711,83.1073226928711,83.10874938964844,83.10900455703847,0.0012359619140625,0.0012359619140625,-0.00019073486328125,-0.0004459022533183088
,,,454,83.10972595214844,83.10855865478516,83.10855865478516,83.10979461669922,83.11023869529892,0.00116729736328125,0.00116729736328125,-6.866455078125e-05,-0.0005127431504803326
,,,455,83.11079406738281,83.10972595214844,83.10972595214844,83.11089324951172,83.11141664415447,0.001068115234375,0.001068115234375,-9.918212890625e-05,-0.0006225767716614428
,,,456,83.1120834350586,83.11079406738281,83.11079406738281,83.11186218261719,83.11246124387898,0.00128936767578125,0.00128936767578125,0.00022125244140625,-0.0003778088203887364
,,,457,83.11337280273438,83.1120834350586,83.1120834350586,83.11337280273438,83.11371840132092,0.00128936767578125,0.00128936767578125,0.0,-0.00034559858654859
,,,458,83.11449432373047,83.11337280273438,83.11337280273438,83.11466217041016,83.11502577007185,0.00112152099609375,0.00112152099609375,-0.0001678466796875,-0.0005314463413839121
,,,459,83.1156234741211,83.11449432373047,83.11449432373047,83.11561584472656,83.11618462381716,0.001129150390625,0.001129150390625,7.62939453125e-06,-0.0005611496960682416
,,,460,83.11666107177734,83.1156234741211,83.1156234741211,83.11675262451172,83.11729764803681,0.00103759765625,0.00103759765625,-9.1552734375e-05,-0.0006365762594668922
,,,461,83.11764526367188,83.11666107177734,83.11666107177734,83.1176986694336,83.11832634317615,0.00098419189453125,0.00098419189453125,-5.340576171875e-05,-0.000681079504275317
,,,462,83.11859893798828,83.11764526367188,83.11764526367188,83.1186294555664,83.11926259692976,0.00095367431640625,0.00095367431640625,-3.0517578125e-05,-0.0006636589414767968
,,,463,83.11958312988281,83.11859893798828,83.11859893798828,83.11955261230469,83.12015438580774,0.00098419189453125,0.00098419189453125,3.0517578125e-05,-0.0005712559249246851
,,,464,83.12075805664062,83.11958312988281,83.11958312988281,83.12056732177734,83.12119706266584,0.0011749267578125,0.0011749267578125,0.00019073486328125,-0.00043900602521773635
,,,465,83.12166595458984,83.12075805664062,83.12075805664062,83.12193298339844,83.12237697063532,0.00090789794921875,0.00090789794921875,-0.00026702880859375,-0.0007110160454715242
,,,466,83.12252807617188,83.12166595458984,83.12166595458984,83.12257385253906,83.12324209557501,0.00086212158203125,0.00086212158203125,-4.57763671875e-05,-0.0007140194031336478
,,,467,83.1233901977539,83.12252807617188,83.12252807617188,83.1233901977539,83.124044940576,0.00086212158203125,0.00086212158203125,0.0,-0.0006547428220926577
,,,468,83.1241455078125,83.1233901977539,83.1233901977539,83.12425231933594,83.12488360421081,0.00075531005859375,0.00075531005859375,-0.0001068115234375,-0.0007380963983081301
,,,469,83.12486267089844,83.1241455078125,83.1241455078125,83.1249008178711,83.1256847132597,0.0007171630859375,0.0007171630859375,-3.814697265625e-05,-0.0008220423612641525
,,,470,83.12570190429688,83.12486267089844,83.12486267089844,83.12557983398438,83.1263805466764,0.0008392333984375,0.0008392333984375,0.0001220703125,-0.0006786423795261953
,,,471,83.12667846679688,83.12570190429688,83.12570190429688,83.12654113769531,83.12723301883781,0.0009765625,0.0009765625,0.0001373291015625,-0.0005545520409384608
,,,472,83.12742614746094,83.12667846679688,83.12667846679688,83.12765502929688,83.12815127809172,0.0007476806640625,0.0007476806640625,-0.0002288818359375,-0.0007251306307836103
,,,473,83.1283950805664,83.12742614746094,83.12742614746094,83.128173828125,83.12884657480906,0.00096893310546875,0.00096893310546875,0.00022125244140625,-0.0004514942426538937
,,,474,83.1294174194336,83.1283950805664,83.1283950805664,83.12936401367188,83.12976270418532,0.0010223388671875,0.0010223388671875,5.340576171875e-05,-0.000345284751730901
,,,475,83.13008880615234,83.1294174194336,83.1294174194336,83.13043975830078,83.13082281245663,0.00067138671875,0.00067138671875,-0.0003509521484375,-0.0007340063042846623
,,,476,83.1309585571289,83.13008880615234,83.13008880615234,83.1307601928711,83.13144088141733,0.0008697509765625,0.0008697509765625,0.0001983642578125,-0.00048232428842709396
