x,AttackActive,CleanFuture_Pitch,AttackedFuture_Pitch,V9PredictedFuture_Pitch,Residual_Pitch,AbsResidual_Pitch,Threshold,PointDetectionFlag,WindowCount,RollingMeanAbsResidual,WindowCountFlag,WindowMeanFlag,WindowCombinedFlag,Baseline,AttackAxis,AttackType,WindowRule,PredictionFile,PredictionColumn
0.09996,0,0.0538220070302486,0.0538220070302486,0.0843465603455465,-0.030524553315297895,0.030524553315297895,0.009161,1,1.0,0.030524553315297895,0,1,1,baseline_01_hover,Pitch,pulse,W20_N5_mean1.5x,/home/tchowdh4/sensor_recovery_project/prediction_results_v9_trained_hybrid/baseline_01_hover_ATT_trained_hybrid_prediction_outputs.csv,Pitch_hybrid_prediction
0.19992,0,0.0538114830851554,0.0538114830851554,0.0780344445700723,-0.024222961484916906,0.024222961484916906,0.009161,1,2.0,0.0273737574001074,0,1,1,baseline_01_hover,Pitch,pulse,W20_N5_mean1.5x,/home/tchowdh4/sensor_recovery_project/prediction_results_v9_trained_hybrid/baseline_01_hover_ATT_trained_hybrid_prediction_outputs.csv,Pitch_hybrid_prediction
0.29988,0,0.0535954125225544,0.0535954125225544,0.0841145224143047,-0.0305191098917503,0.0305191098917503,0.009161,1,3.0,0.028422208230655038,0,1,1,baseline_01_hover,Pitch,pulse,W20_N5_mean1.5x,/home/tchowdh4/sensor_recovery_project/prediction_results_v9_trained_hybrid/baseline_01_hover_ATT_trained_hybrid_prediction_outputs.csv,Pitch_hybrid_prediction
0.39984,0,0.0538415908813476,0.0538415908813476,0.0815061224725264,-0.027664531591178793,0.027664531591178793,0.009161,1,4.0,0.028232789070785975,0,1,1,baseline_01_hover,Pitch,pulse,W20_N5_mean1.5x,/home/tchowdh4/sensor_recovery_project/prediction_results_v9_trained_hybrid/baseline_01_hover_ATT_trained_hybrid_prediction_outputs.csv,Pitch_hybrid_prediction
0.4998,0,0.0538353733718395,0.0538353733718395,0.0791238742664522,-0.025288500894612702,0.025288500894612702,0.009161,1,5.0,0.027643931435551317,1,1,1,baseline_01_hover,Pitch,pulse,W20_N5_mean1.5x,/home/tchowdh4/sensor_recovery_project/prediction_results_v9_trained_hybrid/baseline_01_hover_ATT_trained_hybrid_prediction_outputs.csv,Pitch_hybrid_prediction
0.59976,0,0.0542144514620304,0.0542144514620304,0.0800025191112161,-0.025788067649185703,0.025788067649185703,0.009161,1,6.0,0.027334620804490384,1,1,1,baseline_01_hover,Pitch,pulse,W20_N5_mean1.5x,/home/tchowdh4/sensor_recovery_project/prediction_results_v9_trained_hybrid/baseline_01_hover_ATT_trained_hybrid_prediction_outputs.csv,Pitch_hybrid_prediction
0.69972,0,0.0546420589089393,0.0546420589089393,0.0769266900556153,-0.022284631146675997,0.022284631146675997,0.009161,1,7.0,0.0266131937105169,1,1,1,baseline_01_hover,Pitch,pulse,W20_N5_mean1.5x,/home/tchowdh4/sensor_recovery_project/prediction_results_v9_trained_hybrid/baseline_01_hover_ATT_trained_hybrid_prediction_outputs.csv,Pitch_hybrid_prediction
0.79968,0,0.0553363263607025,0.0553363263607025,0.0895499186230886,-0.0342135922623861,0.0342135922623861,0.009161,1,8.0,0.02756324352950055,1,1,1,baseline_01_hover,Pitch,pulse,W20_N5_mean1.5x,/home/tchowdh4/sensor_recovery_project/prediction_results_v9_trained_hybrid/baseline_01_hover_ATT_trained_hybrid_prediction_outputs.csv,Pitch_hybrid_prediction
0.89964,0,0.0561366602778434,0.0561366602778434,0.0967118146584678,-0.0405751543806244,0.0405751543806244,0.009161,1,9.0,0.029009011401847647,1,1,1,baseline_01_hover,Pitch,pulse,W20_N5_mean1.5x,/home/tchowdh4/sensor_recovery_project/prediction_results_v9_trained_hybrid/baseline_01_hover_ATT_trained_hybrid_prediction_outputs.csv,Pitch_hybrid_prediction
0.9996,0,0.0570250265300273,0.0570250265300273,0.0936020710740368,-0.0365770445440095,0.0365770445440095,0.009161,1,10.0,0.02976581471606383,1,1,1,baseline_01_hover,Pitch,pulse,W20_N5_mean1.5x,/home/tchowdh4/sensor_recovery_project/prediction_results_v9_trained_hybrid/baseline_01_hover_ATT_trained_hybrid_prediction_outputs.csv,Pitch_hybrid_prediction
1.09956,0,0.0579220615327358,0.0579220615327358,0.0947692318948922,-0.0368471703621564,0.0368471703621564,0.009161,1,11.0,0.030409574320254065,1,1,1,baseline_01_hover,Pitch,pulse,W20_N5_mean1.5x,/home/tchowdh4/sensor_recovery_project/prediction_results_v9_trained_hybrid/baseline_01_hover_ATT_trained_hybrid_prediction_outputs.csv,Pitch_hybrid_prediction
1.19952,0,0.0589834377169609,0.0589834377169609,0.10239439302258,-0.043410955305619094,0.043410955305619094,0.009161,1,12.0,0.03149302273570115,1,1,1,baseline_01_hover,Pitch,pulse,W20_N5_mean1.5x,/home/tchowdh4/sensor_recovery_project/prediction_results_v9_trained_hybrid/baseline_01_hover_ATT_trained_hybrid_prediction_outputs.csv,Pitch_hybrid_prediction
1.29948,0,0.0602656565606594,0.0602656565606594,0.1012301049252959,-0.040964448364636495,0.040964448364636495,0.009161,1,13.0,0.032221593937926944,1,1,1,baseline_01_hover,Pitch,pulse,W20_N5_mean1.5x,/home/tchowdh4/sensor_recovery_project/prediction_results_v9_trained_hybrid/baseline_01_hover_ATT_trained_hybrid_prediction_outputs.csv,Pitch_hybrid_prediction
1.39944,0,0.0615334659814834,0.0615334659814834,0.1055585877531945,-0.044025121771711105,0.044025121771711105,0.009161,1,14.0,0.03306470306891153,1,1,1,baseline_01_hover,Pitch,pulse,W20_N5_mean1.5x,/home/tchowdh4/sensor_recovery_project/prediction_results_v9_trained_hybrid/baseline_01_hover_ATT_trained_hybrid_prediction_outputs.csv,Pitch_hybrid_prediction
1.4994,0,0.0629769340157508,0.0629769340157508,0.0966305987050452,-0.0336536646892944,0.0336536646892944,0.009161,1,15.0,0.03310396717693705,1,1,1,baseline_01_hover,Pitch,pulse,W20_N5_mean1.5x,/home/tchowdh4/sensor_recovery_project/prediction_results_v9_trained_hybrid/baseline_01_hover_ATT_trained_hybrid_prediction_outputs.csv,Pitch_hybrid_prediction
1.59936,0,0.0641855373978614,0.0641855373978614,0.0980211423560893,-0.033835604958227905,0.033835604958227905,0.009161,1,16.0,0.03314969453826773,1,1,1,baseline_01_hover,Pitch,pulse,W20_N5_mean1.5x,/home/tchowdh4/sensor_recovery_project/prediction_results_v9_trained_hybrid/baseline_01_hover_ATT_trained_hybrid_prediction_outputs.csv,Pitch_hybrid_prediction
1.69932,0,0.065811350941658,0.065811350941658,0.09640647879984,-0.030595127858181997,0.030595127858181997,0.009161,1,17.0,0.03299942591002739,1,1,1,baseline_01_hover,Pitch,pulse,W20_N5_mean1.5x,/home/tchowdh4/sensor_recovery_project/prediction_results_v9_trained_hybrid/baseline_01_hover_ATT_trained_hybrid_prediction_outputs.csv,Pitch_hybrid_prediction
1.79928,0,0.0672469213604927,0.0672469213604927,0.0923864512254751,-0.0251395298649824,0.0251395298649824,0.009161,1,18.0,0.032562765018636,1,1,1,baseline_01_hover,Pitch,pulse,W20_N5_mean1.5x,/home/tchowdh4/sensor_recovery_project/prediction_results_v9_trained_hybrid/baseline_01_hover_ATT_trained_hybrid_prediction_outputs.csv,Pitch_hybrid_prediction
1.89924,0,0.0687980204820633,0.0687980204820633,0.0946710088782665,-0.02587298839620321,0.02587298839620321,0.009161,1,19.0,0.032210671512192174,1,1,1,baseline_01_hover,Pitch,pulse,W20_N5_mean1.5x,/home/tchowdh4/sensor_recovery_project/prediction_results_v9_trained_hybrid/baseline_01_hover_ATT_trained_hybrid_prediction_outputs.csv,Pitch_hybrid_prediction
1.9992,0,0.0703821629285812,0.0703821629285812,0.0869687931258595,-0.01658663019727831,0.01658663019727831,0.009161,1,20.0,0.03142946944644648,1,1,1,baseline_01_hover,Pitch,pulse,W20_N5_mean1.5x,/home/tchowdh4/sensor_recovery_project/prediction_results_v9_trained_hybrid/baseline_01_hover_ATT_trained_hybrid_prediction_outputs.csv,Pitch_hybrid_prediction
2.099993,0,0.0720409974455833,0.0720409974455833,0.0923296451453073,-0.020288647699723994,0.020288647699723994,0.009161,1,20.0,0.030917674165667784,1,1,1,baseline_01_hover,Pitch,pulse,W20_N5_mean1.5x,/home/tchowdh4/sensor_recovery_project/prediction_results_v9_trained_hybrid/baseline_01_hover_ATT_trained_hybrid_prediction_outputs.csv,Pitch_hybrid_prediction
2.199953,0,0.073582723736763,0.073582723736763,0.0948698803645017,-0.021287156627738696,0.021287156627738696,0.009161,1,20.0,0.030770883922808877,1,1,1,baseline_01_hover,Pitch,pulse,W20_N5_mean1.5x,/home/tchowdh4/sensor_recovery_project/prediction_results_v9_trained_hybrid/baseline_01_hover_ATT_trained_hybrid_prediction_outputs.csv,Pitch_hybrid_prediction
2.299913,0,0.0752987489104271,0.0752987489104271,0.0856295278264709,-0.010330778916043809,0.010330778916043809,0.009161,1,20.0,0.029761467374023548,1,1,1,baseline_01_hover,Pitch,pulse,W20_N5_mean1.5x,/home/tchowdh4/sensor_recovery_project/prediction_results_v9_trained_hybrid/baseline_01_hover_ATT_trained_hybrid_prediction_outputs.csv,Pitch_hybrid_prediction
2.399873,0,0.0769079849123954,0.0769079849123954,0.0823460031162878,-0.005438018203892406,0.005438018203892406,0.009161,0,19.0,0.02865014170465923,1,1,1,baseline_01_hover,Pitch,pulse,W20_N5_mean1.5x,/home/tchowdh4/sensor_recovery_project/prediction_results_v9_trained_hybrid/baseline_01_hover_ATT_trained_hybrid_prediction_outputs.csv,Pitch_hybrid_prediction
2.499833,0,0.0786040872335434,0.0786040872335434,0.0835083689751189,-0.004904281741575506,0.004904281741575506,0.009161,0,18.0,0.02763093074700737,1,1,1,baseline_01_hover,Pitch,pulse,W20_N5_mean1.5x,/home/tchowdh4/sensor_recovery_project/prediction_results_v9_trained_hybrid/baseline_01_hover_ATT_trained_hybrid_prediction_outputs.csv,Pitch_hybrid_prediction
2.599793,0,0.0800502523779869,0.0800502523779869,0.0728907464188962,0.007159505959090692,0.007159505959090692,0.009161,0,17.0,0.026699502662502622,1,1,1,baseline_01_hover,Pitch,pulse,W20_N5_mean1.5x,/home/tchowdh4/sensor_recovery_project/prediction_results_v9_trained_hybrid/baseline_01_hover_ATT_trained_hybrid_prediction_outputs.csv,Pitch_hybrid_prediction
2.699753,0,0.0816594883799552,0.0816594883799552,0.0753702834877473,0.0062892048922078975,0.0062892048922078975,0.009161,0,16.0,0.02589973134977922,1,1,1,baseline_01_hover,Pitch,pulse,W20_N5_mean1.5x,/home/tchowdh4/sensor_recovery_project/prediction_results_v9_trained_hybrid/baseline_01_hover_ATT_trained_hybrid_prediction_outputs.csv,Pitch_hybrid_prediction
2.799713,0,0.0833446457982063,0.0833446457982063,0.0671407410959252,0.0162039047022811,0.0162039047022811,0.009161,1,16.0,0.024999246971773966,1,1,1,baseline_01_hover,Pitch,pulse,W20_N5_mean1.5x,/home/tchowdh4/sensor_recovery_project/prediction_results_v9_trained_hybrid/baseline_01_hover_ATT_trained_hybrid_prediction_outputs.csv,Pitch_hybrid_prediction
2.899673,0,0.0848091021180152,0.0848091021180152,0.0629399074326061,0.021869194685409113,0.021869194685409113,0.009161,1,16.0,0.024063948987013202,1,1,1,baseline_01_hover,Pitch,pulse,W20_N5_mean1.5x,/home/tchowdh4/sensor_recovery_project/prediction_results_v9_trained_hybrid/baseline_01_hover_ATT_trained_hybrid_prediction_outputs.csv,Pitch_hybrid_prediction
2.999633,0,0.0866373181343078,0.0866373181343078,0.0605847868170532,0.02605253131725461,0.02605253131725461,0.009161,1,16.0,0.023537723325675455,1,1,1,baseline_01_hover,Pitch,pulse,W20_N5_mean1.5x,/home/tchowdh4/sensor_recovery_project/prediction_results_v9_trained_hybrid/baseline_01_hover_ATT_trained_hybrid_prediction_outputs.csv,Pitch_hybrid_prediction
3.099593,0,0.0882308855652809,0.0882308855652809,0.0617665558398001,0.026464329725480802,0.026464329725480802,0.009161,1,16.0,0.023018581293841676,1,1,1,baseline_01_hover,Pitch,pulse,W20_N5_mean1.5x,/home/tchowdh4/sensor_recovery_project/prediction_results_v9_trained_hybrid/baseline_01_hover_ATT_trained_hybrid_prediction_outputs.csv,Pitch_hybrid_prediction
3.199553,0,0.0899186134338378,0.0899186134338378,0.055348574032773,0.034570039401064796,0.034570039401064796,0.009161,1,16.0,0.02257653549861396,1,1,1,baseline_01_hover,Pitch,pulse,W20_N5_mean1.5x,/home/tchowdh4/sensor_recovery_project/prediction_results_v9_trained_hybrid/baseline_01_hover_ATT_trained_hybrid_prediction_outputs.csv,Pitch_hybrid_prediction
3.299513,0,0.0915083140134811,0.0915083140134811,0.0559086065728333,0.0355997074406478,0.0355997074406478,0.009161,1,16.0,0.022308298452414527,1,1,1,baseline_01_hover,Pitch,pulse,W20_N5_mean1.5x,/home/tchowdh4/sensor_recovery_project/prediction_results_v9_trained_hybrid/baseline_01_hover_ATT_trained_hybrid_prediction_outputs.csv,Pitch_hybrid_prediction
3.399473,0,0.0931857973337173,0.0931857973337173,0.0593422828659954,0.03384351446772191,0.03384351446772191,0.009161,1,16.0,0.021799218087215067,1,1,1,baseline_01_hover,Pitch,pulse,W20_N5_mean1.5x,/home/tchowdh4/sensor_recovery_project/prediction_results_v9_trained_hybrid/baseline_01_hover_ATT_trained_hybrid_prediction_outputs.csv,Pitch_hybrid_prediction
3.499433,0,0.0951053276658058,0.0951053276658058,0.0525562398288696,0.0425490878369362,0.0425490878369362,0.009161,1,16.0,0.022243989244597157,1,1,1,baseline_01_hover,Pitch,pulse,W20_N5_mean1.5x,/home/tchowdh4/sensor_recovery_project/prediction_results_v9_trained_hybrid/baseline_01_hover_ATT_trained_hybrid_prediction_outputs.csv,Pitch_hybrid_prediction
3.599393,0,0.0967555940151214,0.0967555940151214,0.0581601563945808,0.0385954376205406,0.0385954376205406,0.009161,1,16.0,0.02248198087771279,1,1,1,baseline_01_hover,Pitch,pulse,W20_N5_mean1.5x,/home/tchowdh4/sensor_recovery_project/prediction_results_v9_trained_hybrid/baseline_01_hover_ATT_trained_hybrid_prediction_outputs.csv,Pitch_hybrid_prediction
3.699353,0,0.0982883721590042,0.0982883721590042,0.0561710040728342,0.04211736808617,0.04211736808617,0.009161,1,16.0,0.023058092889112192,1,1,1,baseline_01_hover,Pitch,pulse,W20_N5_mean1.5x,/home/tchowdh4/sensor_recovery_project/prediction_results_v9_trained_hybrid/baseline_01_hover_ATT_trained_hybrid_prediction_outputs.csv,Pitch_hybrid_prediction
3.799313,0,0.0998396500945091,0.0998396500945091,0.0553518545339025,0.0444877955606066,0.0444877955606066,0.009161,1,16.0,0.0240255061738934,1,1,1,baseline_01_hover,Pitch,pulse,W20_N5_mean1.5x,/home/tchowdh4/sensor_recovery_project/prediction_results_v9_trained_hybrid/baseline_01_hover_ATT_trained_hybrid_prediction_outputs.csv,Pitch_hybrid_prediction
3.899273,0,0.1013911291956901,0.1013911291956901,0.0669036595629392,0.0344874696327509,0.0344874696327509,0.009161,1,16.0,0.024456230235720786,1,1,1,baseline_01_hover,Pitch,pulse,W20_N5_mean1.5x,/home/tchowdh4/sensor_recovery_project/prediction_results_v9_trained_hybrid/baseline_01_hover_ATT_trained_hybrid_prediction_outputs.csv,Pitch_hybrid_prediction
3.999233,0,0.1027509346604347,0.1027509346604347,0.0642037083144131,0.03854722634602159,0.03854722634602159,0.009161,1,16.0,0.02555426004315795,1,1,1,baseline_01_hover,Pitch,pulse,W20_N5_mean1.5x,/home/tchowdh4/sensor_recovery_project/prediction_results_v9_trained_hybrid/baseline_01_hover_ATT_trained_hybrid_prediction_outputs.csv,Pitch_hybrid_prediction
4.099193,0,0.1045459806919097,0.1045459806919097,0.0718724090684451,0.03267357162346461,0.03267357162346461,0.009161,1,16.0,0.02617350623934498,1,1,1,baseline_01_hover,Pitch,pulse,W20_N5_mean1.5x,/home/tchowdh4/sensor_recovery_project/prediction_results_v9_trained_hybrid/baseline_01_hover_ATT_trained_hybrid_prediction_outputs.csv,Pitch_hybrid_prediction
4.199986,0,0.1063874959945678,0.1063874959945678,0.0744913115139605,0.0318961844806073,0.0318961844806073,0.009161,1,16.0,0.026703957631988413,1,1,1,baseline_01_hover,Pitch,pulse,W20_N5_mean1.5x,/home/tchowdh4/sensor_recovery_project/prediction_results_v9_trained_hybrid/baseline_01_hover_ATT_trained_hybrid_prediction_outputs.csv,Pitch_hybrid_prediction
4.299946,0,0.1083290949463844,0.1083290949463844,0.0753552633103726,0.03297383163601181,0.03297383163601181,0.009161,1,16.0,0.027836110267986814,1,1,1,baseline_01_hover,Pitch,pulse,W20_N5_mean1.5x,/home/tchowdh4/sensor_recovery_project/prediction_results_v9_trained_hybrid/baseline_01_hover_ATT_trained_hybrid_prediction_outputs.csv,Pitch_hybrid_prediction
4.399906,0,0.1100917011499404,0.1100917011499404,0.0755077185962275,0.034583982553712894,0.034583982553712894,0.009161,1,17.0,0.029293408485477835,1,1,1,baseline_01_hover,Pitch,pulse,W20_N5_mean1.5x,/home/tchowdh4/sensor_recovery_project/prediction_results_v9_trained_hybrid/baseline_01_hover_ATT_trained_hybrid_prediction_outputs.csv,Pitch_hybrid_prediction
4.499866,0,0.1117563918232917,0.1117563918232917,0.0705901828978585,0.0411662089254332,0.0411662089254332,0.009161,1,18.0,0.03110650484467072,1,1,1,baseline_01_hover,Pitch,pulse,W20_N5_mean1.5x,/home/tchowdh4/sensor_recovery_project/prediction_results_v9_trained_hybrid/baseline_01_hover_ATT_trained_hybrid_prediction_outputs.csv,Pitch_hybrid_prediction
4.599826,0,0.1134817451238632,0.1134817451238632,0.0696575079250952,0.043824237198768004,0.043824237198768004,0.009161,1,19.0,0.03293974140665459,1,1,1,baseline_01_hover,Pitch,pulse,W20_N5_mean1.5x,/home/tchowdh4/sensor_recovery_project/prediction_results_v9_trained_hybrid/baseline_01_hover_ATT_trained_hybrid_prediction_outputs.csv,Pitch_hybrid_prediction
4.699786,0,0.1150132939219474,0.1150132939219474,0.0718887771725703,0.04312451674937709,0.04312451674937709,0.009161,1,20.0,0.03478150699951305,1,1,1,baseline_01_hover,Pitch,pulse,W20_N5_mean1.5x,/home/tchowdh4/sensor_recovery_project/prediction_results_v9_trained_hybrid/baseline_01_hover_ATT_trained_hybrid_prediction_outputs.csv,Pitch_hybrid_prediction
4.799746,0,0.1166994720697403,0.1166994720697403,0.0697376084593413,0.046961863610399,0.046961863610399,0.009161,1,20.0,0.03631940494491894,1,1,1,baseline_01_hover,Pitch,pulse,W20_N5_mean1.5x,/home/tchowdh4/sensor_recovery_project/prediction_results_v9_trained_hybrid/baseline_01_hover_ATT_trained_hybrid_prediction_outputs.csv,Pitch_hybrid_prediction
4.899706,0,0.1186256930232048,0.1186256930232048,0.0860118214551442,0.0326138715680606,0.0326138715680606,0.009161,1,20.0,0.036856638789051516,1,1,1,baseline_01_hover,Pitch,pulse,W20_N5_mean1.5x,/home/tchowdh4/sensor_recovery_project/prediction_results_v9_trained_hybrid/baseline_01_hover_ATT_trained_hybrid_prediction_outputs.csv,Pitch_hybrid_prediction
4.999666,0,0.1204122528433799,0.1204122528433799,0.0908494755808722,0.02956277726250771,0.02956277726250771,0.009161,1,20.0,0.03703215108631417,1,1,1,baseline_01_hover,Pitch,pulse,W20_N5_mean1.5x,/home/tchowdh4/sensor_recovery_project/prediction_results_v9_trained_hybrid/baseline_01_hover_ATT_trained_hybrid_prediction_outputs.csv,Pitch_hybrid_prediction
5.099626,0,0.1221190690994262,0.1221190690994262,0.0898838851708775,0.0322351839285487,0.0322351839285487,0.009161,1,20.0,0.03732069379646756,1,1,1,baseline_01_hover,Pitch,pulse,W20_N5_mean1.5x,/home/tchowdh4/sensor_recovery_project/prediction_results_v9_trained_hybrid/baseline_01_hover_ATT_trained_hybrid_prediction_outputs.csv,Pitch_hybrid_prediction
5.199586,0,0.1239751279354095,0.1239751279354095,0.0927656383345436,0.031209489600865906,0.031209489600865906,0.009161,1,20.0,0.037152666306457624,1,1,1,baseline_01_hover,Pitch,pulse,W20_N5_mean1.5x,/home/tchowdh4/sensor_recovery_project/prediction_results_v9_trained_hybrid/baseline_01_hover_ATT_trained_hybrid_prediction_outputs.csv,Pitch_hybrid_prediction
5.299546,0,0.1256539672613144,0.1256539672613144,0.0950209625020768,0.030633004759237595,0.030633004759237595,0.009161,1,20.0,0.03690433117238711,1,1,1,baseline_01_hover,Pitch,pulse,W20_N5_mean1.5x,/home/tchowdh4/sensor_recovery_project/prediction_results_v9_trained_hybrid/baseline_01_hover_ATT_trained_hybrid_prediction_outputs.csv,Pitch_hybrid_prediction
5.399506,0,0.1273064315319061,0.1273064315319061,0.0832981819944327,0.0440082495374734,0.0440082495374734,0.009161,1,20.0,0.03741256792587468,1,1,1,baseline_01_hover,Pitch,pulse,W20_N5_mean1.5x,/home/tchowdh4/sensor_recovery_project/prediction_results_v9_trained_hybrid/baseline_01_hover_ATT_trained_hybrid_prediction_outputs.csv,Pitch_hybrid_prediction
5.499466,0,0.1291412562131881,0.1291412562131881,0.0853986075027382,0.04374264871044989,0.04374264871044989,0.009161,1,20.0,0.03747224596955037,1,1,1,baseline_01_hover,Pitch,pulse,W20_N5_mean1.5x,/home/tchowdh4/sensor_recovery_project/prediction_results_v9_trained_hybrid/baseline_01_hover_ATT_trained_hybrid_prediction_outputs.csv,Pitch_hybrid_prediction
5.599426,0,0.1306952983140945,0.1306952983140945,0.086842677876418,0.04385262043767649,0.04385262043767649,0.009161,1,20.0,0.03773510511040716,1,1,1,baseline_01_hover,Pitch,pulse,W20_N5_mean1.5x,/home/tchowdh4/sensor_recovery_project/prediction_results_v9_trained_hybrid/baseline_01_hover_ATT_trained_hybrid_prediction_outputs.csv,Pitch_hybrid_prediction
5.699386,0,0.1326072067022323,0.1326072067022323,0.0847483459147556,0.04785886078747671,0.04785886078747671,0.009161,1,20.0,0.03802217974547249,1,1,1,baseline_01_hover,Pitch,pulse,W20_N5_mean1.5x,/home/tchowdh4/sensor_recovery_project/prediction_results_v9_trained_hybrid/baseline_01_hover_ATT_trained_hybrid_prediction_outputs.csv,Pitch_hybrid_prediction
5.799346,0,0.1342694014310836,0.1342694014310836,0.0842014959373338,0.0500679054937498,0.0500679054937498,0.009161,1,20.0,0.03830118524212966,1,1,1,baseline_01_hover,Pitch,pulse,W20_N5_mean1.5x,/home/tchowdh4/sensor_recovery_project/prediction_results_v9_trained_hybrid/baseline_01_hover_ATT_trained_hybrid_prediction_outputs.csv,Pitch_hybrid_prediction
5.899306,0,0.1359800547361374,0.1359800547361374,0.0838988732175375,0.05208118151859989,0.05208118151859989,0.009161,1,20.0,0.03918087083642211,1,1,1,baseline_01_hover,Pitch,pulse,W20_N5_mean1.5x,/home/tchowdh4/sensor_recovery_project/prediction_results_v9_trained_hybrid/baseline_01_hover_ATT_trained_hybrid_prediction_outputs.csv,Pitch_hybrid_prediction
5.999266,0,0.1374413818120956,0.1374413818120956,0.0789695216274849,0.05847186018461069,0.05847186018461069,0.009161,1,20.0,0.04017710252835156,1,1,1,baseline_01_hover,Pitch,pulse,W20_N5_mean1.5x,/home/tchowdh4/sensor_recovery_project/prediction_results_v9_trained_hybrid/baseline_01_hover_ATT_trained_hybrid_prediction_outputs.csv,Pitch_hybrid_prediction
6.099226,0,0.1389594972133636,0.1389594972133636,0.0856659087603101,0.053293588453053486,0.053293588453053486,0.009161,1,20.0,0.04120810336983101,1,1,1,baseline_01_hover,Pitch,pulse,W20_N5_mean1.5x,/home/tchowdh4/sensor_recovery_project/prediction_results_v9_trained_hybrid/baseline_01_hover_ATT_trained_hybrid_prediction_outputs.csv,Pitch_hybrid_prediction
6.200019,0,0.1405198723077774,0.1405198723077774,0.0823111436395447,0.058208728668232707,0.058208728668232707,0.009161,1,20.0,0.04252373057921228,1,1,1,baseline_01_hover,Pitch,pulse,W20_N5_mean1.5x,/home/tchowdh4/sensor_recovery_project/prediction_results_v9_trained_hybrid/baseline_01_hover_ATT_trained_hybrid_prediction_outputs.csv,Pitch_hybrid_prediction
6.299979,0,0.1419187933206558,0.1419187933206558,0.0808814418675941,0.06103735145306169,0.06103735145306169,0.009161,1,20.0,0.043926906570064775,1,1,1,baseline_01_hover,Pitch,pulse,W20_N5_mean1.5x,/home/tchowdh4/sensor_recovery_project/prediction_results_v9_trained_hybrid/baseline_01_hover_ATT_trained_hybrid_prediction_outputs.csv,Pitch_hybrid_prediction
6.399939,0,0.1433263570070266,0.1433263570070266,0.0824079468585803,0.06091841014844629,0.06091841014844629,0.009161,1,20.0,0.04524362794980145,1,1,1,baseline_01_hover,Pitch,pulse,W20_N5_mean1.5x,/home/tchowdh4/sensor_recovery_project/prediction_results_v9_trained_hybrid/baseline_01_hover_ATT_trained_hybrid_prediction_outputs.csv,Pitch_hybrid_prediction
6.499899,0,0.144694983959198,0.144694983959198,0.079599325714107,0.065095658245091,0.065095658245091,0.009161,1,20.0,0.046440100415784336,1,1,1,baseline_01_hover,Pitch,pulse,W20_N5_mean1.5x,/home/tchowdh4/sensor_recovery_project/prediction_results_v9_trained_hybrid/baseline_01_hover_ATT_trained_hybrid_prediction_outputs.csv,Pitch_hybrid_prediction
6.599859,0,0.1462216228246688,0.1462216228246688,0.0699867985630028,0.076234824261666,0.076234824261666,0.009161,1,20.0,0.04806062976892923,1,1,1,baseline_01_hover,Pitch,pulse,W20_N5_mean1.5x,/home/tchowdh4/sensor_recovery_project/prediction_results_v9_trained_hybrid/baseline_01_hover_ATT_trained_hybrid_prediction_outputs.csv,Pitch_hybrid_prediction
6.699819,0,0.1475170701742172,0.1475170701742172,0.0719904208333688,0.07552664934084839,0.07552664934084839,0.009161,1,20.0,0.049680736398502796,1,1,1,baseline_01_hover,Pitch,pulse,W20_N5_mean1.5x,/home/tchowdh4/sensor_recovery_project/prediction_results_v9_trained_hybrid/baseline_01_hover_ATT_trained_hybrid_prediction_outputs.csv,Pitch_hybrid_prediction
6.799779,0,0.1486002057790756,0.1486002057790756,0.0748656013377454,0.07373460444133019,0.07373460444133019,0.009161,1,20.0,0.05101937344004935,1,1,1,baseline_01_hover,Pitch,pulse,W20_N5_mean1.5x,/home/tchowdh4/sensor_recovery_project/prediction_results_v9_trained_hybrid/baseline_01_hover_ATT_trained_hybrid_prediction_outputs.csv,Pitch_hybrid_prediction
6.899739,0,0.14988774061203,0.14988774061203,0.0702415744312125,0.0796461661808175,0.0796461661808175,0.009161,1,20.0,0.05337098817068721,1,1,1,baseline_01_hover,Pitch,pulse,W20_N5_mean1.5x,/home/tchowdh4/sensor_recovery_project/prediction_results_v9_trained_hybrid/baseline_01_hover_ATT_trained_hybrid_prediction_outputs.csv,Pitch_hybrid_prediction
6.999699,0,0.1510838270187378,0.1510838270187378,0.0823559119810415,0.06872791503769629,0.06872791503769629,0.009161,1,20.0,0.05532924505944663,1,1,1,baseline_01_hover,Pitch,pulse,W20_N5_mean1.5x,/home/tchowdh4/sensor_recovery_project/prediction_results_v9_trained_hybrid/baseline_01_hover_ATT_trained_hybrid_prediction_outputs.csv,Pitch_hybrid_prediction
7.099659,0,0.1521832048892974,0.1521832048892974,0.0777363404372066,0.0744468644520908,0.0744468644520908,0.009161,1,20.0,0.05743982908562374,1,1,1,baseline_01_hover,Pitch,pulse,W20_N5_mean1.5x,/home/tchowdh4/sensor_recovery_project/prediction_results_v9_trained_hybrid/baseline_01_hover_ATT_trained_hybrid_prediction_outputs.csv,Pitch_hybrid_prediction
7.199619,0,0.1532688736915588,0.1532688736915588,0.0813656210502014,0.07190325264135741,0.07190325264135741,0.009161,1,20.0,0.059474517237648315,1,1,1,baseline_01_hover,Pitch,pulse,W20_N5_mean1.5x,/home/tchowdh4/sensor_recovery_project/prediction_results_v9_trained_hybrid/baseline_01_hover_ATT_trained_hybrid_prediction_outputs.csv,Pitch_hybrid_prediction
7.299579,0,0.1542998552322387,0.1542998552322387,0.0775666636563808,0.07673319157585788,0.07673319157585788,0.009161,1,20.0,0.06177952657847933,1,1,1,baseline_01_hover,Pitch,pulse,W20_N5_mean1.5x,/home/tchowdh4/sensor_recovery_project/prediction_results_v9_trained_hybrid/baseline_01_hover_ATT_trained_hybrid_prediction_outputs.csv,Pitch_hybrid_prediction
7.399539,0,0.1551330983638763,0.1551330983638763,0.0829343926996469,0.07219870566422938,0.07219870566422938,0.009161,1,20.0,0.06318904938481713,1,1,1,baseline_01_hover,Pitch,pulse,W20_N5_mean1.5x,/home/tchowdh4/sensor_recovery_project/prediction_results_v9_trained_hybrid/baseline_01_hover_ATT_trained_hybrid_prediction_outputs.csv,Pitch_hybrid_prediction
7.499499,0,0.1561440527439117,0.1561440527439117,0.0907475528480213,0.06539649989589039,0.06539649989589039,0.009161,1,20.0,0.06427174194408915,1,1,1,baseline_01_hover,Pitch,pulse,W20_N5_mean1.5x,/home/tchowdh4/sensor_recovery_project/prediction_results_v9_trained_hybrid/baseline_01_hover_ATT_trained_hybrid_prediction_outputs.csv,Pitch_hybrid_prediction
7.599459,0,0.1569968312978744,0.1569968312978744,0.1022928331660646,0.05470399813180979,0.05470399813180979,0.009161,1,20.0,0.06481431082879581,1,1,1,baseline_01_hover,Pitch,pulse,W20_N5_mean1.5x,/home/tchowdh4/sensor_recovery_project/prediction_results_v9_trained_hybrid/baseline_01_hover_ATT_trained_hybrid_prediction_outputs.csv,Pitch_hybrid_prediction
7.699419,0,0.157830074429512,0.157830074429512,0.1042339299091988,0.053596144520313194,0.053596144520313194,0.009161,1,20.0,0.06510117501543763,1,1,1,baseline_01_hover,Pitch,pulse,W20_N5_mean1.5x,/home/tchowdh4/sensor_recovery_project/prediction_results_v9_trained_hybrid/baseline_01_hover_ATT_trained_hybrid_prediction_outputs.csv,Pitch_hybrid_prediction
7.799379,0,0.1585872620344162,0.1585872620344162,0.1038074598216004,0.054779802212815795,0.054779802212815795,0.009161,1,20.0,0.06533676985139095,1,1,1,baseline_01_hover,Pitch,pulse,W20_N5_mean1.5x,/home/tchowdh4/sensor_recovery_project/prediction_results_v9_trained_hybrid/baseline_01_hover_ATT_trained_hybrid_prediction_outputs.csv,Pitch_hybrid_prediction
7.899339,0,0.1592215597629547,0.1592215597629547,0.1068683172005287,0.05235324256242602,0.05235324256242602,0.009161,1,20.0,0.06535037290358224,1,1,1,baseline_01_hover,Pitch,pulse,W20_N5_mean1.5x,/home/tchowdh4/sensor_recovery_project/prediction_results_v9_trained_hybrid/baseline_01_hover_ATT_trained_hybrid_prediction_outputs.csv,Pitch_hybrid_prediction
7.999299,0,0.1597652584314346,0.1597652584314346,0.1057776491603404,0.05398760927109421,0.05398760927109421,0.009161,1,20.0,0.06512616035790642,1,1,1,baseline_01_hover,Pitch,pulse,W20_N5_mean1.5x,/home/tchowdh4/sensor_recovery_project/prediction_results_v9_trained_hybrid/baseline_01_hover_ATT_trained_hybrid_prediction_outputs.csv,Pitch_hybrid_prediction
8.099259,0,0.1601645350456237,0.1601645350456237,0.0956600974264033,0.0645044376192204,0.0645044376192204,0.009161,1,20.0,0.06568670281621478,1,1,1,baseline_01_hover,Pitch,pulse,W20_N5_mean1.5x,/home/tchowdh4/sensor_recovery_project/prediction_results_v9_trained_hybrid/baseline_01_hover_ATT_trained_hybrid_prediction_outputs.csv,Pitch_hybrid_prediction
8.199219,0,0.1605650186538696,0.1605650186538696,0.0926092413710766,0.067955777282793,0.067955777282793,0.009161,1,20.0,0.06617405524694278,1,1,1,baseline_01_hover,Pitch,pulse,W20_N5_mean1.5x,/home/tchowdh4/sensor_recovery_project/prediction_results_v9_trained_hybrid/baseline_01_hover_ATT_trained_hybrid_prediction_outputs.csv,Pitch_hybrid_prediction
8.300012,0,0.1607885509729385,0.1607885509729385,0.0895875635672767,0.0712009874056618,0.0712009874056618,0.009161,1,20.0,0.0666822370445728,1,1,1,baseline_01_hover,Pitch,pulse,W20_N5_mean1.5x,/home/tchowdh4/sensor_recovery_project/prediction_results_v9_trained_hybrid/baseline_01_hover_ATT_trained_hybrid_prediction_outputs.csv,Pitch_hybrid_prediction
8.399972,0,0.0517491102218627,0.0517491102218627,0.0898481396282847,-0.03809902940642199,0.03809902940642199,0.009161,1,20.0,0.06554126800747156,1,1,1,baseline_01_hover,Pitch,pulse,W20_N5_mean1.5x,/home/tchowdh4/sensor_recovery_project/prediction_results_v9_trained_hybrid/baseline_01_hover_ATT_trained_hybrid_prediction_outputs.csv,Pitch_hybrid_prediction
8.499932,0,-0.1144773662090301,-0.1144773662090301,0.0923704997258937,-0.2068478659349238,0.2068478659349238,0.009161,1,20.0,0.07262887839196322,1,1,1,baseline_01_hover,Pitch,pulse,W20_N5_mean1.5x,/home/tchowdh4/sensor_recovery_project/prediction_results_v9_trained_hybrid/baseline_01_hover_ATT_trained_hybrid_prediction_outputs.csv,Pitch_hybrid_prediction
8.599892,0,-0.2106904238462448,-0.2106904238462448,0.094260934325874,-0.3049513581721188,0.3049513581721188,0.009161,1,20.0,0.08406470508748584,1,1,1,baseline_01_hover,Pitch,pulse,W20_N5_mean1.5x,/home/tchowdh4/sensor_recovery_project/prediction_results_v9_trained_hybrid/baseline_01_hover_ATT_trained_hybrid_prediction_outputs.csv,Pitch_hybrid_prediction
8.699852,0,-0.2397519201040268,-0.2397519201040268,0.0958747760569796,-0.3356266961610064,0.3356266961610064,0.009161,1,20.0,0.09706970742849375,1,1,1,baseline_01_hover,Pitch,pulse,W20_N5_mean1.5x,/home/tchowdh4/sensor_recovery_project/prediction_results_v9_trained_hybrid/baseline_01_hover_ATT_trained_hybrid_prediction_outputs.csv,Pitch_hybrid_prediction
8.799812,0,-0.2077695429325103,-0.2077695429325103,0.0961060825932031,-0.3038756255257134,0.3038756255257134,0.009161,1,20.0,0.1085767584827129,1,1,1,baseline_01_hover,Pitch,pulse,W20_N5_mean1.5x,/home/tchowdh4/sensor_recovery_project/prediction_results_v9_trained_hybrid/baseline_01_hover_ATT_trained_hybrid_prediction_outputs.csv,Pitch_hybrid_prediction
8.899772,0,-0.1374977827072143,-0.1374977827072143,0.095418206161411,-0.2329159888686253,0.2329159888686253,0.009161,1,20.0,0.1162402496171033,1,1,1,baseline_01_hover,Pitch,pulse,W20_N5_mean1.5x,/home/tchowdh4/sensor_recovery_project/prediction_results_v9_trained_hybrid/baseline_01_hover_ATT_trained_hybrid_prediction_outputs.csv,Pitch_hybrid_prediction
8.999732,0,-0.0418935939669609,-0.0418935939669609,0.0858417594793976,-0.1277353534463585,0.1277353534463585,0.009161,1,20.0,0.11919062153753641,1,1,1,baseline_01_hover,Pitch,pulse,W20_N5_mean1.5x,/home/tchowdh4/sensor_recovery_project/prediction_results_v9_trained_hybrid/baseline_01_hover_ATT_trained_hybrid_prediction_outputs.csv,Pitch_hybrid_prediction
9.099692,0,0.0586913041770458,0.0586913041770458,0.0828547544620282,-0.024163450284982395,0.024163450284982395,0.009161,1,20.0,0.11667645082918099,1,1,1,baseline_01_hover,Pitch,pulse,W20_N5_mean1.5x,/home/tchowdh4/sensor_recovery_project/prediction_results_v9_trained_hybrid/baseline_01_hover_ATT_trained_hybrid_prediction_outputs.csv,Pitch_hybrid_prediction
9.199652,0,0.1283701956272125,0.1283701956272125,0.0821341407847651,0.0462360548424474,0.0462360548424474,0.009161,1,20.0,0.11539309093923548,1,1,1,baseline_01_hover,Pitch,pulse,W20_N5_mean1.5x,/home/tchowdh4/sensor_recovery_project/prediction_results_v9_trained_hybrid/baseline_01_hover_ATT_trained_hybrid_prediction_outputs.csv,Pitch_hybrid_prediction
9.299612,0,0.182714968919754,0.182714968919754,0.0828883158399946,0.0998266530797594,0.0998266530797594,0.009161,1,20.0,0.11654776401443057,1,1,1,baseline_01_hover,Pitch,pulse,W20_N5_mean1.5x,/home/tchowdh4/sensor_recovery_project/prediction_results_v9_trained_hybrid/baseline_01_hover_ATT_trained_hybrid_prediction_outputs.csv,Pitch_hybrid_prediction
9.399572,0,0.2352164089679718,0.2352164089679718,0.0824400613550024,0.1527763476129694,0.1527763476129694,0.009161,1,20.0,0.12057664611186755,1,1,1,baseline_01_hover,Pitch,pulse,W20_N5_mean1.5x,/home/tchowdh4/sensor_recovery_project/prediction_results_v9_trained_hybrid/baseline_01_hover_ATT_trained_hybrid_prediction_outputs.csv,Pitch_hybrid_prediction
9.499532,0,0.2731184065341949,0.2731184065341949,0.0827083732787327,0.19041003325546219,0.19041003325546219,0.009161,1,20.0,0.12682732277984615,1,1,1,baseline_01_hover,Pitch,pulse,W20_N5_mean1.5x,/home/tchowdh4/sensor_recovery_project/prediction_results_v9_trained_hybrid/baseline_01_hover_ATT_trained_hybrid_prediction_outputs.csv,Pitch_hybrid_prediction
9.599492,0,0.2955410182476043,0.2955410182476043,0.0821056691673175,0.21343534908028683,0.21343534908028683,0.009161,1,20.0,0.13476389032727001,1,1,1,baseline_01_hover,Pitch,pulse,W20_N5_mean1.5x,/home/tchowdh4/sensor_recovery_project/prediction_results_v9_trained_hybrid/baseline_01_hover_ATT_trained_hybrid_prediction_outputs.csv,Pitch_hybrid_prediction
9.699452,0,0.3088510036468506,0.3088510036468506,0.0833665768256411,0.2254844268212095,0.2254844268212095,0.009161,1,20.0,0.14335830444231484,1,1,1,baseline_01_hover,Pitch,pulse,W20_N5_mean1.5x,/home/tchowdh4/sensor_recovery_project/prediction_results_v9_trained_hybrid/baseline_01_hover_ATT_trained_hybrid_prediction_outputs.csv,Pitch_hybrid_prediction
9.799412,0,0.3059999048709869,0.3059999048709869,0.0874168538106979,0.21858305106028897,0.21858305106028897,0.009161,1,20.0,0.15154846688468848,1,1,1,baseline_01_hover,Pitch,pulse,W20_N5_mean1.5x,/home/tchowdh4/sensor_recovery_project/prediction_results_v9_trained_hybrid/baseline_01_hover_ATT_trained_hybrid_prediction_outputs.csv,Pitch_hybrid_prediction
9.899372,0,0.3041835427284241,0.3041835427284241,0.0898359800600974,0.21434756266832666,0.21434756266832666,0.009161,1,20.0,0.15964818288998353,1,1,1,baseline_01_hover,Pitch,pulse,W20_N5_mean1.5x,/home/tchowdh4/sensor_recovery_project/prediction_results_v9_trained_hybrid/baseline_01_hover_ATT_trained_hybrid_prediction_outputs.csv,Pitch_hybrid_prediction
9.999332,0,0.2933149039745331,0.2933149039745331,0.0876474924800521,0.20566741149448098,0.20566741149448098,0.009161,1,20.0,0.16723217300115287,1,1,1,baseline_01_hover,Pitch,pulse,W20_N5_mean1.5x,/home/tchowdh4/sensor_recovery_project/prediction_results_v9_trained_hybrid/baseline_01_hover_ATT_trained_hybrid_prediction_outputs.csv,Pitch_hybrid_prediction
10.099292,0,0.2848092913627624,0.2848092913627624,0.0861444190647565,0.1986648722980059,0.1986648722980059,0.009161,1,20.0,0.17394019473509215,1,1,1,baseline_01_hover,Pitch,pulse,W20_N5_mean1.5x,/home/tchowdh4/sensor_recovery_project/prediction_results_v9_trained_hybrid/baseline_01_hover_ATT_trained_hybrid_prediction_outputs.csv,Pitch_hybrid_prediction
10.199252,0,0.2776425182819366,0.2776425182819366,0.0843792769017958,0.19326324138014078,0.19326324138014078,0.009161,1,20.0,0.1802055679399595,1,1,1,baseline_01_hover,Pitch,pulse,W20_N5_mean1.5x,/home/tchowdh4/sensor_recovery_project/prediction_results_v9_trained_hybrid/baseline_01_hover_ATT_trained_hybrid_prediction_outputs.csv,Pitch_hybrid_prediction
10.299212,0,0.2733871340751648,0.2733871340751648,0.0848266770756288,0.188560456999536,0.188560456999536,0.009161,1,20.0,0.1860735414196532,1,1,1,baseline_01_hover,Pitch,pulse,W20_N5_mean1.5x,/home/tchowdh4/sensor_recovery_project/prediction_results_v9_trained_hybrid/baseline_01_hover_ATT_trained_hybrid_prediction_outputs.csv,Pitch_hybrid_prediction
10.400005,0,0.261837750673294,0.261837750673294,0.0839625475923635,0.17787520308093052,0.17787520308093052,0.009161,1,20.0,0.19306235010337863,1,1,1,baseline_01_hover,Pitch,pulse,W20_N5_mean1.5x,/home/tchowdh4/sensor_recovery_project/prediction_results_v9_trained_hybrid/baseline_01_hover_ATT_trained_hybrid_prediction_outputs.csv,Pitch_hybrid_prediction
10.499965,0,0.2500616908073425,0.2500616908073425,0.0839207811827027,0.1661409096246398,0.1661409096246398,0.009161,1,20.0,0.19102700228786446,1,1,1,baseline_01_hover,Pitch,pulse,W20_N5_mean1.5x,/home/tchowdh4/sensor_recovery_project/prediction_results_v9_trained_hybrid/baseline_01_hover_ATT_trained_hybrid_prediction_outputs.csv,Pitch_hybrid_prediction
10.599925,0,0.2312599271535873,0.2312599271535873,0.0840193738030587,0.1472405533505286,0.1472405533505286,0.009161,1,20.0,0.18314146204678494,1,1,1,baseline_01_hover,Pitch,pulse,W20_N5_mean1.5x,/home/tchowdh4/sensor_recovery_project/prediction_results_v9_trained_hybrid/baseline_01_hover_ATT_trained_hybrid_prediction_outputs.csv,Pitch_hybrid_prediction
10.699885,0,0.2083890438079834,0.2083890438079834,0.0837044969784624,0.124684546829521,0.124684546829521,0.009161,1,20.0,0.1725943545802107,1,1,1,baseline_01_hover,Pitch,pulse,W20_N5_mean1.5x,/home/tchowdh4/sensor_recovery_project/prediction_results_v9_trained_hybrid/baseline_01_hover_ATT_trained_hybrid_prediction_outputs.csv,Pitch_hybrid_prediction
10.799845,0,0.1980528235435485,0.1980528235435485,0.0835443166269367,0.1145085069166118,0.1145085069166118,0.009161,1,20.0,0.16312599864975558,1,1,1,baseline_01_hover,Pitch,pulse,W20_N5_mean1.5x,/home/tchowdh4/sensor_recovery_project/prediction_results_v9_trained_hybrid/baseline_01_hover_ATT_trained_hybrid_prediction_outputs.csv,Pitch_hybrid_prediction
10.899805,0,0.181806206703186,0.181806206703186,0.0824857370801854,0.0993204696230006,0.0993204696230006,0.009161,1,20.0,0.15644622268747435,1,1,1,baseline_01_hover,Pitch,pulse,W20_N5_mean1.5x,/home/tchowdh4/sensor_recovery_project/prediction_results_v9_trained_hybrid/baseline_01_hover_ATT_trained_hybrid_prediction_outputs.csv,Pitch_hybrid_prediction
10.999765,0,0.1657885909080505,0.1657885909080505,0.0825341027289554,0.08325448817909512,0.08325448817909512,0.009161,1,20.0,0.15422217942411118,1,1,1,baseline_01_hover,Pitch,pulse,W20_N5_mean1.5x,/home/tchowdh4/sensor_recovery_project/prediction_results_v9_trained_hybrid/baseline_01_hover_ATT_trained_hybrid_prediction_outputs.csv,Pitch_hybrid_prediction
11.099725,0,0.1540339440107345,0.1540339440107345,0.0818051965514441,0.07222874745929041,0.07222874745929041,0.009161,1,20.0,0.1566254442828266,1,1,1,baseline_01_hover,Pitch,pulse,W20_N5_mean1.5x,/home/tchowdh4/sensor_recovery_project/prediction_results_v9_trained_hybrid/baseline_01_hover_ATT_trained_hybrid_prediction_outputs.csv,Pitch_hybrid_prediction
11.199685,0,0.1490270942449569,0.1490270942449569,0.0813535536177295,0.06767354062722739,0.06767354062722739,0.009161,1,20.0,0.1576973185720656,1,1,1,baseline_01_hover,Pitch,pulse,W20_N5_mean1.5x,/home/tchowdh4/sensor_recovery_project/prediction_results_v9_trained_hybrid/baseline_01_hover_ATT_trained_hybrid_prediction_outputs.csv,Pitch_hybrid_prediction
11.299645,0,0.1515503972768783,0.1515503972768783,0.0806027332076822,0.0709476640691961,0.0709476640691961,0.009161,1,20.0,0.15625336912153742,1,1,1,baseline_01_hover,Pitch,pulse,W20_N5_mean1.5x,/home/tchowdh4/sensor_recovery_project/prediction_results_v9_trained_hybrid/baseline_01_hover_ATT_trained_hybrid_prediction_outputs.csv,Pitch_hybrid_prediction
11.399605,0,0.1606284379959106,0.1606284379959106,0.0800869542659006,0.08054148373001,0.08054148373001,0.009161,1,20.0,0.15264162592738945,1,1,1,baseline_01_hover,Pitch,pulse,W20_N5_mean1.5x,/home/tchowdh4/sensor_recovery_project/prediction_results_v9_trained_hybrid/baseline_01_hover_ATT_trained_hybrid_prediction_outputs.csv,Pitch_hybrid_prediction
11.499565,0,0.1657721847295761,0.1657721847295761,0.0792632691030496,0.08650891562652652,0.08650891562652652,0.009161,1,20.0,0.1474465700459427,1,1,1,baseline_01_hover,Pitch,pulse,W20_N5_mean1.5x,/home/tchowdh4/sensor_recovery_project/prediction_results_v9_trained_hybrid/baseline_01_hover_ATT_trained_hybrid_prediction_outputs.csv,Pitch_hybrid_prediction
11.599525,0,0.1636479645967483,0.1636479645967483,0.0788389962731914,0.0848089683235569,0.0848089683235569,0.009161,1,20.0,0.14101525100810616,1,1,1,baseline_01_hover,Pitch,pulse,W20_N5_mean1.5x,/home/tchowdh4/sensor_recovery_project/prediction_results_v9_trained_hybrid/baseline_01_hover_ATT_trained_hybrid_prediction_outputs.csv,Pitch_hybrid_prediction
11.699485,0,0.1580564826726913,0.1580564826726913,0.0777471744698801,0.0803093082028112,0.0803093082028112,0.009161,1,20.0,0.13375649507718626,1,1,1,baseline_01_hover,Pitch,pulse,W20_N5_mean1.5x,/home/tchowdh4/sensor_recovery_project/prediction_results_v9_trained_hybrid/baseline_01_hover_ATT_trained_hybrid_prediction_outputs.csv,Pitch_hybrid_prediction
11.799445,0,0.1618301570415496,0.1618301570415496,0.0772621952111505,0.0845679618303991,0.0845679618303991,0.009161,1,20.0,0.12705574061569175,1,1,1,baseline_01_hover,Pitch,pulse,W20_N5_mean1.5x,/home/tchowdh4/sensor_recovery_project/prediction_results_v9_trained_hybrid/baseline_01_hover_ATT_trained_hybrid_prediction_outputs.csv,Pitch_hybrid_prediction
11.899405,0,0.1792150437831878,0.1792150437831878,0.0771607334865496,0.10205431029663821,0.10205431029663821,0.009161,1,20.0,0.12144107799710735,1,1,1,baseline_01_hover,Pitch,pulse,W20_N5_mean1.5x,/home/tchowdh4/sensor_recovery_project/prediction_results_v9_trained_hybrid/baseline_01_hover_ATT_trained_hybrid_prediction_outputs.csv,Pitch_hybrid_prediction
11.999365,0,0.1939061731100082,0.1939061731100082,0.0760777707947664,0.11782840231524182,0.11782840231524182,0.009161,1,20.0,0.11704912753814538,1,1,1,baseline_01_hover,Pitch,pulse,W20_N5_mean1.5x,/home/tchowdh4/sensor_recovery_project/prediction_results_v9_trained_hybrid/baseline_01_hover_ATT_trained_hybrid_prediction_outputs.csv,Pitch_hybrid_prediction
12.099325,0,0.2045793086290359,0.2045793086290359,0.0759586966888729,0.128620611940163,0.128620611940163,0.009161,1,20.0,0.11354691452025323,1,1,1,baseline_01_hover,Pitch,pulse,W20_N5_mean1.5x,/home/tchowdh4/sensor_recovery_project/prediction_results_v9_trained_hybrid/baseline_01_hover_ATT_trained_hybrid_prediction_outputs.csv,Pitch_hybrid_prediction
12.199285,0,0.2128839045763015,0.2128839045763015,0.0751588677911829,0.1377250367851186,0.1377250367851186,0.009161,1,20.0,0.11077000429050213,1,1,1,baseline_01_hover,Pitch,pulse,W20_N5_mean1.5x,/home/tchowdh4/sensor_recovery_project/prediction_results_v9_trained_hybrid/baseline_01_hover_ATT_trained_hybrid_prediction_outputs.csv,Pitch_hybrid_prediction
12.299245,0,0.2182837575674057,0.2182837575674057,0.0753459153624719,0.1429378422049338,0.1429378422049338,0.009161,1,20.0,0.10848887355077204,1,1,1,baseline_01_hover,Pitch,pulse,W20_N5_mean1.5x,/home/tchowdh4/sensor_recovery_project/prediction_results_v9_trained_hybrid/baseline_01_hover_ATT_trained_hybrid_prediction_outputs.csv,Pitch_hybrid_prediction
12.399205,0,0.2141845077276229,0.2141845077276229,0.0749739407138594,0.1392105670137635,0.1392105670137635,0.009161,1,20.0,0.10655564174741368,1,1,1,baseline_01_hover,Pitch,pulse,W20_N5_mean1.5x,/home/tchowdh4/sensor_recovery_project/prediction_results_v9_trained_hybrid/baseline_01_hover_ATT_trained_hybrid_prediction_outputs.csv,Pitch_hybrid_prediction
12.499998,0,0.2083857655525207,0.2083857655525207,0.0745948562144118,0.1337909093381089,0.1337909093381089,0.009161,1,20.0,0.10493814173308713,1,1,1,baseline_01_hover,Pitch,pulse,W20_N5_mean1.5x,/home/tchowdh4/sensor_recovery_project/prediction_results_v9_trained_hybrid/baseline_01_hover_ATT_trained_hybrid_prediction_outputs.csv,Pitch_hybrid_prediction
12.599958,0,0.2065634876489639,0.2065634876489639,0.0745323999110684,0.13203108773789551,0.13203108773789551,0.009161,1,20.0,0.10417766845245546,1,1,1,baseline_01_hover,Pitch,pulse,W20_N5_mean1.5x,/home/tchowdh4/sensor_recovery_project/prediction_results_v9_trained_hybrid/baseline_01_hover_ATT_trained_hybrid_prediction_outputs.csv,Pitch_hybrid_prediction
12.699918,0,0.1999874711036682,0.1999874711036682,0.0744563648484767,0.1255311062551915,0.1255311062551915,0.009161,1,20.0,0.104219996423739,1,1,1,baseline_01_hover,Pitch,pulse,W20_N5_mean1.5x,/home/tchowdh4/sensor_recovery_project/prediction_results_v9_trained_hybrid/baseline_01_hover_ATT_trained_hybrid_prediction_outputs.csv,Pitch_hybrid_prediction
12.799878,0,0.1935802996158599,0.1935802996158599,0.0741230000138207,0.1194572996020392,0.1194572996020392,0.009161,1,20.0,0.10446743605801037,1,1,1,baseline_01_hover,Pitch,pulse,W20_N5_mean1.5x,/home/tchowdh4/sensor_recovery_project/prediction_results_v9_trained_hybrid/baseline_01_hover_ATT_trained_hybrid_prediction_outputs.csv,Pitch_hybrid_prediction
12.899838,0,0.1904576271772384,0.1904576271772384,0.0742185135614659,0.11623911361577251,0.11623911361577251,0.009161,1,20.0,0.10531336825764896,1,1,1,baseline_01_hover,Pitch,pulse,W20_N5_mean1.5x,/home/tchowdh4/sensor_recovery_project/prediction_results_v9_trained_hybrid/baseline_01_hover_ATT_trained_hybrid_prediction_outputs.csv,Pitch_hybrid_prediction
12.999798,0,0.1815484911203384,0.1815484911203384,0.0738407168964072,0.10770777422393121,0.10770777422393121,0.009161,1,20.0,0.10653603255989078,1,1,1,baseline_01_hover,Pitch,pulse,W20_N5_mean1.5x,/home/tchowdh4/sensor_recovery_project/prediction_results_v9_trained_hybrid/baseline_01_hover_ATT_trained_hybrid_prediction_outputs.csv,Pitch_hybrid_prediction
13.099758,0,0.176715463399887,0.176715463399887,0.0740207783321765,0.1026946850677105,0.1026946850677105,0.009161,1,20.0,0.10805932944031178,1,1,1,baseline_01_hover,Pitch,pulse,W20_N5_mean1.5x,/home/tchowdh4/sensor_recovery_project/prediction_results_v9_trained_hybrid/baseline_01_hover_ATT_trained_hybrid_prediction_outputs.csv,Pitch_hybrid_prediction
13.199718,0,0.1760848611593246,0.1760848611593246,0.0740452488717797,0.10203961228754489,0.10203961228754489,0.009161,1,20.0,0.10977763302332763,1,1,1,baseline_01_hover,Pitch,pulse,W20_N5_mean1.5x,/home/tchowdh4/sensor_recovery_project/prediction_results_v9_trained_hybrid/baseline_01_hover_ATT_trained_hybrid_prediction_outputs.csv,Pitch_hybrid_prediction
13.299678,0,0.1723394244909286,0.1723394244909286,0.0745848581159233,0.09775456637500529,0.09775456637500529,0.009161,1,20.0,0.1111179781386181,1,1,1,baseline_01_hover,Pitch,pulse,W20_N5_mean1.5x,/home/tchowdh4/sensor_recovery_project/prediction_results_v9_trained_hybrid/baseline_01_hover_ATT_trained_hybrid_prediction_outputs.csv,Pitch_hybrid_prediction
13.399638,0,0.1704423278570175,0.1704423278570175,0.0745367611835722,0.09590556667344528,0.09590556667344528,0.009161,1,20.0,0.11188618228578986,1,1,1,baseline_01_hover,Pitch,pulse,W20_N5_mean1.5x,/home/tchowdh4/sensor_recovery_project/prediction_results_v9_trained_hybrid/baseline_01_hover_ATT_trained_hybrid_prediction_outputs.csv,Pitch_hybrid_prediction
13.499598,0,0.1681620329618454,0.1681620329618454,0.0751211970108244,0.093040835951021,0.093040835951021,0.009161,1,20.0,0.11221277830201459,1,1,1,baseline_01_hover,Pitch,pulse,W20_N5_mean1.5x,/home/tchowdh4/sensor_recovery_project/prediction_results_v9_trained_hybrid/baseline_01_hover_ATT_trained_hybrid_prediction_outputs.csv,Pitch_hybrid_prediction
13.599558,0,0.1613888144493103,0.1613888144493103,0.075164768948818,0.0862240455004923,0.0862240455004923,0.009161,1,20.0,0.11228353216086136,1,1,1,baseline_01_hover,Pitch,pulse,W20_N5_mean1.5x,/home/tchowdh4/sensor_recovery_project/prediction_results_v9_trained_hybrid/baseline_01_hover_ATT_trained_hybrid_prediction_outputs.csv,Pitch_hybrid_prediction
13.699518,0,0.1544539481401443,0.1544539481401443,0.0753097713450441,0.07914417679510019,0.07914417679510019,0.009161,1,20.0,0.11222527559047582,1,1,1,baseline_01_hover,Pitch,pulse,W20_N5_mean1.5x,/home/tchowdh4/sensor_recovery_project/prediction_results_v9_trained_hybrid/baseline_01_hover_ATT_trained_hybrid_prediction_outputs.csv,Pitch_hybrid_prediction
13.799478,0,0.1464029550552368,0.1464029550552368,0.0754821420562065,0.07092081299903029,0.07092081299903029,0.009161,1,20.0,0.11154291814890738,1,1,1,baseline_01_hover,Pitch,pulse,W20_N5_mean1.5x,/home/tchowdh4/sensor_recovery_project/prediction_results_v9_trained_hybrid/baseline_01_hover_ATT_trained_hybrid_prediction_outputs.csv,Pitch_hybrid_prediction
13.899438,0,0.1413241773843765,0.1413241773843765,0.0761234699845574,0.0652007073998191,0.0652007073998191,0.009161,1,20.0,0.10970023800406643,1,1,1,baseline_01_hover,Pitch,pulse,W20_N5_mean1.5x,/home/tchowdh4/sensor_recovery_project/prediction_results_v9_trained_hybrid/baseline_01_hover_ATT_trained_hybrid_prediction_outputs.csv,Pitch_hybrid_prediction
13.999398,0,0.137527197599411,0.137527197599411,0.0761153427943072,0.061411854805103805,0.061411854805103805,0.009161,1,20.0,0.10687941062855952,1,1,1,baseline_01_hover,Pitch,pulse,W20_N5_mean1.5x,/home/tchowdh4/sensor_recovery_project/prediction_results_v9_trained_hybrid/baseline_01_hover_ATT_trained_hybrid_prediction_outputs.csv,Pitch_hybrid_prediction
14.099358,0,0.1355400383472442,0.1355400383472442,0.0769055246677917,0.05863451367945251,0.05863451367945251,0.009161,1,20.0,0.10338010571552399,1,1,1,baseline_01_hover,Pitch,pulse,W20_N5_mean1.5x,/home/tchowdh4/sensor_recovery_project/prediction_results_v9_trained_hybrid/baseline_01_hover_ATT_trained_hybrid_prediction_outputs.csv,Pitch_hybrid_prediction
14.199318,0,0.1322514712810516,0.1322514712810516,0.0770841611437158,0.05516731013733581,0.05516731013733581,0.009161,1,20.0,0.09925221938313486,1,1,1,baseline_01_hover,Pitch,pulse,W20_N5_mean1.5x,/home/tchowdh4/sensor_recovery_project/prediction_results_v9_trained_hybrid/baseline_01_hover_ATT_trained_hybrid_prediction_outputs.csv,Pitch_hybrid_prediction
14.299278,0,0.1277176737785339,0.1277176737785339,0.0776752783076496,0.05004239547088431,0.05004239547088431,0.009161,1,20.0,0.09460744704643238,1,1,1,baseline_01_hover,Pitch,pulse,W20_N5_mean1.5x,/home/tchowdh4/sensor_recovery_project/prediction_results_v9_trained_hybrid/baseline_01_hover_ATT_trained_hybrid_prediction_outputs.csv,Pitch_hybrid_prediction
14.399238,0,0.125013992190361,0.125013992190361,0.0780961238799014,0.04691786831045959,0.04691786831045959,0.009161,1,20.0,0.08999281211126718,1,1,1,baseline_01_hover,Pitch,pulse,W20_N5_mean1.5x,/home/tchowdh4/sensor_recovery_project/prediction_results_v9_trained_hybrid/baseline_01_hover_ATT_trained_hybrid_prediction_outputs.csv,Pitch_hybrid_prediction
14.499198,0,0.1237904354929924,0.1237904354929924,0.0783585027836105,0.045431932709381895,0.045431932709381895,0.009161,1,20.0,0.08557486327983084,1,1,1,baseline_01_hover,Pitch,pulse,W20_N5_mean1.5x,/home/tchowdh4/sensor_recovery_project/prediction_results_v9_trained_hybrid/baseline_01_hover_ATT_trained_hybrid_prediction_outputs.csv,Pitch_hybrid_prediction
14.599991,0,0.1187048926949501,0.1187048926949501,0.0787926361959663,0.039912256498983806,0.039912256498983806,0.009161,1,20.0,0.08096892171788525,1,1,1,baseline_01_hover,Pitch,pulse,W20_N5_mean1.5x,/home/tchowdh4/sensor_recovery_project/prediction_results_v9_trained_hybrid/baseline_01_hover_ATT_trained_hybrid_prediction_outputs.csv,Pitch_hybrid_prediction
14.699951,0,0.121549092233181,0.121549092233181,0.0794977372230301,0.042051355010150906,0.042051355010150906,0.009161,1,20.0,0.07679493415563322,1,1,1,baseline_01_hover,Pitch,pulse,W20_N5_mean1.5x,/home/tchowdh4/sensor_recovery_project/prediction_results_v9_trained_hybrid/baseline_01_hover_ATT_trained_hybrid_prediction_outputs.csv,Pitch_hybrid_prediction
14.799911,0,0.1192843616008758,0.1192843616008758,0.0797405874223287,0.0395437741785471,0.0395437741785471,0.009161,1,20.0,0.07279925788445861,1,1,1,baseline_01_hover,Pitch,pulse,W20_N5_mean1.5x,/home/tchowdh4/sensor_recovery_project/prediction_results_v9_trained_hybrid/baseline_01_hover_ATT_trained_hybrid_prediction_outputs.csv,Pitch_hybrid_prediction
14.899871,0,0.1147680059075355,0.1147680059075355,0.0802194637629397,0.034548542144595795,0.034548542144595795,0.009161,1,20.0,0.06871472931089978,1,1,1,baseline_01_hover,Pitch,pulse,W20_N5_mean1.5x,/home/tchowdh4/sensor_recovery_project/prediction_results_v9_trained_hybrid/baseline_01_hover_ATT_trained_hybrid_prediction_outputs.csv,Pitch_hybrid_prediction
14.999831,0,0.1133677959442138,0.1133677959442138,0.0811108133825651,0.0322569825616487,0.0322569825616487,0.009161,1,20.0,0.06494218972778565,1,1,1,baseline_01_hover,Pitch,pulse,W20_N5_mean1.5x,/home/tchowdh4/sensor_recovery_project/prediction_results_v9_trained_hybrid/baseline_01_hover_ATT_trained_hybrid_prediction_outputs.csv,Pitch_hybrid_prediction
15.099791,0,0.1034988984465599,0.1034988984465599,0.0815621646896522,0.021936733756907703,0.021936733756907703,0.009161,1,20.0,0.06090429216224551,1,1,1,baseline_01_hover,Pitch,pulse,W20_N5_mean1.5x,/home/tchowdh4/sensor_recovery_project/prediction_results_v9_trained_hybrid/baseline_01_hover_ATT_trained_hybrid_prediction_outputs.csv,Pitch_hybrid_prediction
15.199751,0,0.0983971431851387,0.0983971431851387,0.0819706965954141,0.0164264465897246,0.0164264465897246,0.009161,1,20.0,0.056623633877354494,1,1,1,baseline_01_hover,Pitch,pulse,W20_N5_mean1.5x,/home/tchowdh4/sensor_recovery_project/prediction_results_v9_trained_hybrid/baseline_01_hover_ATT_trained_hybrid_prediction_outputs.csv,Pitch_hybrid_prediction
15.299711,0,0.093488372862339,0.093488372862339,0.082647366652675,0.010841006209664009,0.010841006209664009,0.009161,1,20.0,0.052277955869087435,1,1,1,baseline_01_hover,Pitch,pulse,W20_N5_mean1.5x,/home/tchowdh4/sensor_recovery_project/prediction_results_v9_trained_hybrid/baseline_01_hover_ATT_trained_hybrid_prediction_outputs.csv,Pitch_hybrid_prediction
15.399671,0,0.0881408080458641,0.0881408080458641,0.0830478402169785,0.005092967828885603,0.005092967828885603,0.009161,0,19.0,0.04773732592685945,1,1,1,baseline_01_hover,Pitch,pulse,W20_N5_mean1.5x,/home/tchowdh4/sensor_recovery_project/prediction_results_v9_trained_hybrid/baseline_01_hover_ATT_trained_hybrid_prediction_outputs.csv,Pitch_hybrid_prediction
15.499631,0,0.0956579968333244,0.0956579968333244,0.0837153014950625,0.011942695338261908,0.011942695338261908,0.009161,1,19.0,0.0436824188962215,1,1,1,baseline_01_hover,Pitch,pulse,W20_N5_mean1.5x,/home/tchowdh4/sensor_recovery_project/prediction_results_v9_trained_hybrid/baseline_01_hover_ATT_trained_hybrid_prediction_outputs.csv,Pitch_hybrid_prediction
15.599591,0,0.1020000502467155,0.1020000502467155,0.0841897595270083,0.017810290719707203,0.017810290719707203,0.009161,1,19.0,0.04026173115718224,1,1,1,baseline_01_hover,Pitch,pulse,W20_N5_mean1.5x,/home/tchowdh4/sensor_recovery_project/prediction_results_v9_trained_hybrid/baseline_01_hover_ATT_trained_hybrid_prediction_outputs.csv,Pitch_hybrid_prediction
15.699551,0,0.1012553498148918,0.1012553498148918,0.0848946390000628,0.016360710814828996,0.016360710814828996,0.009161,1,19.0,0.03712255785816868,1,1,1,baseline_01_hover,Pitch,pulse,W20_N5_mean1.5x,/home/tchowdh4/sensor_recovery_project/prediction_results_v9_trained_hybrid/baseline_01_hover_ATT_trained_hybrid_prediction_outputs.csv,Pitch_hybrid_prediction
15.799511,0,0.1039208695292472,0.1039208695292472,0.0853786546827887,0.018542214846458502,0.018542214846458502,0.009161,1,19.0,0.03450362795054009,1,1,1,baseline_01_hover,Pitch,pulse,W20_N5_mean1.5x,/home/tchowdh4/sensor_recovery_project/prediction_results_v9_trained_hybrid/baseline_01_hover_ATT_trained_hybrid_prediction_outputs.csv,Pitch_hybrid_prediction
15.899471,0,0.1084256768226623,0.1084256768226623,0.0861764961984334,0.022249180624228898,0.022249180624228898,0.009161,1,19.0,0.03235605161176058,1,1,1,baseline_01_hover,Pitch,pulse,W20_N5_mean1.5x,/home/tchowdh4/sensor_recovery_project/prediction_results_v9_trained_hybrid/baseline_01_hover_ATT_trained_hybrid_prediction_outputs.csv,Pitch_hybrid_prediction
15.999431,0,0.1114644110202789,0.1114644110202789,0.0863726737030094,0.025091737317269505,0.025091737317269505,0.009161,1,19.0,0.03054004573736887,1,1,1,baseline_01_hover,Pitch,pulse,W20_N5_mean1.5x,/home/tchowdh4/sensor_recovery_project/prediction_results_v9_trained_hybrid/baseline_01_hover_ATT_trained_hybrid_prediction_outputs.csv,Pitch_hybrid_prediction
16.099391,0,0.1166483759880065,0.1166483759880065,0.0871011351588586,0.02954724082914789,0.02954724082914789,0.009161,1,19.0,0.029085682094853637,1,1,1,baseline_01_hover,Pitch,pulse,W20_N5_mean1.5x,/home/tchowdh4/sensor_recovery_project/prediction_results_v9_trained_hybrid/baseline_01_hover_ATT_trained_hybrid_prediction_outputs.csv,Pitch_hybrid_prediction
16.199351,0,0.1248680725693702,0.1248680725693702,0.0871986667195659,0.0376694058498043,0.0376694058498043,0.009161,1,19.0,0.028210786880477057,1,1,1,baseline_01_hover,Pitch,pulse,W20_N5_mean1.5x,/home/tchowdh4/sensor_recovery_project/prediction_results_v9_trained_hybrid/baseline_01_hover_ATT_trained_hybrid_prediction_outputs.csv,Pitch_hybrid_prediction
16.299311,0,0.1290042698383331,0.1290042698383331,0.0881697497302411,0.04083452010809201,0.04083452010809201,0.009161,1,19.0,0.027750393112337447,1,1,1,baseline_01_hover,Pitch,pulse,W20_N5_mean1.5x,/home/tchowdh4/sensor_recovery_project/prediction_results_v9_trained_hybrid/baseline_01_hover_ATT_trained_hybrid_prediction_outputs.csv,Pitch_hybrid_prediction
16.399271,0,0.1328773945569992,0.1328773945569992,0.0880709527948211,0.0448064417621781,0.0448064417621781,0.009161,1,19.0,0.027644821784923373,1,1,1,baseline_01_hover,Pitch,pulse,W20_N5_mean1.5x,/home/tchowdh4/sensor_recovery_project/prediction_results_v9_trained_hybrid/baseline_01_hover_ATT_trained_hybrid_prediction_outputs.csv,Pitch_hybrid_prediction
16.499231,0,0.1366316676139831,0.1366316676139831,0.0891111271286601,0.047520540485323004,0.047520540485323004,0.009161,1,19.0,0.02774925217372043,1,1,1,baseline_01_hover,Pitch,pulse,W20_N5_mean1.5x,/home/tchowdh4/sensor_recovery_project/prediction_results_v9_trained_hybrid/baseline_01_hover_ATT_trained_hybrid_prediction_outputs.csv,Pitch_hybrid_prediction
16.599191,0,0.1388318240642547,0.1388318240642547,0.0890099646329768,0.0498218594312779,0.0498218594312779,0.009161,1,19.0,0.02824473232033513,1,1,1,baseline_01_hover,Pitch,pulse,W20_N5_mean1.5x,/home/tchowdh4/sensor_recovery_project/prediction_results_v9_trained_hybrid/baseline_01_hover_ATT_trained_hybrid_prediction_outputs.csv,Pitch_hybrid_prediction
16.699984,0,0.136053204536438,0.136053204536438,0.0895093658560385,0.04654383868039949,0.04654383868039949,0.009161,1,19.0,0.028469356503847566,1,1,1,baseline_01_hover,Pitch,pulse,W20_N5_mean1.5x,/home/tchowdh4/sensor_recovery_project/prediction_results_v9_trained_hybrid/baseline_01_hover_ATT_trained_hybrid_prediction_outputs.csv,Pitch_hybrid_prediction
16.799944,0,0.1370229721069336,0.1370229721069336,0.0906135770315927,0.04640939507534089,0.04640939507534089,0.009161,1,19.0,0.028812637548687247,1,1,1,baseline_01_hover,Pitch,pulse,W20_N5_mean1.5x,/home/tchowdh4/sensor_recovery_project/prediction_results_v9_trained_hybrid/baseline_01_hover_ATT_trained_hybrid_prediction_outputs.csv,Pitch_hybrid_prediction
16.899904,0,0.1273543238639831,0.1273543238639831,0.0908446444892961,0.03650967937468699,0.03650967937468699,0.009161,1,19.0,0.028910694410191805,1,1,1,baseline_01_hover,Pitch,pulse,W20_N5_mean1.5x,/home/tchowdh4/sensor_recovery_project/prediction_results_v9_trained_hybrid/baseline_01_hover_ATT_trained_hybrid_prediction_outputs.csv,Pitch_hybrid_prediction
16.999864,0,0.1262384355068206,0.1262384355068206,0.0913645962483264,0.0348738392584942,0.0348738392584942,0.009161,1,19.0,0.02904153724503409,1,1,1,baseline_01_hover,Pitch,pulse,W20_N5_mean1.5x,/home/tchowdh4/sensor_recovery_project/prediction_results_v9_trained_hybrid/baseline_01_hover_ATT_trained_hybrid_prediction_outputs.csv,Pitch_hybrid_prediction
17.099824,0,0.1263124495744705,0.1263124495744705,0.0917547566088322,0.03455769296563829,0.03455769296563829,0.009161,1,19.0,0.029672585205470614,1,1,1,baseline_01_hover,Pitch,pulse,W20_N5_mean1.5x,/home/tchowdh4/sensor_recovery_project/prediction_results_v9_trained_hybrid/baseline_01_hover_ATT_trained_hybrid_prediction_outputs.csv,Pitch_hybrid_prediction
17.199784,0,0.1311323344707489,0.1311323344707489,0.0922125297113402,0.038919804759408705,0.038919804759408705,0.009161,1,19.0,0.03079725311395482,1,1,1,baseline_01_hover,Pitch,pulse,W20_N5_mean1.5x,/home/tchowdh4/sensor_recovery_project/prediction_results_v9_trained_hybrid/baseline_01_hover_ATT_trained_hybrid_prediction_outputs.csv,Pitch_hybrid_prediction
17.299744,0,0.1373240202665329,0.1373240202665329,0.0929882733500127,0.0443357469165202,0.0443357469165202,0.009161,1,19.0,0.03247199014929763,1,1,1,baseline_01_hover,Pitch,pulse,W20_N5_mean1.5x,/home/tchowdh4/sensor_recovery_project/prediction_results_v9_trained_hybrid/baseline_01_hover_ATT_trained_hybrid_prediction_outputs.csv,Pitch_hybrid_prediction
17.399704,0,0.1478268355131149,0.1478268355131149,0.0930951024638701,0.05473173304924481,0.05473173304924481,0.009161,1,20.0,0.034953928410315596,1,1,1,baseline_01_hover,Pitch,pulse,W20_N5_mean1.5x,/home/tchowdh4/sensor_recovery_project/prediction_results_v9_trained_hybrid/baseline_01_hover_ATT_trained_hybrid_prediction_outputs.csv,Pitch_hybrid_prediction
17.499664,0,0.1550344377756118,0.1550344377756118,0.0936163439269239,0.06141809384868789,0.06141809384868789,0.009161,1,20.0,0.03742769833583689,1,1,1,baseline_01_hover,Pitch,pulse,W20_N5_mean1.5x,/home/tchowdh4/sensor_recovery_project/prediction_results_v9_trained_hybrid/baseline_01_hover_ATT_trained_hybrid_prediction_outputs.csv,Pitch_hybrid_prediction
17.599624,0,0.167549192905426,0.167549192905426,0.0940467465737154,0.0735024463317106,0.0735024463317106,0.009161,1,20.0,0.04021230611643706,1,1,1,baseline_01_hover,Pitch,pulse,W20_N5_mean1.5x,/home/tchowdh4/sensor_recovery_project/prediction_results_v9_trained_hybrid/baseline_01_hover_ATT_trained_hybrid_prediction_outputs.csv,Pitch_hybrid_prediction
17.699584,0,0.170274943113327,0.170274943113327,0.0944192446132476,0.0758556985000794,0.0758556985000794,0.009161,1,20.0,0.04318705550069958,1,1,1,baseline_01_hover,Pitch,pulse,W20_N5_mean1.5x,/home/tchowdh4/sensor_recovery_project/prediction_results_v9_trained_hybrid/baseline_01_hover_ATT_trained_hybrid_prediction_outputs.csv,Pitch_hybrid_prediction
17.799544,0,0.1557302325963974,0.1557302325963974,0.0948699826713158,0.0608602499250816,0.0608602499250816,0.009161,1,20.0,0.04530295725463073,1,1,1,baseline_01_hover,Pitch,pulse,W20_N5_mean1.5x,/home/tchowdh4/sensor_recovery_project/prediction_results_v9_trained_hybrid/baseline_01_hover_ATT_trained_hybrid_prediction_outputs.csv,Pitch_hybrid_prediction
17.899504,0,0.1461394429206848,0.1461394429206848,0.0952571207906491,0.050882322130035684,0.050882322130035684,0.009161,1,20.0,0.04673461432992108,1,1,1,baseline_01_hover,Pitch,pulse,W20_N5_mean1.5x,/home/tchowdh4/sensor_recovery_project/prediction_results_v9_trained_hybrid/baseline_01_hover_ATT_trained_hybrid_prediction_outputs.csv,Pitch_hybrid_prediction
17.999464,0,0.1484948992729187,0.1484948992729187,0.0955098174064727,0.052985081866446,0.052985081866446,0.009161,1,20.0,0.048129281557379895,1,1,1,baseline_01_hover,Pitch,pulse,W20_N5_mean1.5x,/home/tchowdh4/sensor_recovery_project/prediction_results_v9_trained_hybrid/baseline_01_hover_ATT_trained_hybrid_prediction_outputs.csv,Pitch_hybrid_prediction
18.099424,0,0.1619264930486679,0.1619264930486679,0.0958635485784459,0.06606294447022201,0.06606294447022201,0.009161,1,20.0,0.049955066739433604,1,1,1,baseline_01_hover,Pitch,pulse,W20_N5_mean1.5x,/home/tchowdh4/sensor_recovery_project/prediction_results_v9_trained_hybrid/baseline_01_hover_ATT_trained_hybrid_prediction_outputs.csv,Pitch_hybrid_prediction
18.199384,0,0.1716393679380417,0.1716393679380417,0.0961179031256299,0.07552146481241179,0.07552146481241179,0.009161,1,20.0,0.05184766968756398,1,1,1,baseline_01_hover,Pitch,pulse,W20_N5_mean1.5x,/home/tchowdh4/sensor_recovery_project/prediction_results_v9_trained_hybrid/baseline_01_hover_ATT_trained_hybrid_prediction_outputs.csv,Pitch_hybrid_prediction
18.299344,0,0.1751651912927627,0.1751651912927627,0.0968286310393036,0.0783365602534591,0.0783365602534591,0.009161,1,20.0,0.053722771694832326,1,1,1,baseline_01_hover,Pitch,pulse,W20_N5_mean1.5x,/home/tchowdh4/sensor_recovery_project/prediction_results_v9_trained_hybrid/baseline_01_hover_ATT_trained_hybrid_prediction_outputs.csv,Pitch_hybrid_prediction
18.399304,0,0.1767206639051437,0.1767206639051437,0.096594146785329,0.08012651711981471,0.08012651711981471,0.009161,1,20.0,0.05548877546271417,1,1,1,baseline_01_hover,Pitch,pulse,W20_N5_mean1.5x,/home/tchowdh4/sensor_recovery_project/prediction_results_v9_trained_hybrid/baseline_01_hover_ATT_trained_hybrid_prediction_outputs.csv,Pitch_hybrid_prediction
18.499264,0,0.1815821826457977,0.1815821826457977,0.096711471243528,0.0848707114022697,0.0848707114022697,0.009161,1,20.0,0.0573562840085615,1,1,1,baseline_01_hover,Pitch,pulse,W20_N5_mean1.5x,/home/tchowdh4/sensor_recovery_project/prediction_results_v9_trained_hybrid/baseline_01_hover_ATT_trained_hybrid_prediction_outputs.csv,Pitch_hybrid_prediction
18.599224,0,0.1860994696617126,0.1860994696617126,0.0965936523328435,0.08950581732886909,0.08950581732886909,0.009161,1,20.0,0.05934048190344106,1,1,1,baseline_01_hover,Pitch,pulse,W20_N5_mean1.5x,/home/tchowdh4/sensor_recovery_project/prediction_results_v9_trained_hybrid/baseline_01_hover_ATT_trained_hybrid_prediction_outputs.csv,Pitch_hybrid_prediction
18.700017,0,0.1921431422233581,0.1921431422233581,0.0973958223496958,0.0947473198736623,0.0947473198736623,0.009161,1,20.0,0.06175065596310421,1,1,1,baseline_01_hover,Pitch,pulse,W20_N5_mean1.5x,/home/tchowdh4/sensor_recovery_project/prediction_results_v9_trained_hybrid/baseline_01_hover_ATT_trained_hybrid_prediction_outputs.csv,Pitch_hybrid_prediction
18.799977,0,0.1981051713228225,0.1981051713228225,0.0972980045861521,0.10080716673667038,0.10080716673667038,0.009161,1,20.0,0.06447054454617067,1,1,1,baseline_01_hover,Pitch,pulse,W20_N5_mean1.5x,/home/tchowdh4/sensor_recovery_project/prediction_results_v9_trained_hybrid/baseline_01_hover_ATT_trained_hybrid_prediction_outputs.csv,Pitch_hybrid_prediction
18.899937,0,0.2027514278888702,0.2027514278888702,0.0977981181614891,0.10495330972738111,0.10495330972738111,0.009161,1,20.0,0.06789272606380539,1,1,1,baseline_01_hover,Pitch,pulse,W20_N5_mean1.5x,/home/tchowdh4/sensor_recovery_project/prediction_results_v9_trained_hybrid/baseline_01_hover_ATT_trained_hybrid_prediction_outputs.csv,Pitch_hybrid_prediction
18.999897,0,0.2058457285165786,0.2058457285165786,0.0981238034450258,0.10772192507155279,0.10772192507155279,0.009161,1,20.0,0.07153513035445831,1,1,1,baseline_01_hover,Pitch,pulse,W20_N5_mean1.5x,/home/tchowdh4/sensor_recovery_project/prediction_results_v9_trained_hybrid/baseline_01_hover_ATT_trained_hybrid_prediction_outputs.csv,Pitch_hybrid_prediction
19.099857,0,0.2125243991613388,0.2125243991613388,0.0983478187704817,0.11417658039085711,0.11417658039085711,0.009161,1,20.0,0.07551607472571925,1,1,1,baseline_01_hover,Pitch,pulse,W20_N5_mean1.5x,/home/tchowdh4/sensor_recovery_project/prediction_results_v9_trained_hybrid/baseline_01_hover_ATT_trained_hybrid_prediction_outputs.csv,Pitch_hybrid_prediction
19.199817,0,0.2176971733570099,0.2176971733570099,0.0978946259804965,0.11980254737651339,0.11980254737651339,0.009161,1,20.0,0.0795602118565745,1,1,1,baseline_01_hover,Pitch,pulse,W20_N5_mean1.5x,/home/tchowdh4/sensor_recovery_project/prediction_results_v9_trained_hybrid/baseline_01_hover_ATT_trained_hybrid_prediction_outputs.csv,Pitch_hybrid_prediction
19.299777,0,0.2225324958562851,0.2225324958562851,0.0982776257817069,0.1242548700745782,0.1242548700745782,0.009161,1,20.0,0.08355616801447738,1,1,1,baseline_01_hover,Pitch,pulse,W20_N5_mean1.5x,/home/tchowdh4/sensor_recovery_project/prediction_results_v9_trained_hybrid/baseline_01_hover_ATT_trained_hybrid_prediction_outputs.csv,Pitch_hybrid_prediction
19.399737,0,0.2259911745786667,0.2259911745786667,0.0987474154932772,0.12724375908538949,0.12724375908538949,0.009161,1,20.0,0.08718176931628462,1,1,1,baseline_01_hover,Pitch,pulse,W20_N5_mean1.5x,/home/tchowdh4/sensor_recovery_project/prediction_results_v9_trained_hybrid/baseline_01_hover_ATT_trained_hybrid_prediction_outputs.csv,Pitch_hybrid_prediction
19.499697,0,0.2268996238708496,0.2268996238708496,0.0984029436432076,0.128496680227642,0.128496680227642,0.009161,1,20.0,0.09053569863523232,1,1,1,baseline_01_hover,Pitch,pulse,W20_N5_mean1.5x,/home/tchowdh4/sensor_recovery_project/prediction_results_v9_trained_hybrid/baseline_01_hover_ATT_trained_hybrid_prediction_outputs.csv,Pitch_hybrid_prediction
19.599657,0,0.2278524786233902,0.2278524786233902,0.0990043375354871,0.1288481410879031,0.1288481410879031,0.009161,1,20.0,0.09330298337304194,1,1,1,baseline_01_hover,Pitch,pulse,W20_N5_mean1.5x,/home/tchowdh4/sensor_recovery_project/prediction_results_v9_trained_hybrid/baseline_01_hover_ATT_trained_hybrid_prediction_outputs.csv,Pitch_hybrid_prediction
19.699617,0,0.2293719351291656,0.2293719351291656,0.0988128386844592,0.1305590964447064,0.1305590964447064,0.009161,1,20.0,0.09603815327027329,1,1,1,baseline_01_hover,Pitch,pulse,W20_N5_mean1.5x,/home/tchowdh4/sensor_recovery_project/prediction_results_v9_trained_hybrid/baseline_01_hover_ATT_trained_hybrid_prediction_outputs.csv,Pitch_hybrid_prediction
19.799577,0,0.2307508885860443,0.2307508885860443,0.098931111434229,0.1318197771518153,0.1318197771518153,0.009161,1,20.0,0.09958612963160998,1,1,1,baseline_01_hover,Pitch,pulse,W20_N5_mean1.5x,/home/tchowdh4/sensor_recovery_project/prediction_results_v9_trained_hybrid/baseline_01_hover_ATT_trained_hybrid_prediction_outputs.csv,Pitch_hybrid_prediction
19.899537,0,0.2321852743625641,0.2321852743625641,0.0992967853326668,0.1328884890298973,0.1328884890298973,0.009161,1,20.0,0.10368643797660307,1,1,1,baseline_01_hover,Pitch,pulse,W20_N5_mean1.5x,/home/tchowdh4/sensor_recovery_project/prediction_results_v9_trained_hybrid/baseline_01_hover_ATT_trained_hybrid_prediction_outputs.csv,Pitch_hybrid_prediction
19.999497,0,0.2293914854526519,0.2293914854526519,0.0989786909836717,0.1304127944689802,0.1304127944689802,0.009161,1,20.0,0.10755782360672976,1,1,1,baseline_01_hover,Pitch,pulse,W20_N5_mean1.5x,/home/tchowdh4/sensor_recovery_project/prediction_results_v9_trained_hybrid/baseline_01_hover_ATT_trained_hybrid_prediction_outputs.csv,Pitch_hybrid_prediction
20.099457,0,0.2328828126192093,0.2328828126192093,0.0992399149598574,0.1336428976593519,0.1336428976593519,0.009161,1,20.0,0.11093682126618627,1,1,1,baseline_01_hover,Pitch,pulse,W20_N5_mean1.5x,/home/tchowdh4/sensor_recovery_project/prediction_results_v9_trained_hybrid/baseline_01_hover_ATT_trained_hybrid_prediction_outputs.csv,Pitch_hybrid_prediction
20.199417,0,0.2376222610473632,0.2376222610473632,0.0986161242266105,0.1390061368207527,0.1390061368207527,0.009161,1,20.0,0.1141110548666033,1,1,1,baseline_01_hover,Pitch,pulse,W20_N5_mean1.5x,/home/tchowdh4/sensor_recovery_project/prediction_results_v9_trained_hybrid/baseline_01_hover_ATT_trained_hybrid_prediction_outputs.csv,Pitch_hybrid_prediction
20.299377,0,0.2362244576215744,0.2362244576215744,0.0991317787148103,0.1370926789067641,0.1370926789067641,0.009161,1,20.0,0.11704886079926854,1,1,1,baseline_01_hover,Pitch,pulse,W20_N5_mean1.5x,/home/tchowdh4/sensor_recovery_project/prediction_results_v9_trained_hybrid/baseline_01_hover_ATT_trained_hybrid_prediction_outputs.csv,Pitch_hybrid_prediction
20.399337,0,0.2346548438072204,0.2346548438072204,0.0989161892023199,0.1357386546049005,0.1357386546049005,0.009161,1,20.0,0.11982946767352284,1,1,1,baseline_01_hover,Pitch,pulse,W20_N5_mean1.5x,/home/tchowdh4/sensor_recovery_project/prediction_results_v9_trained_hybrid/baseline_01_hover_ATT_trained_hybrid_prediction_outputs.csv,Pitch_hybrid_prediction
20.499297,0,0.2328376173973083,0.2328376173973083,0.0994059610426438,0.13343165635466447,0.13343165635466447,0.009161,1,20.0,0.12225751492114259,1,1,1,baseline_01_hover,Pitch,pulse,W20_N5_mean1.5x,/home/tchowdh4/sensor_recovery_project/prediction_results_v9_trained_hybrid/baseline_01_hover_ATT_trained_hybrid_prediction_outputs.csv,Pitch_hybrid_prediction
20.599257,0,0.2316427528858184,0.2316427528858184,0.0988835956794698,0.1327591572063486,0.1327591572063486,0.009161,1,20.0,0.12442018191501655,1,1,1,baseline_01_hover,Pitch,pulse,W20_N5_mean1.5x,/home/tchowdh4/sensor_recovery_project/prediction_results_v9_trained_hybrid/baseline_01_hover_ATT_trained_hybrid_prediction_outputs.csv,Pitch_hybrid_prediction
20.699217,0,0.2295273244380951,0.2295273244380951,0.0990752398922283,0.1304520845458668,0.1304520845458668,0.009161,1,20.0,0.1262054201486268,1,1,1,baseline_01_hover,Pitch,pulse,W20_N5_mean1.5x,/home/tchowdh4/sensor_recovery_project/prediction_results_v9_trained_hybrid/baseline_01_hover_ATT_trained_hybrid_prediction_outputs.csv,Pitch_hybrid_prediction
20.80001,0,0.2266852706670761,0.2266852706670761,0.0990342479659231,0.12765102270115303,0.12765102270115303,0.009161,1,20.0,0.12754761294685094,1,1,1,baseline_01_hover,Pitch,pulse,W20_N5_mean1.5x,/home/tchowdh4/sensor_recovery_project/prediction_results_v9_trained_hybrid/baseline_01_hover_ATT_trained_hybrid_prediction_outputs.csv,Pitch_hybrid_prediction
20.89997,0,0.2253692895174026,0.2253692895174026,0.0986975567423333,0.1266717327750693,0.1266717327750693,0.009161,1,20.0,0.12863353409923534,1,1,1,baseline_01_hover,Pitch,pulse,W20_N5_mean1.5x,/home/tchowdh4/sensor_recovery_project/prediction_results_v9_trained_hybrid/baseline_01_hover_ATT_trained_hybrid_prediction_outputs.csv,Pitch_hybrid_prediction
20.99993,0,0.2245393544435501,0.2245393544435501,0.0989595928405256,0.1255797616030245,0.1255797616030245,0.009161,1,20.0,0.12952642592580893,1,1,1,baseline_01_hover,Pitch,pulse,W20_N5_mean1.5x,/home/tchowdh4/sensor_recovery_project/prediction_results_v9_trained_hybrid/baseline_01_hover_ATT_trained_hybrid_prediction_outputs.csv,Pitch_hybrid_prediction
21.09989,0,0.2231294959783554,0.2231294959783554,0.0983273277037047,0.12480216827465071,0.12480216827465071,0.009161,1,20.0,0.13005770531999858,1,1,1,baseline_01_hover,Pitch,pulse,W20_N5_mean1.5x,/home/tchowdh4/sensor_recovery_project/prediction_results_v9_trained_hybrid/baseline_01_hover_ATT_trained_hybrid_prediction_outputs.csv,Pitch_hybrid_prediction
21.19985,0,0.2179102152585983,0.2179102152585983,0.0988225884186292,0.1190876268399691,0.1190876268399691,0.009161,1,20.0,0.13002195929317137,1,1,1,baseline_01_hover,Pitch,pulse,W20_N5_mean1.5x,/home/tchowdh4/sensor_recovery_project/prediction_results_v9_trained_hybrid/baseline_01_hover_ATT_trained_hybrid_prediction_outputs.csv,Pitch_hybrid_prediction
21.29981,0,0.2022235095500946,0.2022235095500946,0.0984454186465643,0.10377809090353031,0.10377809090353031,0.009161,1,20.0,0.12899812033461897,1,1,1,baseline_01_hover,Pitch,pulse,W20_N5_mean1.5x,/home/tchowdh4/sensor_recovery_project/prediction_results_v9_trained_hybrid/baseline_01_hover_ATT_trained_hybrid_prediction_outputs.csv,Pitch_hybrid_prediction
21.39977,0,0.1875827312469482,0.1875827312469482,0.098376047902305,0.08920668334464318,0.08920668334464318,0.009161,1,20.0,0.1270962665475817,1,1,1,baseline_01_hover,Pitch,pulse,W20_N5_mean1.5x,/home/tchowdh4/sensor_recovery_project/prediction_results_v9_trained_hybrid/baseline_01_hover_ATT_trained_hybrid_prediction_outputs.csv,Pitch_hybrid_prediction
21.49973,0,0.1786388307809829,0.1786388307809829,0.098750775446748,0.07988805533423489,0.07988805533423489,0.009161,1,20.0,0.12466583530291134,1,1,1,baseline_01_hover,Pitch,pulse,W20_N5_mean1.5x,/home/tchowdh4/sensor_recovery_project/prediction_results_v9_trained_hybrid/baseline_01_hover_ATT_trained_hybrid_prediction_outputs.csv,Pitch_hybrid_prediction
21.59969,0,0.1711911112070083,0.1711911112070083,0.0984462600615964,0.0727448511454119,0.0727448511454119,0.009161,1,20.0,0.12186067080578675,1,1,1,baseline_01_hover,Pitch,pulse,W20_N5_mean1.5x,/home/tchowdh4/sensor_recovery_project/prediction_results_v9_trained_hybrid/baseline_01_hover_ATT_trained_hybrid_prediction_outputs.csv,Pitch_hybrid_prediction
21.69965,0,0.1656513214111328,0.1656513214111328,0.0984823815423986,0.0671689398687342,0.0671689398687342,0.009161,1,20.0,0.11869116297698816,1,1,1,baseline_01_hover,Pitch,pulse,W20_N5_mean1.5x,/home/tchowdh4/sensor_recovery_project/prediction_results_v9_trained_hybrid/baseline_01_hover_ATT_trained_hybrid_prediction_outputs.csv,Pitch_hybrid_prediction
21.79961,0,0.1586701571941375,0.1586701571941375,0.0981075640248942,0.060562593169243284,0.060562593169243284,0.009161,1,20.0,0.11512830377785954,1,1,1,baseline_01_hover,Pitch,pulse,W20_N5_mean1.5x,/home/tchowdh4/sensor_recovery_project/prediction_results_v9_trained_hybrid/baseline_01_hover_ATT_trained_hybrid_prediction_outputs.csv,Pitch_hybrid_prediction
21.89957,0,0.1601908802986145,0.1601908802986145,0.0981764398038159,0.06201444049479861,0.06201444049479861,0.009161,1,20.0,0.11158460135110462,1,1,1,baseline_01_hover,Pitch,pulse,W20_N5_mean1.5x,/home/tchowdh4/sensor_recovery_project/prediction_results_v9_trained_hybrid/baseline_01_hover_ATT_trained_hybrid_prediction_outputs.csv,Pitch_hybrid_prediction
21.99953,0,0.1686903983354568,0.1686903983354568,0.0978088398079341,0.07088155852752269,0.07088155852752269,0.009161,1,20.0,0.10860803955403173,1,1,1,baseline_01_hover,Pitch,pulse,W20_N5_mean1.5x,/home/tchowdh4/sensor_recovery_project/prediction_results_v9_trained_hybrid/baseline_01_hover_ATT_trained_hybrid_prediction_outputs.csv,Pitch_hybrid_prediction
22.09949,0,0.1768071949481964,0.1768071949481964,0.098150722535652,0.0786564724125444,0.0786564724125444,0.009161,1,20.0,0.10585871829169138,1,1,1,baseline_01_hover,Pitch,pulse,W20_N5_mean1.5x,/home/tchowdh4/sensor_recovery_project/prediction_results_v9_trained_hybrid/baseline_01_hover_ATT_trained_hybrid_prediction_outputs.csv,Pitch_hybrid_prediction
22.19945,0,0.1831962317228317,0.1831962317228317,0.097930326194076,0.0852659055287557,0.0852659055287557,0.009161,1,20.0,0.10317170672709153,1,1,1,baseline_01_hover,Pitch,pulse,W20_N5_mean1.5x,/home/tchowdh4/sensor_recovery_project/prediction_results_v9_trained_hybrid/baseline_01_hover_ATT_trained_hybrid_prediction_outputs.csv,Pitch_hybrid_prediction
22.29941,0,0.1863283663988113,0.1863283663988113,0.0979899703031255,0.0883383960956858,0.0883383960956858,0.009161,1,20.0,0.10073399258653762,1,1,1,baseline_01_hover,Pitch,pulse,W20_N5_mean1.5x,/home/tchowdh4/sensor_recovery_project/prediction_results_v9_trained_hybrid/baseline_01_hover_ATT_trained_hybrid_prediction_outputs.csv,Pitch_hybrid_prediction
22.39937,0,0.1891363114118576,0.1891363114118576,0.0978904568869409,0.09124585452491671,0.09124585452491671,0.009161,1,20.0,0.09850935258253841,1,1,1,baseline_01_hover,Pitch,pulse,W20_N5_mean1.5x,/home/tchowdh4/sensor_recovery_project/prediction_results_v9_trained_hybrid/baseline_01_hover_ATT_trained_hybrid_prediction_outputs.csv,Pitch_hybrid_prediction
22.49933,0,0.1909206062555313,0.1909206062555313,0.0978287048564005,0.09309190139913082,0.09309190139913082,0.009161,1,20.0,0.09649236483476173,1,1,1,baseline_01_hover,Pitch,pulse,W20_N5_mean1.5x,/home/tchowdh4/sensor_recovery_project/prediction_results_v9_trained_hybrid/baseline_01_hover_ATT_trained_hybrid_prediction_outputs.csv,Pitch_hybrid_prediction
22.59929,0,0.1925611943006515,0.1925611943006515,0.0980715679586753,0.09448962634197619,0.09448962634197619,0.009161,1,20.0,0.09457888829154311,1,1,1,baseline_01_hover,Pitch,pulse,W20_N5_mean1.5x,/home/tchowdh4/sensor_recovery_project/prediction_results_v9_trained_hybrid/baseline_01_hover_ATT_trained_hybrid_prediction_outputs.csv,Pitch_hybrid_prediction
22.69925,0,0.1933351755142212,0.1933351755142212,0.097785297763601,0.0955498777506202,0.0955498777506202,0.009161,1,20.0,0.09283377795178079,1,1,1,baseline_01_hover,Pitch,pulse,W20_N5_mean1.5x,/home/tchowdh4/sensor_recovery_project/prediction_results_v9_trained_hybrid/baseline_01_hover_ATT_trained_hybrid_prediction_outputs.csv,Pitch_hybrid_prediction
22.79921,0,0.1873694807291031,0.1873694807291031,0.0977117938248628,0.0896576869042403,0.0896576869042403,0.009161,1,20.0,0.09093411116193514,1,1,1,baseline_01_hover,Pitch,pulse,W20_N5_mean1.5x,/home/tchowdh4/sensor_recovery_project/prediction_results_v9_trained_hybrid/baseline_01_hover_ATT_trained_hybrid_prediction_outputs.csv,Pitch_hybrid_prediction
22.900003,0,0.1768760979175567,0.1768760979175567,0.0980833948075482,0.07879270311000851,0.07879270311000851,0.009161,1,20.0,0.0885401596786821,1,1,1,baseline_01_hover,Pitch,pulse,W20_N5_mean1.5x,/home/tchowdh4/sensor_recovery_project/prediction_results_v9_trained_hybrid/baseline_01_hover_ATT_trained_hybrid_prediction_outputs.csv,Pitch_hybrid_prediction
22.999963,0,0.1715388596057891,0.1715388596057891,0.0979825382946375,0.0735563213111516,0.0735563213111516,0.009161,1,20.0,0.08593898766408845,1,1,1,baseline_01_hover,Pitch,pulse,W20_N5_mean1.5x,/home/tchowdh4/sensor_recovery_project/prediction_results_v9_trained_hybrid/baseline_01_hover_ATT_trained_hybrid_prediction_outputs.csv,Pitch_hybrid_prediction
23.099923,0,0.1623853147029876,0.1623853147029876,0.0973511656735925,0.06503414902939508,0.06503414902939508,0.009161,1,20.0,0.08295058670182567,1,1,1,baseline_01_hover,Pitch,pulse,W20_N5_mean1.5x,/home/tchowdh4/sensor_recovery_project/prediction_results_v9_trained_hybrid/baseline_01_hover_ATT_trained_hybrid_prediction_outputs.csv,Pitch_hybrid_prediction
23.199883,0,0.156804546713829,0.156804546713829,0.0971365003276772,0.05966804638615181,0.05966804638615181,0.009161,1,20.0,0.07997960767913481,1,1,1,baseline_01_hover,Pitch,pulse,W20_N5_mean1.5x,/home/tchowdh4/sensor_recovery_project/prediction_results_v9_trained_hybrid/baseline_01_hover_ATT_trained_hybrid_prediction_outputs.csv,Pitch_hybrid_prediction
23.299843,0,0.1528501510620117,0.1528501510620117,0.0972237787020531,0.055626372359958584,0.055626372359958584,0.009161,1,20.0,0.07757202175195622,1,1,1,baseline_01_hover,Pitch,pulse,W20_N5_mean1.5x,/home/tchowdh4/sensor_recovery_project/prediction_results_v9_trained_hybrid/baseline_01_hover_ATT_trained_hybrid_prediction_outputs.csv,Pitch_hybrid_prediction
23.399803,0,0.1464579403400421,0.1464579403400421,0.0967998068337164,0.04965813350632568,0.04965813350632568,0.009161,1,20.0,0.07559459426004035,1,1,1,baseline_01_hover,Pitch,pulse,W20_N5_mean1.5x,/home/tchowdh4/sensor_recovery_project/prediction_results_v9_trained_hybrid/baseline_01_hover_ATT_trained_hybrid_prediction_outputs.csv,Pitch_hybrid_prediction
23.499763,0,0.1408579796552658,0.1408579796552658,0.0969277124754046,0.043930267179861204,0.043930267179861204,0.009161,1,20.0,0.07379670485232166,1,1,1,baseline_01_hover,Pitch,pulse,W20_N5_mean1.5x,/home/tchowdh4/sensor_recovery_project/prediction_results_v9_trained_hybrid/baseline_01_hover_ATT_trained_hybrid_prediction_outputs.csv,Pitch_hybrid_prediction
23.599723,0,0.136329174041748,0.136329174041748,0.0965079890514671,0.039821184990280895,0.039821184990280895,0.009161,1,20.0,0.07215052154456511,1,1,1,baseline_01_hover,Pitch,pulse,W20_N5_mean1.5x,/home/tchowdh4/sensor_recovery_project/prediction_results_v9_trained_hybrid/baseline_01_hover_ATT_trained_hybrid_prediction_outputs.csv,Pitch_hybrid_prediction
23.699683,0,0.136219322681427,0.136219322681427,0.0972239775473314,0.038995345134095596,0.038995345134095596,0.009161,1,20.0,0.07074184180783319,1,1,1,baseline_01_hover,Pitch,pulse,W20_N5_mean1.5x,/home/tchowdh4/sensor_recovery_project/prediction_results_v9_trained_hybrid/baseline_01_hover_ATT_trained_hybrid_prediction_outputs.csv,Pitch_hybrid_prediction
23.799643,0,0.1463249325752258,0.1463249325752258,0.0967800135355589,0.0495449190396669,0.0495449190396669,0.009161,1,20.0,0.07019095810135437,1,1,1,baseline_01_hover,Pitch,pulse,W20_N5_mean1.5x,/home/tchowdh4/sensor_recovery_project/prediction_results_v9_trained_hybrid/baseline_01_hover_ATT_trained_hybrid_prediction_outputs.csv,Pitch_hybrid_prediction
23.899603,0,0.1552306860685348,0.1552306860685348,0.0971290361135449,0.0581016499549899,0.0581016499549899,0.009161,1,20.0,0.06999531857436393,1,1,1,baseline_01_hover,Pitch,pulse,W20_N5_mean1.5x,/home/tchowdh4/sensor_recovery_project/prediction_results_v9_trained_hybrid/baseline_01_hover_ATT_trained_hybrid_prediction_outputs.csv,Pitch_hybrid_prediction
23.999563,0,0.1606753915548324,0.1606753915548324,0.0966115973575342,0.0640637941972982,0.0640637941972982,0.009161,1,20.0,0.06965443035785271,1,1,1,baseline_01_hover,Pitch,pulse,W20_N5_mean1.5x,/home/tchowdh4/sensor_recovery_project/prediction_results_v9_trained_hybrid/baseline_01_hover_ATT_trained_hybrid_prediction_outputs.csv,Pitch_hybrid_prediction
24.099523,0,0.1619158834218979,0.1619158834218979,0.0968248976305805,0.06509098579131739,0.06509098579131739,0.009161,1,20.0,0.06897615602679136,1,1,1,baseline_01_hover,Pitch,pulse,W20_N5_mean1.5x,/home/tchowdh4/sensor_recovery_project/prediction_results_v9_trained_hybrid/baseline_01_hover_ATT_trained_hybrid_prediction_outputs.csv,Pitch_hybrid_prediction
24.199483,0,0.1640884727239608,0.1640884727239608,0.0965730103060135,0.0675154624179473,0.0675154624179473,0.009161,1,20.0,0.06808863387125094,1,1,1,baseline_01_hover,Pitch,pulse,W20_N5_mean1.5x,/home/tchowdh4/sensor_recovery_project/prediction_results_v9_trained_hybrid/baseline_01_hover_ATT_trained_hybrid_prediction_outputs.csv,Pitch_hybrid_prediction
24.299443,0,0.1629921346902847,0.1629921346902847,0.096372332871024,0.06661980181926071,0.06661980181926071,0.009161,1,20.0,0.06700270415742968,1,1,1,baseline_01_hover,Pitch,pulse,W20_N5_mean1.5x,/home/tchowdh4/sensor_recovery_project/prediction_results_v9_trained_hybrid/baseline_01_hover_ATT_trained_hybrid_prediction_outputs.csv,Pitch_hybrid_prediction
24.399403,0,0.163470834493637,0.163470834493637,0.0967164929231982,0.0667543415704388,0.0667543415704388,0.009161,1,20.0,0.06577812850970578,1,1,1,baseline_01_hover,Pitch,pulse,W20_N5_mean1.5x,/home/tchowdh4/sensor_recovery_project/prediction_results_v9_trained_hybrid/baseline_01_hover_ATT_trained_hybrid_prediction_outputs.csv,Pitch_hybrid_prediction
24.499363,0,0.163859486579895,0.163859486579895,0.0964390439477932,0.0674204426321018,0.0674204426321018,0.009161,1,20.0,0.06449455557135433,1,1,1,baseline_01_hover,Pitch,pulse,W20_N5_mean1.5x,/home/tchowdh4/sensor_recovery_project/prediction_results_v9_trained_hybrid/baseline_01_hover_ATT_trained_hybrid_prediction_outputs.csv,Pitch_hybrid_prediction
24.599323,0,0.1621744483709335,0.1621744483709335,0.0961871266729085,0.065987321698025,0.065987321698025,0.009161,1,20.0,0.06306944033915678,1,1,1,baseline_01_hover,Pitch,pulse,W20_N5_mean1.5x,/home/tchowdh4/sensor_recovery_project/prediction_results_v9_trained_hybrid/baseline_01_hover_ATT_trained_hybrid_prediction_outputs.csv,Pitch_hybrid_prediction
24.699283,0,0.1566196382045745,0.1566196382045745,0.0957036383372754,0.060915999867299106,0.060915999867299106,0.009161,1,20.0,0.061337746444990716,1,1,1,baseline_01_hover,Pitch,pulse,W20_N5_mean1.5x,/home/tchowdh4/sensor_recovery_project/prediction_results_v9_trained_hybrid/baseline_01_hover_ATT_trained_hybrid_prediction_outputs.csv,Pitch_hybrid_prediction
24.799243,0,0.1501556485891342,0.1501556485891342,0.0958694182132611,0.05428623037587309,0.05428623037587309,0.009161,1,20.0,0.059569173618572356,1,1,1,baseline_01_hover,Pitch,pulse,W20_N5_mean1.5x,/home/tchowdh4/sensor_recovery_project/prediction_results_v9_trained_hybrid/baseline_01_hover_ATT_trained_hybrid_prediction_outputs.csv,Pitch_hybrid_prediction
24.899203,0,0.1419998407363891,0.1419998407363891,0.09585198532676,0.04614785540962911,0.04614785540962911,0.009161,1,20.0,0.05793693123355338,1,1,1,baseline_01_hover,Pitch,pulse,W20_N5_mean1.5x,/home/tchowdh4/sensor_recovery_project/prediction_results_v9_trained_hybrid/baseline_01_hover_ATT_trained_hybrid_prediction_outputs.csv,Pitch_hybrid_prediction
24.999996,0,0.1356538534164428,0.1356538534164428,0.0959101682679486,0.03974368514849419,0.03974368514849419,0.009161,1,20.0,0.05624629942542052,1,1,1,baseline_01_hover,Pitch,pulse,W20_N5_mean1.5x,/home/tchowdh4/sensor_recovery_project/prediction_results_v9_trained_hybrid/baseline_01_hover_ATT_trained_hybrid_prediction_outputs.csv,Pitch_hybrid_prediction
