x,AttackActive,CleanFuture_Yaw,AttackedFuture_Yaw,V9PredictedFuture_Yaw,Residual_Yaw,AbsResidual_Yaw,Threshold,PointDetectionFlag,WindowCount,RollingMeanAbsResidual,WindowCountFlag,WindowMeanFlag,WindowCombinedFlag,Baseline,AttackAxis,AttackType,WindowRule,PredictionFile,PredictionColumn
0.09996,0,354.8540344238281,354.8540344238281,352.67983551025395,2.1741989135741733,2.1741989135741733,0.013596,1,1.0,2.1741989135741733,0,1,1,baseline_01_hover,Yaw,pulse,W20_N5_mean1.25x,/home/tchowdh4/sensor_recovery_project/prediction_results_v9_trained_hybrid/baseline_01_hover_ATT_trained_hybrid_prediction_outputs.csv,Yaw_hybrid_prediction
0.19992,0,354.8520202636719,354.8520202636719,352.6801177978516,2.171902465820267,2.171902465820267,0.013596,1,2.0,2.17305068969722,0,1,1,baseline_01_hover,Yaw,pulse,W20_N5_mean1.25x,/home/tchowdh4/sensor_recovery_project/prediction_results_v9_trained_hybrid/baseline_01_hover_ATT_trained_hybrid_prediction_outputs.csv,Yaw_hybrid_prediction
0.29988,0,354.8489685058594,354.8489685058594,352.68005676269536,2.168911743164017,2.168911743164017,0.013596,1,3.0,2.1716710408528193,0,1,1,baseline_01_hover,Yaw,pulse,W20_N5_mean1.25x,/home/tchowdh4/sensor_recovery_project/prediction_results_v9_trained_hybrid/baseline_01_hover_ATT_trained_hybrid_prediction_outputs.csv,Yaw_hybrid_prediction
0.39984,0,354.84619140625,354.84619140625,352.6818542480469,2.164337158203125,2.164337158203125,0.013596,1,4.0,2.1698375701903956,0,1,1,baseline_01_hover,Yaw,pulse,W20_N5_mean1.25x,/home/tchowdh4/sensor_recovery_project/prediction_results_v9_trained_hybrid/baseline_01_hover_ATT_trained_hybrid_prediction_outputs.csv,Yaw_hybrid_prediction
0.4998,0,354.8433532714844,354.8433532714844,352.6848449707031,2.15850830078125,2.15850830078125,0.013596,1,5.0,2.1675717163085664,1,1,1,baseline_01_hover,Yaw,pulse,W20_N5_mean1.25x,/home/tchowdh4/sensor_recovery_project/prediction_results_v9_trained_hybrid/baseline_01_hover_ATT_trained_hybrid_prediction_outputs.csv,Yaw_hybrid_prediction
0.59976,0,354.84039306640625,354.84039306640625,352.6832153320313,2.1571777343749545,2.1571777343749545,0.013596,1,6.0,2.1658393859862977,1,1,1,baseline_01_hover,Yaw,pulse,W20_N5_mean1.25x,/home/tchowdh4/sensor_recovery_project/prediction_results_v9_trained_hybrid/baseline_01_hover_ATT_trained_hybrid_prediction_outputs.csv,Yaw_hybrid_prediction
0.69972,0,354.83770751953125,354.83770751953125,352.67992858886726,2.1577789306639943,2.1577789306639943,0.013596,1,7.0,2.1646878923688258,1,1,1,baseline_01_hover,Yaw,pulse,W20_N5_mean1.25x,/home/tchowdh4/sensor_recovery_project/prediction_results_v9_trained_hybrid/baseline_01_hover_ATT_trained_hybrid_prediction_outputs.csv,Yaw_hybrid_prediction
0.79968,0,354.835205078125,354.835205078125,352.677946472168,2.157258605956997,2.157258605956997,0.013596,1,8.0,2.1637592315673473,1,1,1,baseline_01_hover,Yaw,pulse,W20_N5_mean1.25x,/home/tchowdh4/sensor_recovery_project/prediction_results_v9_trained_hybrid/baseline_01_hover_ATT_trained_hybrid_prediction_outputs.csv,Yaw_hybrid_prediction
0.89964,0,354.832275390625,354.832275390625,352.67774353027346,2.1545318603515398,2.1545318603515398,0.013596,1,9.0,2.1627339680989244,1,1,1,baseline_01_hover,Yaw,pulse,W20_N5_mean1.25x,/home/tchowdh4/sensor_recovery_project/prediction_results_v9_trained_hybrid/baseline_01_hover_ATT_trained_hybrid_prediction_outputs.csv,Yaw_hybrid_prediction
0.9996,0,354.82940673828125,354.82940673828125,352.6777908325196,2.1516159057616733,2.1516159057616733,0.013596,1,10.0,2.161622161865199,1,1,1,baseline_01_hover,Yaw,pulse,W20_N5_mean1.25x,/home/tchowdh4/sensor_recovery_project/prediction_results_v9_trained_hybrid/baseline_01_hover_ATT_trained_hybrid_prediction_outputs.csv,Yaw_hybrid_prediction
1.09956,0,354.8265991210937,354.8265991210937,352.6784622192383,2.1481369018553664,2.1481369018553664,0.013596,1,11.0,2.1603962291370324,1,1,1,baseline_01_hover,Yaw,pulse,W20_N5_mean1.25x,/home/tchowdh4/sensor_recovery_project/prediction_results_v9_trained_hybrid/baseline_01_hover_ATT_trained_hybrid_prediction_outputs.csv,Yaw_hybrid_prediction
1.19952,0,354.8236694335937,354.8236694335937,352.67903594970704,2.1446334838866505,2.1446334838866505,0.013596,1,12.0,2.159082667032834,1,1,1,baseline_01_hover,Yaw,pulse,W20_N5_mean1.25x,/home/tchowdh4/sensor_recovery_project/prediction_results_v9_trained_hybrid/baseline_01_hover_ATT_trained_hybrid_prediction_outputs.csv,Yaw_hybrid_prediction
1.29948,0,354.8207397460937,354.8207397460937,352.67986450195315,2.1408752441405454,2.1408752441405454,0.013596,1,13.0,2.1576820960411194,1,1,1,baseline_01_hover,Yaw,pulse,W20_N5_mean1.25x,/home/tchowdh4/sensor_recovery_project/prediction_results_v9_trained_hybrid/baseline_01_hover_ATT_trained_hybrid_prediction_outputs.csv,Yaw_hybrid_prediction
1.39944,0,354.81787109375,354.81787109375,352.6801986694336,2.1376724243164062,2.1376724243164062,0.013596,1,14.0,2.1562528337750684,1,1,1,baseline_01_hover,Yaw,pulse,W20_N5_mean1.25x,/home/tchowdh4/sensor_recovery_project/prediction_results_v9_trained_hybrid/baseline_01_hover_ATT_trained_hybrid_prediction_outputs.csv,Yaw_hybrid_prediction
1.4994,0,354.81463623046875,354.81463623046875,352.6800369262695,2.1345993041992415,2.1345993041992415,0.013596,1,15.0,2.15480926513668,1,1,1,baseline_01_hover,Yaw,pulse,W20_N5_mean1.25x,/home/tchowdh4/sensor_recovery_project/prediction_results_v9_trained_hybrid/baseline_01_hover_ATT_trained_hybrid_prediction_outputs.csv,Yaw_hybrid_prediction
1.59936,0,354.8116455078125,354.8116455078125,352.6808639526366,2.130781555175872,2.130781555175872,0.013596,1,16.0,2.1533075332641296,1,1,1,baseline_01_hover,Yaw,pulse,W20_N5_mean1.25x,/home/tchowdh4/sensor_recovery_project/prediction_results_v9_trained_hybrid/baseline_01_hover_ATT_trained_hybrid_prediction_outputs.csv,Yaw_hybrid_prediction
1.69932,0,354.8086853027344,354.8086853027344,352.6811340332032,2.127551269531182,2.127551269531182,0.013596,1,17.0,2.1517924589268973,1,1,1,baseline_01_hover,Yaw,pulse,W20_N5_mean1.25x,/home/tchowdh4/sensor_recovery_project/prediction_results_v9_trained_hybrid/baseline_01_hover_ATT_trained_hybrid_prediction_outputs.csv,Yaw_hybrid_prediction
1.79928,0,354.8059387207031,354.8059387207031,352.6795532226563,2.1263854980468295,2.1263854980468295,0.013596,1,18.0,2.150380961100227,1,1,1,baseline_01_hover,Yaw,pulse,W20_N5_mean1.25x,/home/tchowdh4/sensor_recovery_project/prediction_results_v9_trained_hybrid/baseline_01_hover_ATT_trained_hybrid_prediction_outputs.csv,Yaw_hybrid_prediction
1.89924,0,354.8031311035156,354.8031311035156,352.6789306640625,2.1242004394531477,2.1242004394531477,0.013596,1,19.0,2.1490030389082753,1,1,1,baseline_01_hover,Yaw,pulse,W20_N5_mean1.25x,/home/tchowdh4/sensor_recovery_project/prediction_results_v9_trained_hybrid/baseline_01_hover_ATT_trained_hybrid_prediction_outputs.csv,Yaw_hybrid_prediction
1.9992,0,354.8003234863281,354.8003234863281,352.67903900146484,2.1212844848632812,2.1212844848632812,0.013596,1,20.0,2.1476171112060256,1,1,1,baseline_01_hover,Yaw,pulse,W20_N5_mean1.25x,/home/tchowdh4/sensor_recovery_project/prediction_results_v9_trained_hybrid/baseline_01_hover_ATT_trained_hybrid_prediction_outputs.csv,Yaw_hybrid_prediction
2.099993,0,354.79718017578125,354.79718017578125,352.6791076660156,2.118072509765625,2.118072509765625,0.013596,1,20.0,2.1448107910155985,1,1,1,baseline_01_hover,Yaw,pulse,W20_N5_mean1.25x,/home/tchowdh4/sensor_recovery_project/prediction_results_v9_trained_hybrid/baseline_01_hover_ATT_trained_hybrid_prediction_outputs.csv,Yaw_hybrid_prediction
2.199953,0,354.7941589355469,354.7941589355469,352.67937316894535,2.1147857666015284,2.1147857666015284,0.013596,1,20.0,2.1419549560546614,1,1,1,baseline_01_hover,Yaw,pulse,W20_N5_mean1.25x,/home/tchowdh4/sensor_recovery_project/prediction_results_v9_trained_hybrid/baseline_01_hover_ATT_trained_hybrid_prediction_outputs.csv,Yaw_hybrid_prediction
2.299913,0,354.79119873046875,354.79119873046875,352.6792465209961,2.1119522094726335,2.1119522094726335,0.013596,1,20.0,2.139106979370092,1,1,1,baseline_01_hover,Yaw,pulse,W20_N5_mean1.25x,/home/tchowdh4/sensor_recovery_project/prediction_results_v9_trained_hybrid/baseline_01_hover_ATT_trained_hybrid_prediction_outputs.csv,Yaw_hybrid_prediction
2.399873,0,354.7879333496094,354.7879333496094,352.67983551025395,2.1080978393554233,2.1080978393554233,0.013596,1,20.0,2.136295013427707,1,1,1,baseline_01_hover,Yaw,pulse,W20_N5_mean1.25x,/home/tchowdh4/sensor_recovery_project/prediction_results_v9_trained_hybrid/baseline_01_hover_ATT_trained_hybrid_prediction_outputs.csv,Yaw_hybrid_prediction
2.499833,0,354.7850341796875,354.7850341796875,352.679833984375,2.1052001953124773,2.1052001953124773,0.013596,1,20.0,2.1336296081542683,1,1,1,baseline_01_hover,Yaw,pulse,W20_N5_mean1.25x,/home/tchowdh4/sensor_recovery_project/prediction_results_v9_trained_hybrid/baseline_01_hover_ATT_trained_hybrid_prediction_outputs.csv,Yaw_hybrid_prediction
2.599793,0,354.7819519042969,354.7819519042969,352.6807083129883,2.1012435913085596,2.1012435913085596,0.013596,1,20.0,2.130832901000949,1,1,1,baseline_01_hover,Yaw,pulse,W20_N5_mean1.25x,/home/tchowdh4/sensor_recovery_project/prediction_results_v9_trained_hybrid/baseline_01_hover_ATT_trained_hybrid_prediction_outputs.csv,Yaw_hybrid_prediction
2.699753,0,354.7787170410156,354.7787170410156,352.6812164306641,2.097500610351517,2.097500610351517,0.013596,1,20.0,2.127818984985325,1,1,1,baseline_01_hover,Yaw,pulse,W20_N5_mean1.25x,/home/tchowdh4/sensor_recovery_project/prediction_results_v9_trained_hybrid/baseline_01_hover_ATT_trained_hybrid_prediction_outputs.csv,Yaw_hybrid_prediction
2.799713,0,354.7757568359375,354.7757568359375,352.6814559936524,2.094300842285122,2.094300842285122,0.013596,1,20.0,2.1246710968017313,1,1,1,baseline_01_hover,Yaw,pulse,W20_N5_mean1.25x,/home/tchowdh4/sensor_recovery_project/prediction_results_v9_trained_hybrid/baseline_01_hover_ATT_trained_hybrid_prediction_outputs.csv,Yaw_hybrid_prediction
2.899673,0,354.7727966308594,354.7727966308594,352.6809066772461,2.091889953613247,2.091889953613247,0.013596,1,20.0,2.1215390014648166,1,1,1,baseline_01_hover,Yaw,pulse,W20_N5_mean1.25x,/home/tchowdh4/sensor_recovery_project/prediction_results_v9_trained_hybrid/baseline_01_hover_ATT_trained_hybrid_prediction_outputs.csv,Yaw_hybrid_prediction
2.999633,0,354.7695617675781,354.7695617675781,352.68067626953126,2.0888854980468636,2.0888854980468636,0.013596,1,20.0,2.118402481079076,1,1,1,baseline_01_hover,Yaw,pulse,W20_N5_mean1.25x,/home/tchowdh4/sensor_recovery_project/prediction_results_v9_trained_hybrid/baseline_01_hover_ATT_trained_hybrid_prediction_outputs.csv,Yaw_hybrid_prediction
3.099593,0,354.7662048339844,354.7662048339844,352.6803436279297,2.0858612060546875,2.0858612060546875,0.013596,1,20.0,2.115288696289042,1,1,1,baseline_01_hover,Yaw,pulse,W20_N5_mean1.25x,/home/tchowdh4/sensor_recovery_project/prediction_results_v9_trained_hybrid/baseline_01_hover_ATT_trained_hybrid_prediction_outputs.csv,Yaw_hybrid_prediction
3.199553,0,354.7628479003906,354.7628479003906,352.6799499511718,2.082897949218818,2.082897949218818,0.013596,1,20.0,2.1122019195556505,1,1,1,baseline_01_hover,Yaw,pulse,W20_N5_mean1.25x,/home/tchowdh4/sensor_recovery_project/prediction_results_v9_trained_hybrid/baseline_01_hover_ATT_trained_hybrid_prediction_outputs.csv,Yaw_hybrid_prediction
3.299513,0,354.75958251953125,354.75958251953125,352.6796279907227,2.079954528808571,2.079954528808571,0.013596,1,20.0,2.1091558837890516,1,1,1,baseline_01_hover,Yaw,pulse,W20_N5_mean1.25x,/home/tchowdh4/sensor_recovery_project/prediction_results_v9_trained_hybrid/baseline_01_hover_ATT_trained_hybrid_prediction_outputs.csv,Yaw_hybrid_prediction
3.399473,0,354.7564697265625,354.7564697265625,352.6798233032227,2.0766464233398096,2.0766464233398096,0.013596,1,20.0,2.1061045837402217,1,1,1,baseline_01_hover,Yaw,pulse,W20_N5_mean1.25x,/home/tchowdh4/sensor_recovery_project/prediction_results_v9_trained_hybrid/baseline_01_hover_ATT_trained_hybrid_prediction_outputs.csv,Yaw_hybrid_prediction
3.499433,0,354.7532958984375,354.7532958984375,352.68025207519526,2.0730438232422443,2.0730438232422443,0.013596,1,20.0,2.103026809692372,1,1,1,baseline_01_hover,Yaw,pulse,W20_N5_mean1.25x,/home/tchowdh4/sensor_recovery_project/prediction_results_v9_trained_hybrid/baseline_01_hover_ATT_trained_hybrid_prediction_outputs.csv,Yaw_hybrid_prediction
3.599393,0,354.7507019042969,354.7507019042969,352.6801147460937,2.070587158203182,2.070587158203182,0.013596,1,20.0,2.1000170898437376,1,1,1,baseline_01_hover,Yaw,pulse,W20_N5_mean1.25x,/home/tchowdh4/sensor_recovery_project/prediction_results_v9_trained_hybrid/baseline_01_hover_ATT_trained_hybrid_prediction_outputs.csv,Yaw_hybrid_prediction
3.699353,0,354.7478942871094,354.7478942871094,352.679672241211,2.0682220458983807,2.0682220458983807,0.013596,1,20.0,2.0970506286620973,1,1,1,baseline_01_hover,Yaw,pulse,W20_N5_mean1.25x,/home/tchowdh4/sensor_recovery_project/prediction_results_v9_trained_hybrid/baseline_01_hover_ATT_trained_hybrid_prediction_outputs.csv,Yaw_hybrid_prediction
3.799313,0,354.7449035644531,354.7449035644531,352.6796325683593,2.0652709960938296,2.0652709960938296,0.013596,1,20.0,2.0939949035644476,1,1,1,baseline_01_hover,Yaw,pulse,W20_N5_mean1.25x,/home/tchowdh4/sensor_recovery_project/prediction_results_v9_trained_hybrid/baseline_01_hover_ATT_trained_hybrid_prediction_outputs.csv,Yaw_hybrid_prediction
3.899273,0,354.7415466308594,354.7415466308594,352.67959899902337,2.0619476318360057,2.0619476318360057,0.013596,1,20.0,2.09088226318359,1,1,1,baseline_01_hover,Yaw,pulse,W20_N5_mean1.25x,/home/tchowdh4/sensor_recovery_project/prediction_results_v9_trained_hybrid/baseline_01_hover_ATT_trained_hybrid_prediction_outputs.csv,Yaw_hybrid_prediction
3.999233,0,354.7382507324219,354.7382507324219,352.6793167114258,2.0589340209960483,2.0589340209960483,0.013596,1,20.0,2.0877647399902286,1,1,1,baseline_01_hover,Yaw,pulse,W20_N5_mean1.25x,/home/tchowdh4/sensor_recovery_project/prediction_results_v9_trained_hybrid/baseline_01_hover_ATT_trained_hybrid_prediction_outputs.csv,Yaw_hybrid_prediction
4.099193,0,354.7347412109375,354.7347412109375,352.67874908447266,2.0559921264648438,2.0559921264648438,0.013596,1,20.0,2.0846607208251897,1,1,1,baseline_01_hover,Yaw,pulse,W20_N5_mean1.25x,/home/tchowdh4/sensor_recovery_project/prediction_results_v9_trained_hybrid/baseline_01_hover_ATT_trained_hybrid_prediction_outputs.csv,Yaw_hybrid_prediction
4.199986,0,354.7316589355469,354.7316589355469,352.678468322754,2.053190612792889,2.053190612792889,0.013596,1,20.0,2.0815809631347575,1,1,1,baseline_01_hover,Yaw,pulse,W20_N5_mean1.25x,/home/tchowdh4/sensor_recovery_project/prediction_results_v9_trained_hybrid/baseline_01_hover_ATT_trained_hybrid_prediction_outputs.csv,Yaw_hybrid_prediction
4.299946,0,354.728271484375,354.728271484375,352.67799987792966,2.0502716064453352,2.0502716064453352,0.013596,1,20.0,2.0784969329833927,1,1,1,baseline_01_hover,Yaw,pulse,W20_N5_mean1.25x,/home/tchowdh4/sensor_recovery_project/prediction_results_v9_trained_hybrid/baseline_01_hover_ATT_trained_hybrid_prediction_outputs.csv,Yaw_hybrid_prediction
4.399906,0,354.7247314453125,354.7247314453125,352.6784576416016,2.0462738037109034,2.0462738037109034,0.013596,1,20.0,2.0754057312011667,1,1,1,baseline_01_hover,Yaw,pulse,W20_N5_mean1.25x,/home/tchowdh4/sensor_recovery_project/prediction_results_v9_trained_hybrid/baseline_01_hover_ATT_trained_hybrid_prediction_outputs.csv,Yaw_hybrid_prediction
4.499866,0,354.720947265625,354.720947265625,352.67890625,2.0420410156249886,2.0420410156249886,0.013596,1,20.0,2.0722477722167922,1,1,1,baseline_01_hover,Yaw,pulse,W20_N5_mean1.25x,/home/tchowdh4/sensor_recovery_project/prediction_results_v9_trained_hybrid/baseline_01_hover_ATT_trained_hybrid_prediction_outputs.csv,Yaw_hybrid_prediction
4.599826,0,354.7174987792969,354.7174987792969,352.6790954589844,2.0384033203124545,2.0384033203124545,0.013596,1,20.0,2.069105758666987,1,1,1,baseline_01_hover,Yaw,pulse,W20_N5_mean1.25x,/home/tchowdh4/sensor_recovery_project/prediction_results_v9_trained_hybrid/baseline_01_hover_ATT_trained_hybrid_prediction_outputs.csv,Yaw_hybrid_prediction
4.699786,0,354.71392822265625,354.71392822265625,352.67925109863285,2.0346771240234034,2.0346771240234034,0.013596,1,20.0,2.0659645843505814,1,1,1,baseline_01_hover,Yaw,pulse,W20_N5_mean1.25x,/home/tchowdh4/sensor_recovery_project/prediction_results_v9_trained_hybrid/baseline_01_hover_ATT_trained_hybrid_prediction_outputs.csv,Yaw_hybrid_prediction
4.799746,0,354.7103576660156,354.7103576660156,352.6791687011719,2.03118896484375,2.03118896484375,0.013596,1,20.0,2.062808990478513,1,1,1,baseline_01_hover,Yaw,pulse,W20_N5_mean1.25x,/home/tchowdh4/sensor_recovery_project/prediction_results_v9_trained_hybrid/baseline_01_hover_ATT_trained_hybrid_prediction_outputs.csv,Yaw_hybrid_prediction
4.899706,0,354.7069396972656,354.7069396972656,352.678549194336,2.0283905029296534,2.0283905029296534,0.013596,1,20.0,2.059634017944333,1,1,1,baseline_01_hover,Yaw,pulse,W20_N5_mean1.25x,/home/tchowdh4/sensor_recovery_project/prediction_results_v9_trained_hybrid/baseline_01_hover_ATT_trained_hybrid_prediction_outputs.csv,Yaw_hybrid_prediction
4.999666,0,354.7034912109375,354.7034912109375,352.6793167114257,2.024174499511787,2.024174499511787,0.013596,1,20.0,2.056398468017579,1,1,1,baseline_01_hover,Yaw,pulse,W20_N5_mean1.25x,/home/tchowdh4/sensor_recovery_project/prediction_results_v9_trained_hybrid/baseline_01_hover_ATT_trained_hybrid_prediction_outputs.csv,Yaw_hybrid_prediction
5.099626,0,354.699951171875,354.699951171875,352.6793151855469,2.0206359863281023,2.0206359863281023,0.013596,1,20.0,2.05313720703125,1,1,1,baseline_01_hover,Yaw,pulse,W20_N5_mean1.25x,/home/tchowdh4/sensor_recovery_project/prediction_results_v9_trained_hybrid/baseline_01_hover_ATT_trained_hybrid_prediction_outputs.csv,Yaw_hybrid_prediction
5.199586,0,354.6963195800781,354.6963195800781,352.679525756836,2.0167938232421534,2.0167938232421534,0.013596,1,20.0,2.0498320007324167,1,1,1,baseline_01_hover,Yaw,pulse,W20_N5_mean1.25x,/home/tchowdh4/sensor_recovery_project/prediction_results_v9_trained_hybrid/baseline_01_hover_ATT_trained_hybrid_prediction_outputs.csv,Yaw_hybrid_prediction
5.299546,0,354.69256591796875,354.69256591796875,352.6792663574219,2.013299560546841,2.013299560546841,0.013596,1,20.0,2.04649925231933,1,1,1,baseline_01_hover,Yaw,pulse,W20_N5_mean1.25x,/home/tchowdh4/sensor_recovery_project/prediction_results_v9_trained_hybrid/baseline_01_hover_ATT_trained_hybrid_prediction_outputs.csv,Yaw_hybrid_prediction
5.399506,0,354.6888732910156,354.6888732910156,352.67918853759767,2.0096847534179574,2.0096847534179574,0.013596,1,20.0,2.0431511688232376,1,1,1,baseline_01_hover,Yaw,pulse,W20_N5_mean1.25x,/home/tchowdh4/sensor_recovery_project/prediction_results_v9_trained_hybrid/baseline_01_hover_ATT_trained_hybrid_prediction_outputs.csv,Yaw_hybrid_prediction
5.499466,0,354.6852722167969,354.6852722167969,352.6787872314453,2.0064849853515625,2.0064849853515625,0.013596,1,20.0,2.0398232269287035,1,1,1,baseline_01_hover,Yaw,pulse,W20_N5_mean1.25x,/home/tchowdh4/sensor_recovery_project/prediction_results_v9_trained_hybrid/baseline_01_hover_ATT_trained_hybrid_prediction_outputs.csv,Yaw_hybrid_prediction
5.599426,0,354.6817626953125,354.6817626953125,352.6788803100586,2.0028823852538835,2.0028823852538835,0.013596,1,20.0,2.0364379882812385,1,1,1,baseline_01_hover,Yaw,pulse,W20_N5_mean1.25x,/home/tchowdh4/sensor_recovery_project/prediction_results_v9_trained_hybrid/baseline_01_hover_ATT_trained_hybrid_prediction_outputs.csv,Yaw_hybrid_prediction
5.699386,0,354.6777038574219,354.6777038574219,352.6791595458984,1.9985443115234602,1.9985443115234602,0.013596,1,20.0,2.032954101562493,1,1,1,baseline_01_hover,Yaw,pulse,W20_N5_mean1.25x,/home/tchowdh4/sensor_recovery_project/prediction_results_v9_trained_hybrid/baseline_01_hover_ATT_trained_hybrid_prediction_outputs.csv,Yaw_hybrid_prediction
5.799346,0,354.673828125,354.673828125,352.6801391601563,1.9936889648437273,1.9936889648437273,0.013596,1,20.0,2.0293749999999875,1,1,1,baseline_01_hover,Yaw,pulse,W20_N5_mean1.25x,/home/tchowdh4/sensor_recovery_project/prediction_results_v9_trained_hybrid/baseline_01_hover_ATT_trained_hybrid_prediction_outputs.csv,Yaw_hybrid_prediction
5.899306,0,354.67010498046875,354.67010498046875,352.6810043334961,1.9891006469726449,1.9891006469726449,0.013596,1,20.0,2.0257326507568196,1,1,1,baseline_01_hover,Yaw,pulse,W20_N5_mean1.25x,/home/tchowdh4/sensor_recovery_project/prediction_results_v9_trained_hybrid/baseline_01_hover_ATT_trained_hybrid_prediction_outputs.csv,Yaw_hybrid_prediction
5.999266,0,354.6664428710937,354.6664428710937,352.68169555664065,1.9847473144530454,1.9847473144530454,0.013596,1,20.0,2.0220233154296694,1,1,1,baseline_01_hover,Yaw,pulse,W20_N5_mean1.25x,/home/tchowdh4/sensor_recovery_project/prediction_results_v9_trained_hybrid/baseline_01_hover_ATT_trained_hybrid_prediction_outputs.csv,Yaw_hybrid_prediction
6.099226,0,354.6626892089844,354.6626892089844,352.6820739746093,1.9806152343750796,1.9806152343750796,0.013596,1,20.0,2.0182544708251813,1,1,1,baseline_01_hover,Yaw,pulse,W20_N5_mean1.25x,/home/tchowdh4/sensor_recovery_project/prediction_results_v9_trained_hybrid/baseline_01_hover_ATT_trained_hybrid_prediction_outputs.csv,Yaw_hybrid_prediction
6.200019,0,354.65887451171875,354.65887451171875,352.6819427490235,1.9769317626952443,1.9769317626952443,0.013596,1,20.0,2.0144415283202988,1,1,1,baseline_01_hover,Yaw,pulse,W20_N5_mean1.25x,/home/tchowdh4/sensor_recovery_project/prediction_results_v9_trained_hybrid/baseline_01_hover_ATT_trained_hybrid_prediction_outputs.csv,Yaw_hybrid_prediction
6.299979,0,354.65484619140625,354.65484619140625,352.6817825317383,1.9730636596679574,1.9730636596679574,0.013596,1,20.0,2.01058113098143,1,1,1,baseline_01_hover,Yaw,pulse,W20_N5_mean1.25x,/home/tchowdh4/sensor_recovery_project/prediction_results_v9_trained_hybrid/baseline_01_hover_ATT_trained_hybrid_prediction_outputs.csv,Yaw_hybrid_prediction
6.399939,0,354.6509094238281,354.6509094238281,352.6816467285156,1.9692626953125227,1.9692626953125227,0.013596,1,20.0,2.006730575561511,1,1,1,baseline_01_hover,Yaw,pulse,W20_N5_mean1.25x,/home/tchowdh4/sensor_recovery_project/prediction_results_v9_trained_hybrid/baseline_01_hover_ATT_trained_hybrid_prediction_outputs.csv,Yaw_hybrid_prediction
6.499899,0,354.6467590332031,354.6467590332031,352.6811706542969,1.9655883789062045,1.9655883789062045,0.013596,1,20.0,2.002907943725572,1,1,1,baseline_01_hover,Yaw,pulse,W20_N5_mean1.25x,/home/tchowdh4/sensor_recovery_project/prediction_results_v9_trained_hybrid/baseline_01_hover_ATT_trained_hybrid_prediction_outputs.csv,Yaw_hybrid_prediction
6.599859,0,354.6428527832031,354.6428527832031,352.68089294433594,1.9619598388671875,1.9619598388671875,0.013596,1,20.0,1.9990857696533084,1,1,1,baseline_01_hover,Yaw,pulse,W20_N5_mean1.25x,/home/tchowdh4/sensor_recovery_project/prediction_results_v9_trained_hybrid/baseline_01_hover_ATT_trained_hybrid_prediction_outputs.csv,Yaw_hybrid_prediction
6.699819,0,354.6387939453125,354.6387939453125,352.6805877685547,1.9582061767578125,1.9582061767578125,0.013596,1,20.0,1.995262222290029,1,1,1,baseline_01_hover,Yaw,pulse,W20_N5_mean1.25x,/home/tchowdh4/sensor_recovery_project/prediction_results_v9_trained_hybrid/baseline_01_hover_ATT_trained_hybrid_prediction_outputs.csv,Yaw_hybrid_prediction
6.799779,0,354.6351013183594,354.6351013183594,352.68116760253906,1.9539337158203125,1.9539337158203125,0.013596,1,20.0,1.991399459838857,1,1,1,baseline_01_hover,Yaw,pulse,W20_N5_mean1.25x,/home/tchowdh4/sensor_recovery_project/prediction_results_v9_trained_hybrid/baseline_01_hover_ATT_trained_hybrid_prediction_outputs.csv,Yaw_hybrid_prediction
6.899739,0,354.63134765625,354.63134765625,352.68142852783205,1.949919128417946,1.949919128417946,0.013596,1,20.0,1.9874758911132715,1,1,1,baseline_01_hover,Yaw,pulse,W20_N5_mean1.25x,/home/tchowdh4/sensor_recovery_project/prediction_results_v9_trained_hybrid/baseline_01_hover_ATT_trained_hybrid_prediction_outputs.csv,Yaw_hybrid_prediction
6.999699,0,354.6277160644531,354.6277160644531,352.68157043457035,1.9461456298827784,1.9461456298827784,0.013596,1,20.0,1.9835744476318211,1,1,1,baseline_01_hover,Yaw,pulse,W20_N5_mean1.25x,/home/tchowdh4/sensor_recovery_project/prediction_results_v9_trained_hybrid/baseline_01_hover_ATT_trained_hybrid_prediction_outputs.csv,Yaw_hybrid_prediction
7.099659,0,354.6239929199219,354.6239929199219,352.681266784668,1.9427261352538494,1.9427261352538494,0.013596,1,20.0,1.9796789550781084,1,1,1,baseline_01_hover,Yaw,pulse,W20_N5_mean1.25x,/home/tchowdh4/sensor_recovery_project/prediction_results_v9_trained_hybrid/baseline_01_hover_ATT_trained_hybrid_prediction_outputs.csv,Yaw_hybrid_prediction
7.199619,0,354.6201477050781,354.6201477050781,352.68155670166016,1.9385910034179688,1.9385910034179688,0.013596,1,20.0,1.9757688140868992,1,1,1,baseline_01_hover,Yaw,pulse,W20_N5_mean1.25x,/home/tchowdh4/sensor_recovery_project/prediction_results_v9_trained_hybrid/baseline_01_hover_ATT_trained_hybrid_prediction_outputs.csv,Yaw_hybrid_prediction
7.299579,0,354.6162109375,354.6162109375,352.68157653808595,1.9346343994140511,1.9346343994140511,0.013596,1,20.0,1.9718355560302598,1,1,1,baseline_01_hover,Yaw,pulse,W20_N5_mean1.25x,/home/tchowdh4/sensor_recovery_project/prediction_results_v9_trained_hybrid/baseline_01_hover_ATT_trained_hybrid_prediction_outputs.csv,Yaw_hybrid_prediction
7.399539,0,354.6124267578125,354.6124267578125,352.68177032470703,1.9306564331054688,1.9306564331054688,0.013596,1,20.0,1.9678841400146354,1,1,1,baseline_01_hover,Yaw,pulse,W20_N5_mean1.25x,/home/tchowdh4/sensor_recovery_project/prediction_results_v9_trained_hybrid/baseline_01_hover_ATT_trained_hybrid_prediction_outputs.csv,Yaw_hybrid_prediction
7.499499,0,354.608642578125,354.608642578125,352.6813919067383,1.9272506713866733,1.9272506713866733,0.013596,1,20.0,1.9639224243163909,1,1,1,baseline_01_hover,Yaw,pulse,W20_N5_mean1.25x,/home/tchowdh4/sensor_recovery_project/prediction_results_v9_trained_hybrid/baseline_01_hover_ATT_trained_hybrid_prediction_outputs.csv,Yaw_hybrid_prediction
7.599459,0,354.6048278808594,354.6048278808594,352.68135528564454,1.9234725952148324,1.9234725952148324,0.013596,1,20.0,1.9599519348144383,1,1,1,baseline_01_hover,Yaw,pulse,W20_N5_mean1.25x,/home/tchowdh4/sensor_recovery_project/prediction_results_v9_trained_hybrid/baseline_01_hover_ATT_trained_hybrid_prediction_outputs.csv,Yaw_hybrid_prediction
7.699419,0,354.6009826660156,354.6009826660156,352.68170623779304,1.919276428222588,1.919276428222588,0.013596,1,20.0,1.9559885406493946,1,1,1,baseline_01_hover,Yaw,pulse,W20_N5_mean1.25x,/home/tchowdh4/sensor_recovery_project/prediction_results_v9_trained_hybrid/baseline_01_hover_ATT_trained_hybrid_prediction_outputs.csv,Yaw_hybrid_prediction
7.799379,0,354.596923828125,354.596923828125,352.6816543579102,1.9152694702148096,1.9152694702148096,0.013596,1,20.0,1.952067565917949,1,1,1,baseline_01_hover,Yaw,pulse,W20_N5_mean1.25x,/home/tchowdh4/sensor_recovery_project/prediction_results_v9_trained_hybrid/baseline_01_hover_ATT_trained_hybrid_prediction_outputs.csv,Yaw_hybrid_prediction
7.899339,0,354.5929870605469,354.5929870605469,352.68168487548826,1.9113021850586165,1.9113021850586165,0.013596,1,20.0,1.9481776428222475,1,1,1,baseline_01_hover,Yaw,pulse,W20_N5_mean1.25x,/home/tchowdh4/sensor_recovery_project/prediction_results_v9_trained_hybrid/baseline_01_hover_ATT_trained_hybrid_prediction_outputs.csv,Yaw_hybrid_prediction
7.999299,0,354.5892333984375,354.5892333984375,352.6818481445313,1.9073852539062273,1.9073852539062273,0.013596,1,20.0,1.9443095397949066,1,1,1,baseline_01_hover,Yaw,pulse,W20_N5_mean1.25x,/home/tchowdh4/sensor_recovery_project/prediction_results_v9_trained_hybrid/baseline_01_hover_ATT_trained_hybrid_prediction_outputs.csv,Yaw_hybrid_prediction
8.099259,0,354.5855712890625,354.5855712890625,352.6816162109375,1.9039550781250227,1.9039550781250227,0.013596,1,20.0,1.9404765319824038,1,1,1,baseline_01_hover,Yaw,pulse,W20_N5_mean1.25x,/home/tchowdh4/sensor_recovery_project/prediction_results_v9_trained_hybrid/baseline_01_hover_ATT_trained_hybrid_prediction_outputs.csv,Yaw_hybrid_prediction
8.199219,0,354.58172607421875,354.58172607421875,352.6821578979492,1.899568176269554,1.899568176269554,0.013596,1,20.0,1.936608352661119,1,1,1,baseline_01_hover,Yaw,pulse,W20_N5_mean1.25x,/home/tchowdh4/sensor_recovery_project/prediction_results_v9_trained_hybrid/baseline_01_hover_ATT_trained_hybrid_prediction_outputs.csv,Yaw_hybrid_prediction
8.300012,0,354.5780334472656,354.5780334472656,352.6823608398438,1.8956726074218295,1.8956726074218295,0.013596,1,20.0,1.9327388000488128,1,1,1,baseline_01_hover,Yaw,pulse,W20_N5_mean1.25x,/home/tchowdh4/sensor_recovery_project/prediction_results_v9_trained_hybrid/baseline_01_hover_ATT_trained_hybrid_prediction_outputs.csv,Yaw_hybrid_prediction
8.399972,0,354.5757751464844,354.5757751464844,352.683268737793,1.8925064086913608,1.8925064086913608,0.013596,1,20.0,1.9289009857177546,1,1,1,baseline_01_hover,Yaw,pulse,W20_N5_mean1.25x,/home/tchowdh4/sensor_recovery_project/prediction_results_v9_trained_hybrid/baseline_01_hover_ATT_trained_hybrid_prediction_outputs.csv,Yaw_hybrid_prediction
8.499932,0,354.5785522460937,354.5785522460937,352.6835281372071,1.8950241088866164,1.8950241088866164,0.013596,1,20.0,1.9253727722167753,1,1,1,baseline_01_hover,Yaw,pulse,W20_N5_mean1.25x,/home/tchowdh4/sensor_recovery_project/prediction_results_v9_trained_hybrid/baseline_01_hover_ATT_trained_hybrid_prediction_outputs.csv,Yaw_hybrid_prediction
8.599892,0,354.5828857421875,354.5828857421875,352.6840576171875,1.8988281250000227,1.8988281250000227,0.013596,1,20.0,1.922216186523417,1,1,1,baseline_01_hover,Yaw,pulse,W20_N5_mean1.25x,/home/tchowdh4/sensor_recovery_project/prediction_results_v9_trained_hybrid/baseline_01_hover_ATT_trained_hybrid_prediction_outputs.csv,Yaw_hybrid_prediction
8.699852,0,354.5874328613281,354.5874328613281,352.68436889648444,1.9030639648436818,1.9030639648436818,0.013596,1,20.0,1.9194590759277106,1,1,1,baseline_01_hover,Yaw,pulse,W20_N5_mean1.25x,/home/tchowdh4/sensor_recovery_project/prediction_results_v9_trained_hybrid/baseline_01_hover_ATT_trained_hybrid_prediction_outputs.csv,Yaw_hybrid_prediction
8.799812,0,354.59088134765625,354.59088134765625,352.6847793579102,1.9061019897460483,1.9061019897460483,0.013596,1,20.0,1.9170674896239972,1,1,1,baseline_01_hover,Yaw,pulse,W20_N5_mean1.25x,/home/tchowdh4/sensor_recovery_project/prediction_results_v9_trained_hybrid/baseline_01_hover_ATT_trained_hybrid_prediction_outputs.csv,Yaw_hybrid_prediction
8.899772,0,354.5934143066406,354.5934143066406,352.68491058349616,1.908503723144463,1.908503723144463,0.013596,1,20.0,1.9149967193603232,1,1,1,baseline_01_hover,Yaw,pulse,W20_N5_mean1.25x,/home/tchowdh4/sensor_recovery_project/prediction_results_v9_trained_hybrid/baseline_01_hover_ATT_trained_hybrid_prediction_outputs.csv,Yaw_hybrid_prediction
8.999732,0,354.5953674316406,354.5953674316406,352.6852569580078,1.9101104736328125,1.9101104736328125,0.013596,1,20.0,1.9131949615478248,1,1,1,baseline_01_hover,Yaw,pulse,W20_N5_mean1.25x,/home/tchowdh4/sensor_recovery_project/prediction_results_v9_trained_hybrid/baseline_01_hover_ATT_trained_hybrid_prediction_outputs.csv,Yaw_hybrid_prediction
9.099692,0,354.5970764160156,354.5970764160156,352.68556213378906,1.9115142822265625,1.9115142822265625,0.013596,1,20.0,1.9116343688964605,1,1,1,baseline_01_hover,Yaw,pulse,W20_N5_mean1.25x,/home/tchowdh4/sensor_recovery_project/prediction_results_v9_trained_hybrid/baseline_01_hover_ATT_trained_hybrid_prediction_outputs.csv,Yaw_hybrid_prediction
9.199652,0,354.59844970703125,354.59844970703125,352.6859115600586,1.9125381469726221,1.9125381469726221,0.013596,1,20.0,1.9103317260741932,1,1,1,baseline_01_hover,Yaw,pulse,W20_N5_mean1.25x,/home/tchowdh4/sensor_recovery_project/prediction_results_v9_trained_hybrid/baseline_01_hover_ATT_trained_hybrid_prediction_outputs.csv,Yaw_hybrid_prediction
9.299612,0,354.5989074707031,354.5989074707031,352.6859817504883,1.9129257202148438,1.9129257202148438,0.013596,1,20.0,1.9092462921142328,1,1,1,baseline_01_hover,Yaw,pulse,W20_N5_mean1.25x,/home/tchowdh4/sensor_recovery_project/prediction_results_v9_trained_hybrid/baseline_01_hover_ATT_trained_hybrid_prediction_outputs.csv,Yaw_hybrid_prediction
9.399572,0,354.5985107421875,354.5985107421875,352.6864883422852,1.9120223999022983,1.9120223999022983,0.013596,1,20.0,1.9083145904540744,1,1,1,baseline_01_hover,Yaw,pulse,W20_N5_mean1.25x,/home/tchowdh4/sensor_recovery_project/prediction_results_v9_trained_hybrid/baseline_01_hover_ATT_trained_hybrid_prediction_outputs.csv,Yaw_hybrid_prediction
9.499532,0,354.5978088378906,354.5978088378906,352.6863098144531,1.9114990234375,1.9114990234375,0.013596,1,20.0,1.9075270080566156,1,1,1,baseline_01_hover,Yaw,pulse,W20_N5_mean1.25x,/home/tchowdh4/sensor_recovery_project/prediction_results_v9_trained_hybrid/baseline_01_hover_ATT_trained_hybrid_prediction_outputs.csv,Yaw_hybrid_prediction
9.599492,0,354.5973815917969,354.5973815917969,352.6866195678711,1.9107620239257699,1.9107620239257699,0.013596,1,20.0,1.9068914794921625,1,1,1,baseline_01_hover,Yaw,pulse,W20_N5_mean1.25x,/home/tchowdh4/sensor_recovery_project/prediction_results_v9_trained_hybrid/baseline_01_hover_ATT_trained_hybrid_prediction_outputs.csv,Yaw_hybrid_prediction
9.699452,0,354.5972900390625,354.5972900390625,352.6865234375,1.9107666015625,1.9107666015625,0.013596,1,20.0,1.9064659881591581,1,1,1,baseline_01_hover,Yaw,pulse,W20_N5_mean1.25x,/home/tchowdh4/sensor_recovery_project/prediction_results_v9_trained_hybrid/baseline_01_hover_ATT_trained_hybrid_prediction_outputs.csv,Yaw_hybrid_prediction
9.799412,0,354.5974426269531,354.5974426269531,352.6868774414063,1.9105651855468295,1.9105651855468295,0.013596,1,20.0,1.9062307739257591,1,1,1,baseline_01_hover,Yaw,pulse,W20_N5_mean1.25x,/home/tchowdh4/sensor_recovery_project/prediction_results_v9_trained_hybrid/baseline_01_hover_ATT_trained_hybrid_prediction_outputs.csv,Yaw_hybrid_prediction
9.899372,0,354.5979919433594,354.5979919433594,352.6868560791016,1.9111358642578011,1.9111358642578011,0.013596,1,20.0,1.9062224578857183,1,1,1,baseline_01_hover,Yaw,pulse,W20_N5_mean1.25x,/home/tchowdh4/sensor_recovery_project/prediction_results_v9_trained_hybrid/baseline_01_hover_ATT_trained_hybrid_prediction_outputs.csv,Yaw_hybrid_prediction
9.999332,0,354.59820556640625,354.59820556640625,352.68704986572266,1.9111557006835938,1.9111557006835938,0.013596,1,20.0,1.9064109802245865,1,1,1,baseline_01_hover,Yaw,pulse,W20_N5_mean1.25x,/home/tchowdh4/sensor_recovery_project/prediction_results_v9_trained_hybrid/baseline_01_hover_ATT_trained_hybrid_prediction_outputs.csv,Yaw_hybrid_prediction
10.099292,0,354.59820556640625,354.59820556640625,352.68724670410154,1.9109588623047102,1.9109588623047102,0.013596,1,20.0,1.906761169433571,1,1,1,baseline_01_hover,Yaw,pulse,W20_N5_mean1.25x,/home/tchowdh4/sensor_recovery_project/prediction_results_v9_trained_hybrid/baseline_01_hover_ATT_trained_hybrid_prediction_outputs.csv,Yaw_hybrid_prediction
10.199252,0,352.6589660644531,352.6589660644531,352.67402191162114,-0.015055847168014225,0.015055847168014225,0.013596,1,20.0,1.8125355529784941,1,1,1,baseline_01_hover,Yaw,pulse,W20_N5_mean1.25x,/home/tchowdh4/sensor_recovery_project/prediction_results_v9_trained_hybrid/baseline_01_hover_ATT_trained_hybrid_prediction_outputs.csv,Yaw_hybrid_prediction
10.299212,0,352.661376953125,352.661376953125,352.6415496826172,0.019827270507789763,0.019827270507789763,0.013596,1,20.0,1.718743286132792,1,1,1,baseline_01_hover,Yaw,pulse,W20_N5_mean1.25x,/home/tchowdh4/sensor_recovery_project/prediction_results_v9_trained_hybrid/baseline_01_hover_ATT_trained_hybrid_prediction_outputs.csv,Yaw_hybrid_prediction
10.400005,0,352.6618957519531,352.6618957519531,352.60837707519534,0.05351867675778976,0.05351867675778976,0.013596,1,20.0,1.6267938995361135,1,1,1,baseline_01_hover,Yaw,pulse,W20_N5_mean1.25x,/home/tchowdh4/sensor_recovery_project/prediction_results_v9_trained_hybrid/baseline_01_hover_ATT_trained_hybrid_prediction_outputs.csv,Yaw_hybrid_prediction
10.499965,0,352.67022705078125,352.67022705078125,352.5798446655274,0.09038238525386078,0.09038238525386078,0.013596,1,20.0,1.5365618133544756,1,1,1,baseline_01_hover,Yaw,pulse,W20_N5_mean1.25x,/home/tchowdh4/sensor_recovery_project/prediction_results_v9_trained_hybrid/baseline_01_hover_ATT_trained_hybrid_prediction_outputs.csv,Yaw_hybrid_prediction
10.599925,0,352.6814880371094,352.6814880371094,352.55692291259766,0.12456512451171875,0.12456512451171875,0.013596,1,20.0,1.4478486633300605,1,1,1,baseline_01_hover,Yaw,pulse,W20_N5_mean1.25x,/home/tchowdh4/sensor_recovery_project/prediction_results_v9_trained_hybrid/baseline_01_hover_ATT_trained_hybrid_prediction_outputs.csv,Yaw_hybrid_prediction
10.699885,0,352.6920166015625,352.6920166015625,352.53833465576173,0.15368194580076988,0.15368194580076988,0.013596,1,20.0,1.360379562377915,1,1,1,baseline_01_hover,Yaw,pulse,W20_N5_mean1.25x,/home/tchowdh4/sensor_recovery_project/prediction_results_v9_trained_hybrid/baseline_01_hover_ATT_trained_hybrid_prediction_outputs.csv,Yaw_hybrid_prediction
10.799845,0,352.6993713378906,352.6993713378906,352.5224426269532,0.1769287109374318,0.1769287109374318,0.013596,1,20.0,1.2739208984374841,1,1,1,baseline_01_hover,Yaw,pulse,W20_N5_mean1.25x,/home/tchowdh4/sensor_recovery_project/prediction_results_v9_trained_hybrid/baseline_01_hover_ATT_trained_hybrid_prediction_outputs.csv,Yaw_hybrid_prediction
10.899805,0,352.7043762207031,352.7043762207031,352.50771942138675,0.19665679931637214,0.19665679931637214,0.013596,1,20.0,1.1883285522460796,1,1,1,baseline_01_hover,Yaw,pulse,W20_N5_mean1.25x,/home/tchowdh4/sensor_recovery_project/prediction_results_v9_trained_hybrid/baseline_01_hover_ATT_trained_hybrid_prediction_outputs.csv,Yaw_hybrid_prediction
10.999765,0,352.7055053710937,352.7055053710937,352.4949295043946,0.21057586669911643,0.21057586669911643,0.013596,1,20.0,1.1033518218993947,1,1,1,baseline_01_hover,Yaw,pulse,W20_N5_mean1.25x,/home/tchowdh4/sensor_recovery_project/prediction_results_v9_trained_hybrid/baseline_01_hover_ATT_trained_hybrid_prediction_outputs.csv,Yaw_hybrid_prediction
11.099725,0,352.7070617675781,352.7070617675781,352.48283691406255,0.22422485351557953,0.22422485351557953,0.013596,1,20.0,1.0189873504638456,1,1,1,baseline_01_hover,Yaw,pulse,W20_N5_mean1.25x,/home/tchowdh4/sensor_recovery_project/prediction_results_v9_trained_hybrid/baseline_01_hover_ATT_trained_hybrid_prediction_outputs.csv,Yaw_hybrid_prediction
11.199685,0,352.7095642089844,352.7095642089844,352.47221069335944,0.2373535156249318,0.2373535156249318,0.013596,1,20.0,0.9352281188964611,1,1,1,baseline_01_hover,Yaw,pulse,W20_N5_mean1.25x,/home/tchowdh4/sensor_recovery_project/prediction_results_v9_trained_hybrid/baseline_01_hover_ATT_trained_hybrid_prediction_outputs.csv,Yaw_hybrid_prediction
11.299645,0,352.7103881835937,352.7103881835937,352.46252899169923,0.24785919189446304,0.24785919189446304,0.013596,1,20.0,0.8519747924804421,1,1,1,baseline_01_hover,Yaw,pulse,W20_N5_mean1.25x,/home/tchowdh4/sensor_recovery_project/prediction_results_v9_trained_hybrid/baseline_01_hover_ATT_trained_hybrid_prediction_outputs.csv,Yaw_hybrid_prediction
11.399605,0,352.7069091796875,352.7069091796875,352.45369415283204,0.2532150268554574,0.2532150268554574,0.013596,1,20.0,0.7690344238280999,1,1,1,baseline_01_hover,Yaw,pulse,W20_N5_mean1.25x,/home/tchowdh4/sensor_recovery_project/prediction_results_v9_trained_hybrid/baseline_01_hover_ATT_trained_hybrid_prediction_outputs.csv,Yaw_hybrid_prediction
11.499565,0,352.7063293457031,352.7063293457031,352.4458633422852,0.260466003417946,0.260466003417946,0.013596,1,20.0,0.6864827728271223,1,1,1,baseline_01_hover,Yaw,pulse,W20_N5_mean1.25x,/home/tchowdh4/sensor_recovery_project/prediction_results_v9_trained_hybrid/baseline_01_hover_ATT_trained_hybrid_prediction_outputs.csv,Yaw_hybrid_prediction
11.599525,0,352.7049560546875,352.7049560546875,352.4386550903321,0.2663009643554233,0.2663009643554233,0.013596,1,20.0,0.6042597198486049,1,1,1,baseline_01_hover,Yaw,pulse,W20_N5_mean1.25x,/home/tchowdh4/sensor_recovery_project/prediction_results_v9_trained_hybrid/baseline_01_hover_ATT_trained_hybrid_prediction_outputs.csv,Yaw_hybrid_prediction
11.699485,0,352.7042236328125,352.7042236328125,352.4324890136719,0.27173461914060226,0.27173461914060226,0.013596,1,20.0,0.5223081207275101,1,1,1,baseline_01_hover,Yaw,pulse,W20_N5_mean1.25x,/home/tchowdh4/sensor_recovery_project/prediction_results_v9_trained_hybrid/baseline_01_hover_ATT_trained_hybrid_prediction_outputs.csv,Yaw_hybrid_prediction
11.799445,0,352.7043762207031,352.7043762207031,352.4262069702149,0.27816925048824714,0.27816925048824714,0.013596,1,20.0,0.44068832397458096,1,1,1,baseline_01_hover,Yaw,pulse,W20_N5_mean1.25x,/home/tchowdh4/sensor_recovery_project/prediction_results_v9_trained_hybrid/baseline_01_hover_ATT_trained_hybrid_prediction_outputs.csv,Yaw_hybrid_prediction
11.899405,0,352.7036437988281,352.7036437988281,352.4208465576172,0.28279724121091476,0.28279724121091476,0.013596,1,20.0,0.35927139282223663,1,1,1,baseline_01_hover,Yaw,pulse,W20_N5_mean1.25x,/home/tchowdh4/sensor_recovery_project/prediction_results_v9_trained_hybrid/baseline_01_hover_ATT_trained_hybrid_prediction_outputs.csv,Yaw_hybrid_prediction
11.999365,0,352.6993713378906,352.6993713378906,352.41623229980473,0.283139038085892,0.283139038085892,0.013596,1,20.0,0.2778705596923515,1,1,1,baseline_01_hover,Yaw,pulse,W20_N5_mean1.25x,/home/tchowdh4/sensor_recovery_project/prediction_results_v9_trained_hybrid/baseline_01_hover_ATT_trained_hybrid_prediction_outputs.csv,Yaw_hybrid_prediction
12.099325,0,352.6962890625,352.6962890625,352.41168670654304,0.28460235595696304,0.28460235595696304,0.013596,1,20.0,0.19655273437496418,1,1,1,baseline_01_hover,Yaw,pulse,W20_N5_mean1.25x,/home/tchowdh4/sensor_recovery_project/prediction_results_v9_trained_hybrid/baseline_01_hover_ATT_trained_hybrid_prediction_outputs.csv,Yaw_hybrid_prediction
12.199285,0,352.6943664550781,352.6943664550781,352.4079467773438,0.2864196777343295,0.2864196777343295,0.013596,1,20.0,0.21012092590327996,1,1,1,baseline_01_hover,Yaw,pulse,W20_N5_mean1.25x,/home/tchowdh4/sensor_recovery_project/prediction_results_v9_trained_hybrid/baseline_01_hover_ATT_trained_hybrid_prediction_outputs.csv,Yaw_hybrid_prediction
12.299245,0,352.6952209472656,352.6952209472656,352.4043609619141,0.290859985351517,0.290859985351517,0.013596,1,20.0,0.2236725616454663,1,1,1,baseline_01_hover,Yaw,pulse,W20_N5_mean1.25x,/home/tchowdh4/sensor_recovery_project/prediction_results_v9_trained_hybrid/baseline_01_hover_ATT_trained_hybrid_prediction_outputs.csv,Yaw_hybrid_prediction
12.399205,0,352.6934814453125,352.6934814453125,352.4012573242188,0.2922241210936818,0.2922241210936818,0.013596,1,20.0,0.23560783386226092,1,1,1,baseline_01_hover,Yaw,pulse,W20_N5_mean1.25x,/home/tchowdh4/sensor_recovery_project/prediction_results_v9_trained_hybrid/baseline_01_hover_ATT_trained_hybrid_prediction_outputs.csv,Yaw_hybrid_prediction
12.499998,0,352.6930847167969,352.6930847167969,352.39813842773435,0.29494628906252274,0.29494628906252274,0.013596,1,20.0,0.24583602905269403,1,1,1,baseline_01_hover,Yaw,pulse,W20_N5_mean1.25x,/home/tchowdh4/sensor_recovery_project/prediction_results_v9_trained_hybrid/baseline_01_hover_ATT_trained_hybrid_prediction_outputs.csv,Yaw_hybrid_prediction
12.599958,0,352.69256591796875,352.69256591796875,352.3952301025392,0.29733581542956244,0.29733581542956244,0.013596,1,20.0,0.2544745635985862,1,1,1,baseline_01_hover,Yaw,pulse,W20_N5_mean1.25x,/home/tchowdh4/sensor_recovery_project/prediction_results_v9_trained_hybrid/baseline_01_hover_ATT_trained_hybrid_prediction_outputs.csv,Yaw_hybrid_prediction
12.699918,0,352.6932373046875,352.6932373046875,352.39250488281255,0.3007324218749545,0.3007324218749545,0.013596,1,20.0,0.26182708740229543,1,1,1,baseline_01_hover,Yaw,pulse,W20_N5_mean1.25x,/home/tchowdh4/sensor_recovery_project/prediction_results_v9_trained_hybrid/baseline_01_hover_ATT_trained_hybrid_prediction_outputs.csv,Yaw_hybrid_prediction
12.799878,0,352.6929626464844,352.6929626464844,352.390316772461,0.3026458740233693,0.3026458740233693,0.013596,1,20.0,0.2681129455565923,1,1,1,baseline_01_hover,Yaw,pulse,W20_N5_mean1.25x,/home/tchowdh4/sensor_recovery_project/prediction_results_v9_trained_hybrid/baseline_01_hover_ATT_trained_hybrid_prediction_outputs.csv,Yaw_hybrid_prediction
12.899838,0,352.693115234375,352.693115234375,352.3880249023438,0.30509033203122726,0.30509033203122726,0.013596,1,20.0,0.27353462219233504,1,1,1,baseline_01_hover,Yaw,pulse,W20_N5_mean1.25x,/home/tchowdh4/sensor_recovery_project/prediction_results_v9_trained_hybrid/baseline_01_hover_ATT_trained_hybrid_prediction_outputs.csv,Yaw_hybrid_prediction
12.999798,0,352.693115234375,352.693115234375,352.3859268188477,0.307188415527321,0.307188415527321,0.013596,1,20.0,0.2783652496337453,1,1,1,baseline_01_hover,Yaw,pulse,W20_N5_mean1.25x,/home/tchowdh4/sensor_recovery_project/prediction_results_v9_trained_hybrid/baseline_01_hover_ATT_trained_hybrid_prediction_outputs.csv,Yaw_hybrid_prediction
13.099758,0,352.69293212890625,352.69293212890625,352.3839813232422,0.30895080566403976,0.30895080566403976,0.013596,1,20.0,0.2826015472411683,1,1,1,baseline_01_hover,Yaw,pulse,W20_N5_mean1.25x,/home/tchowdh4/sensor_recovery_project/prediction_results_v9_trained_hybrid/baseline_01_hover_ATT_trained_hybrid_prediction_outputs.csv,Yaw_hybrid_prediction
13.199718,0,352.6919250488281,352.6919250488281,352.38218841552737,0.3097366333007585,0.3097366333007585,0.013596,1,20.0,0.2862207031249596,1,1,1,baseline_01_hover,Yaw,pulse,W20_N5_mean1.25x,/home/tchowdh4/sensor_recovery_project/prediction_results_v9_trained_hybrid/baseline_01_hover_ATT_trained_hybrid_prediction_outputs.csv,Yaw_hybrid_prediction
13.299678,0,352.6905822753906,352.6905822753906,352.3807693481445,0.30981292724612786,0.30981292724612786,0.013596,1,20.0,0.2893183898925429,1,1,1,baseline_01_hover,Yaw,pulse,W20_N5_mean1.25x,/home/tchowdh4/sensor_recovery_project/prediction_results_v9_trained_hybrid/baseline_01_hover_ATT_trained_hybrid_prediction_outputs.csv,Yaw_hybrid_prediction
13.399638,0,352.6883544921875,352.6883544921875,352.3791244506836,0.3092300415038949,0.3092300415038949,0.013596,1,20.0,0.29211914062496475,1,1,1,baseline_01_hover,Yaw,pulse,W20_N5_mean1.25x,/home/tchowdh4/sensor_recovery_project/prediction_results_v9_trained_hybrid/baseline_01_hover_ATT_trained_hybrid_prediction_outputs.csv,Yaw_hybrid_prediction
13.499598,0,352.68701171875,352.68701171875,352.37750701904304,0.30950469970696304,0.30950469970696304,0.013596,1,20.0,0.29457107543941563,1,1,1,baseline_01_hover,Yaw,pulse,W20_N5_mean1.25x,/home/tchowdh4/sensor_recovery_project/prediction_results_v9_trained_hybrid/baseline_01_hover_ATT_trained_hybrid_prediction_outputs.csv,Yaw_hybrid_prediction
13.599558,0,352.6854248046875,352.6854248046875,352.37642059326174,0.3090042114257585,0.3090042114257585,0.013596,1,20.0,0.29670623779293237,1,1,1,baseline_01_hover,Yaw,pulse,W20_N5_mean1.25x,/home/tchowdh4/sensor_recovery_project/prediction_results_v9_trained_hybrid/baseline_01_hover_ATT_trained_hybrid_prediction_outputs.csv,Yaw_hybrid_prediction
13.699518,0,352.68438720703125,352.68438720703125,352.3752578735352,0.30912933349605964,0.30912933349605964,0.013596,1,20.0,0.29857597351070525,1,1,1,baseline_01_hover,Yaw,pulse,W20_N5_mean1.25x,/home/tchowdh4/sensor_recovery_project/prediction_results_v9_trained_hybrid/baseline_01_hover_ATT_trained_hybrid_prediction_outputs.csv,Yaw_hybrid_prediction
13.799478,0,352.68359375,352.68359375,352.3742446899414,0.30934906005859375,0.30934906005859375,0.013596,1,20.0,0.30013496398922257,1,1,1,baseline_01_hover,Yaw,pulse,W20_N5_mean1.25x,/home/tchowdh4/sensor_recovery_project/prediction_results_v9_trained_hybrid/baseline_01_hover_ATT_trained_hybrid_prediction_outputs.csv,Yaw_hybrid_prediction
13.899438,0,352.6836242675781,352.6836242675781,352.37366333007816,0.3099609374999659,0.3099609374999659,0.013596,1,20.0,0.3014931488036751,1,1,1,baseline_01_hover,Yaw,pulse,W20_N5_mean1.25x,/home/tchowdh4/sensor_recovery_project/prediction_results_v9_trained_hybrid/baseline_01_hover_ATT_trained_hybrid_prediction_outputs.csv,Yaw_hybrid_prediction
13.999398,0,352.6836242675781,352.6836242675781,352.37288665771484,0.31073760986328125,0.31073760986328125,0.013596,1,20.0,0.3028730773925446,1,1,1,baseline_01_hover,Yaw,pulse,W20_N5_mean1.25x,/home/tchowdh4/sensor_recovery_project/prediction_results_v9_trained_hybrid/baseline_01_hover_ATT_trained_hybrid_prediction_outputs.csv,Yaw_hybrid_prediction
14.099358,0,352.6837463378906,352.6837463378906,352.3719909667969,0.31175537109373863,0.31175537109373863,0.013596,1,20.0,0.30423072814938334,1,1,1,baseline_01_hover,Yaw,pulse,W20_N5_mean1.25x,/home/tchowdh4/sensor_recovery_project/prediction_results_v9_trained_hybrid/baseline_01_hover_ATT_trained_hybrid_prediction_outputs.csv,Yaw_hybrid_prediction
14.199318,0,352.6838684082031,352.6838684082031,352.371224975586,0.3126434326171079,0.3126434326171079,0.013596,1,20.0,0.3055419158935223,1,1,1,baseline_01_hover,Yaw,pulse,W20_N5_mean1.25x,/home/tchowdh4/sensor_recovery_project/prediction_results_v9_trained_hybrid/baseline_01_hover_ATT_trained_hybrid_prediction_outputs.csv,Yaw_hybrid_prediction
14.299278,0,352.68426513671875,352.68426513671875,352.3702987670898,0.313966369628929,0.313966369628929,0.013596,1,20.0,0.3066972351073929,1,1,1,baseline_01_hover,Yaw,pulse,W20_N5_mean1.25x,/home/tchowdh4/sensor_recovery_project/prediction_results_v9_trained_hybrid/baseline_01_hover_ATT_trained_hybrid_prediction_outputs.csv,Yaw_hybrid_prediction
14.399238,0,352.6835021972656,352.6835021972656,352.3700775146484,0.31342468261721024,0.31342468261721024,0.013596,1,20.0,0.30775726318356933,1,1,1,baseline_01_hover,Yaw,pulse,W20_N5_mean1.25x,/home/tchowdh4/sensor_recovery_project/prediction_results_v9_trained_hybrid/baseline_01_hover_ATT_trained_hybrid_prediction_outputs.csv,Yaw_hybrid_prediction
14.499198,0,352.6824951171875,352.6824951171875,352.369384765625,0.3131103515625,0.3131103515625,0.013596,1,20.0,0.30866546630856817,1,1,1,baseline_01_hover,Yaw,pulse,W20_N5_mean1.25x,/home/tchowdh4/sensor_recovery_project/prediction_results_v9_trained_hybrid/baseline_01_hover_ATT_trained_hybrid_prediction_outputs.csv,Yaw_hybrid_prediction
14.599991,0,352.6814880371094,352.6814880371094,352.3686416625977,0.31284637451165054,0.31284637451165054,0.013596,1,20.0,0.3094409942626726,1,1,1,baseline_01_hover,Yaw,pulse,W20_N5_mean1.25x,/home/tchowdh4/sensor_recovery_project/prediction_results_v9_trained_hybrid/baseline_01_hover_ATT_trained_hybrid_prediction_outputs.csv,Yaw_hybrid_prediction
14.699951,0,352.6815490722656,352.6815490722656,352.36802825927737,0.3135208129882585,0.3135208129882585,0.013596,1,20.0,0.3100804138183378,1,1,1,baseline_01_hover,Yaw,pulse,W20_N5_mean1.25x,/home/tchowdh4/sensor_recovery_project/prediction_results_v9_trained_hybrid/baseline_01_hover_ATT_trained_hybrid_prediction_outputs.csv,Yaw_hybrid_prediction
14.799911,0,352.6817626953125,352.6817626953125,352.367741394043,0.3140213012695199,0.3140213012695199,0.013596,1,20.0,0.3106491851806453,1,1,1,baseline_01_hover,Yaw,pulse,W20_N5_mean1.25x,/home/tchowdh4/sensor_recovery_project/prediction_results_v9_trained_hybrid/baseline_01_hover_ATT_trained_hybrid_prediction_outputs.csv,Yaw_hybrid_prediction
14.899871,0,352.68218994140625,352.68218994140625,352.36752166748045,0.314668273925804,0.314668273925804,0.013596,1,20.0,0.31112808227537414,1,1,1,baseline_01_hover,Yaw,pulse,W20_N5_mean1.25x,/home/tchowdh4/sensor_recovery_project/prediction_results_v9_trained_hybrid/baseline_01_hover_ATT_trained_hybrid_prediction_outputs.csv,Yaw_hybrid_prediction
14.999831,0,352.682373046875,352.682373046875,352.3670700073243,0.31530303955071304,0.31530303955071304,0.013596,1,20.0,0.31153381347654374,1,1,1,baseline_01_hover,Yaw,pulse,W20_N5_mean1.25x,/home/tchowdh4/sensor_recovery_project/prediction_results_v9_trained_hybrid/baseline_01_hover_ATT_trained_hybrid_prediction_outputs.csv,Yaw_hybrid_prediction
15.099791,0,352.6824645996094,352.6824645996094,352.36658477783203,0.31587982177734375,0.31587982177734375,0.013596,1,20.0,0.31188026428220894,1,1,1,baseline_01_hover,Yaw,pulse,W20_N5_mean1.25x,/home/tchowdh4/sensor_recovery_project/prediction_results_v9_trained_hybrid/baseline_01_hover_ATT_trained_hybrid_prediction_outputs.csv,Yaw_hybrid_prediction
15.199751,0,352.6820678710937,352.6820678710937,352.3665252685547,0.3155426025389829,0.3155426025389829,0.013596,1,20.0,0.31217056274412014,1,1,1,baseline_01_hover,Yaw,pulse,W20_N5_mean1.25x,/home/tchowdh4/sensor_recovery_project/prediction_results_v9_trained_hybrid/baseline_01_hover_ATT_trained_hybrid_prediction_outputs.csv,Yaw_hybrid_prediction
15.299711,0,352.6815795898437,352.6815795898437,352.3661209106445,0.315458679199196,0.315458679199196,0.013596,1,20.0,0.31245285034177356,1,1,1,baseline_01_hover,Yaw,pulse,W20_N5_mean1.25x,/home/tchowdh4/sensor_recovery_project/prediction_results_v9_trained_hybrid/baseline_01_hover_ATT_trained_hybrid_prediction_outputs.csv,Yaw_hybrid_prediction
15.399671,0,352.681396484375,352.681396484375,352.36609497070305,0.3153015136719546,0.3153015136719546,0.013596,1,20.0,0.31275642395017655,1,1,1,baseline_01_hover,Yaw,pulse,W20_N5_mean1.25x,/home/tchowdh4/sensor_recovery_project/prediction_results_v9_trained_hybrid/baseline_01_hover_ATT_trained_hybrid_prediction_outputs.csv,Yaw_hybrid_prediction
15.499631,0,352.680908203125,352.680908203125,352.3661056518555,0.3148025512695085,0.3148025512695085,0.013596,1,20.0,0.31302131652830384,1,1,1,baseline_01_hover,Yaw,pulse,W20_N5_mean1.25x,/home/tchowdh4/sensor_recovery_project/prediction_results_v9_trained_hybrid/baseline_01_hover_ATT_trained_hybrid_prediction_outputs.csv,Yaw_hybrid_prediction
15.599591,0,352.6806030273437,352.6806030273437,352.3656768798828,0.31492614746088066,0.31492614746088066,0.013596,1,20.0,0.3133174133300599,1,1,1,baseline_01_hover,Yaw,pulse,W20_N5_mean1.25x,/home/tchowdh4/sensor_recovery_project/prediction_results_v9_trained_hybrid/baseline_01_hover_ATT_trained_hybrid_prediction_outputs.csv,Yaw_hybrid_prediction
15.699551,0,352.68035888671875,352.68035888671875,352.3660354614258,0.31432342529296875,0.31432342529296875,0.013596,1,20.0,0.3135771179199054,1,1,1,baseline_01_hover,Yaw,pulse,W20_N5_mean1.25x,/home/tchowdh4/sensor_recovery_project/prediction_results_v9_trained_hybrid/baseline_01_hover_ATT_trained_hybrid_prediction_outputs.csv,Yaw_hybrid_prediction
15.799511,0,352.6802978515625,352.6802978515625,352.365966796875,0.3143310546875,0.3143310546875,0.013596,1,20.0,0.3138262176513507,1,1,1,baseline_01_hover,Yaw,pulse,W20_N5_mean1.25x,/home/tchowdh4/sensor_recovery_project/prediction_results_v9_trained_hybrid/baseline_01_hover_ATT_trained_hybrid_prediction_outputs.csv,Yaw_hybrid_prediction
15.899471,0,352.6806945800781,352.6806945800781,352.36578979492185,0.31490478515627274,0.31490478515627274,0.013596,1,20.0,0.31407341003416606,1,1,1,baseline_01_hover,Yaw,pulse,W20_N5_mean1.25x,/home/tchowdh4/sensor_recovery_project/prediction_results_v9_trained_hybrid/baseline_01_hover_ATT_trained_hybrid_prediction_outputs.csv,Yaw_hybrid_prediction
15.999431,0,352.6814880371094,352.6814880371094,352.3656677246094,0.3158203124999659,0.3158203124999659,0.013596,1,20.0,0.31432754516600026,1,1,1,baseline_01_hover,Yaw,pulse,W20_N5_mean1.25x,/home/tchowdh4/sensor_recovery_project/prediction_results_v9_trained_hybrid/baseline_01_hover_ATT_trained_hybrid_prediction_outputs.csv,Yaw_hybrid_prediction
16.099391,0,352.6813659667969,352.6813659667969,352.36567840576174,0.3156875610351335,0.3156875610351335,0.013596,1,20.0,0.31452415466307004,1,1,1,baseline_01_hover,Yaw,pulse,W20_N5_mean1.25x,/home/tchowdh4/sensor_recovery_project/prediction_results_v9_trained_hybrid/baseline_01_hover_ATT_trained_hybrid_prediction_outputs.csv,Yaw_hybrid_prediction
16.199351,0,352.6806945800781,352.6806945800781,352.3659133911133,0.31478118896484375,0.31478118896484375,0.013596,1,20.0,0.3146310424804568,1,1,1,baseline_01_hover,Yaw,pulse,W20_N5_mean1.25x,/home/tchowdh4/sensor_recovery_project/prediction_results_v9_trained_hybrid/baseline_01_hover_ATT_trained_hybrid_prediction_outputs.csv,Yaw_hybrid_prediction
16.299311,0,352.6801147460937,352.6801147460937,352.3659774780274,0.31413726806630393,0.31413726806630393,0.013596,1,20.0,0.31463958740232556,1,1,1,baseline_01_hover,Yaw,pulse,W20_N5_mean1.25x,/home/tchowdh4/sensor_recovery_project/prediction_results_v9_trained_hybrid/baseline_01_hover_ATT_trained_hybrid_prediction_outputs.csv,Yaw_hybrid_prediction
16.399271,0,352.6790771484375,352.6790771484375,352.3662902832032,0.3127868652342727,0.3127868652342727,0.013596,1,20.0,0.31460769653317866,1,1,1,baseline_01_hover,Yaw,pulse,W20_N5_mean1.25x,/home/tchowdh4/sensor_recovery_project/prediction_results_v9_trained_hybrid/baseline_01_hover_ATT_trained_hybrid_prediction_outputs.csv,Yaw_hybrid_prediction
16.499231,0,352.6787414550781,352.6787414550781,352.36626892089845,0.31247253417967613,0.31247253417967613,0.013596,1,20.0,0.3145758056640375,1,1,1,baseline_01_hover,Yaw,pulse,W20_N5_mean1.25x,/home/tchowdh4/sensor_recovery_project/prediction_results_v9_trained_hybrid/baseline_01_hover_ATT_trained_hybrid_prediction_outputs.csv,Yaw_hybrid_prediction
16.599191,0,352.67852783203125,352.67852783203125,352.3666397094727,0.311888122558571,0.311888122558571,0.013596,1,20.0,0.3145278930663835,1,1,1,baseline_01_hover,Yaw,pulse,W20_N5_mean1.25x,/home/tchowdh4/sensor_recovery_project/prediction_results_v9_trained_hybrid/baseline_01_hover_ATT_trained_hybrid_prediction_outputs.csv,Yaw_hybrid_prediction
16.699984,0,352.67889404296875,352.67889404296875,352.3670028686524,0.31189117431637214,0.31189117431637214,0.013596,1,20.0,0.3144464111327892,1,1,1,baseline_01_hover,Yaw,pulse,W20_N5_mean1.25x,/home/tchowdh4/sensor_recovery_project/prediction_results_v9_trained_hybrid/baseline_01_hover_ATT_trained_hybrid_prediction_outputs.csv,Yaw_hybrid_prediction
16.799944,0,352.67919921875,352.67919921875,352.3673828125,0.31181640624998863,0.31181640624998863,0.013596,1,20.0,0.3143361663818126,1,1,1,baseline_01_hover,Yaw,pulse,W20_N5_mean1.25x,/home/tchowdh4/sensor_recovery_project/prediction_results_v9_trained_hybrid/baseline_01_hover_ATT_trained_hybrid_prediction_outputs.csv,Yaw_hybrid_prediction
16.899904,0,352.6794738769531,352.6794738769531,352.36748352050785,0.3119903564452784,0.3119903564452784,0.013596,1,20.0,0.3142022705077864,1,1,1,baseline_01_hover,Yaw,pulse,W20_N5_mean1.25x,/home/tchowdh4/sensor_recovery_project/prediction_results_v9_trained_hybrid/baseline_01_hover_ATT_trained_hybrid_prediction_outputs.csv,Yaw_hybrid_prediction
16.999864,0,352.67919921875,352.67919921875,352.36779937744143,0.311399841308571,0.311399841308571,0.013596,1,20.0,0.31400711059567926,1,1,1,baseline_01_hover,Yaw,pulse,W20_N5_mean1.25x,/home/tchowdh4/sensor_recovery_project/prediction_results_v9_trained_hybrid/baseline_01_hover_ATT_trained_hybrid_prediction_outputs.csv,Yaw_hybrid_prediction
17.099824,0,352.6766662597656,352.6766662597656,352.3682510375977,0.3084152221679233,0.3084152221679233,0.013596,1,20.0,0.31363388061520825,1,1,1,baseline_01_hover,Yaw,pulse,W20_N5_mean1.25x,/home/tchowdh4/sensor_recovery_project/prediction_results_v9_trained_hybrid/baseline_01_hover_ATT_trained_hybrid_prediction_outputs.csv,Yaw_hybrid_prediction
17.199784,0,352.67437744140625,352.67437744140625,352.368603515625,0.30577392578123863,0.30577392578123863,0.013596,1,20.0,0.31314544677732103,1,1,1,baseline_01_hover,Yaw,pulse,W20_N5_mean1.25x,/home/tchowdh4/sensor_recovery_project/prediction_results_v9_trained_hybrid/baseline_01_hover_ATT_trained_hybrid_prediction_outputs.csv,Yaw_hybrid_prediction
17.299744,0,352.6734619140625,352.6734619140625,352.3690582275391,0.30440368652341476,0.30440368652341476,0.013596,1,20.0,0.31259269714353194,1,1,1,baseline_01_hover,Yaw,pulse,W20_N5_mean1.25x,/home/tchowdh4/sensor_recovery_project/prediction_results_v9_trained_hybrid/baseline_01_hover_ATT_trained_hybrid_prediction_outputs.csv,Yaw_hybrid_prediction
17.399704,0,352.6734313964844,352.6734313964844,352.3693084716797,0.3041229248046875,0.3041229248046875,0.013596,1,20.0,0.3120337677001686,1,1,1,baseline_01_hover,Yaw,pulse,W20_N5_mean1.25x,/home/tchowdh4/sensor_recovery_project/prediction_results_v9_trained_hybrid/baseline_01_hover_ATT_trained_hybrid_prediction_outputs.csv,Yaw_hybrid_prediction
17.499664,0,352.6744689941406,352.6744689941406,352.3697021484376,0.30476684570299994,0.30476684570299994,0.013596,1,20.0,0.31153198242184316,1,1,1,baseline_01_hover,Yaw,pulse,W20_N5_mean1.25x,/home/tchowdh4/sensor_recovery_project/prediction_results_v9_trained_hybrid/baseline_01_hover_ATT_trained_hybrid_prediction_outputs.csv,Yaw_hybrid_prediction
17.599624,0,352.67657470703125,352.67657470703125,352.36997985839844,0.3065948486328125,0.3065948486328125,0.013596,1,20.0,0.31111541748043975,1,1,1,baseline_01_hover,Yaw,pulse,W20_N5_mean1.25x,/home/tchowdh4/sensor_recovery_project/prediction_results_v9_trained_hybrid/baseline_01_hover_ATT_trained_hybrid_prediction_outputs.csv,Yaw_hybrid_prediction
17.699584,0,352.6784362792969,352.6784362792969,352.37046203613284,0.30797424316403976,0.30797424316403976,0.013596,1,20.0,0.3107979583739933,1,1,1,baseline_01_hover,Yaw,pulse,W20_N5_mean1.25x,/home/tchowdh4/sensor_recovery_project/prediction_results_v9_trained_hybrid/baseline_01_hover_ATT_trained_hybrid_prediction_outputs.csv,Yaw_hybrid_prediction
17.799544,0,352.6797180175781,352.6797180175781,352.3708892822266,0.30882873535153976,0.30882873535153976,0.013596,1,20.0,0.3105228424071953,1,1,1,baseline_01_hover,Yaw,pulse,W20_N5_mean1.25x,/home/tchowdh4/sensor_recovery_project/prediction_results_v9_trained_hybrid/baseline_01_hover_ATT_trained_hybrid_prediction_outputs.csv,Yaw_hybrid_prediction
17.899504,0,352.6807556152344,352.6807556152344,352.37096252441404,0.30979309082033524,0.30979309082033524,0.013596,1,20.0,0.3102672576903984,1,1,1,baseline_01_hover,Yaw,pulse,W20_N5_mean1.25x,/home/tchowdh4/sensor_recovery_project/prediction_results_v9_trained_hybrid/baseline_01_hover_ATT_trained_hybrid_prediction_outputs.csv,Yaw_hybrid_prediction
17.999464,0,352.680908203125,352.680908203125,352.37176513671875,0.30914306640625,0.30914306640625,0.013596,1,20.0,0.30993339538571263,1,1,1,baseline_01_hover,Yaw,pulse,W20_N5_mean1.25x,/home/tchowdh4/sensor_recovery_project/prediction_results_v9_trained_hybrid/baseline_01_hover_ATT_trained_hybrid_prediction_outputs.csv,Yaw_hybrid_prediction
18.099424,0,352.68133544921875,352.68133544921875,352.3721099853516,0.30922546386716476,0.30922546386716476,0.013596,1,20.0,0.3096102905273142,1,1,1,baseline_01_hover,Yaw,pulse,W20_N5_mean1.25x,/home/tchowdh4/sensor_recovery_project/prediction_results_v9_trained_hybrid/baseline_01_hover_ATT_trained_hybrid_prediction_outputs.csv,Yaw_hybrid_prediction
18.199384,0,352.6824645996094,352.6824645996094,352.37289123535163,0.3095733642577443,0.3095733642577443,0.013596,1,20.0,0.3093498992919592,1,1,1,baseline_01_hover,Yaw,pulse,W20_N5_mean1.25x,/home/tchowdh4/sensor_recovery_project/prediction_results_v9_trained_hybrid/baseline_01_hover_ATT_trained_hybrid_prediction_outputs.csv,Yaw_hybrid_prediction
18.299344,0,352.6817932128906,352.6817932128906,352.37329711914066,0.3084960937499659,0.3084960937499659,0.013596,1,20.0,0.30906784057614234,1,1,1,baseline_01_hover,Yaw,pulse,W20_N5_mean1.25x,/home/tchowdh4/sensor_recovery_project/prediction_results_v9_trained_hybrid/baseline_01_hover_ATT_trained_hybrid_prediction_outputs.csv,Yaw_hybrid_prediction
18.399304,0,352.68035888671875,352.68035888671875,352.37409515380864,0.3062637329101108,0.3062637329101108,0.013596,1,20.0,0.30874168395993423,1,1,1,baseline_01_hover,Yaw,pulse,W20_N5_mean1.25x,/home/tchowdh4/sensor_recovery_project/prediction_results_v9_trained_hybrid/baseline_01_hover_ATT_trained_hybrid_prediction_outputs.csv,Yaw_hybrid_prediction
18.499264,0,352.6776123046875,352.6776123046875,352.37510681152344,0.3025054931640625,0.3025054931640625,0.013596,1,20.0,0.30824333190915354,1,1,1,baseline_01_hover,Yaw,pulse,W20_N5_mean1.25x,/home/tchowdh4/sensor_recovery_project/prediction_results_v9_trained_hybrid/baseline_01_hover_ATT_trained_hybrid_prediction_outputs.csv,Yaw_hybrid_prediction
18.599224,0,352.6750183105469,352.6750183105469,352.37571258544926,0.2993057250976108,0.2993057250976108,0.013596,1,20.0,0.3076142120361055,1,1,1,baseline_01_hover,Yaw,pulse,W20_N5_mean1.25x,/home/tchowdh4/sensor_recovery_project/prediction_results_v9_trained_hybrid/baseline_01_hover_ATT_trained_hybrid_prediction_outputs.csv,Yaw_hybrid_prediction
18.700017,0,352.677001953125,352.677001953125,352.37663574218755,0.3003662109374545,0.3003662109374545,0.013596,1,20.0,0.30703796386715965,1,1,1,baseline_01_hover,Yaw,pulse,W20_N5_mean1.25x,/home/tchowdh4/sensor_recovery_project/prediction_results_v9_trained_hybrid/baseline_01_hover_ATT_trained_hybrid_prediction_outputs.csv,Yaw_hybrid_prediction
18.799977,0,352.6814880371094,352.6814880371094,352.37726898193364,0.3042190551757358,0.3042190551757358,0.013596,1,20.0,0.306658096313447,1,1,1,baseline_01_hover,Yaw,pulse,W20_N5_mean1.25x,/home/tchowdh4/sensor_recovery_project/prediction_results_v9_trained_hybrid/baseline_01_hover_ATT_trained_hybrid_prediction_outputs.csv,Yaw_hybrid_prediction
18.899937,0,352.68475341796875,352.68475341796875,352.3778381347656,0.306915283203125,0.306915283203125,0.013596,1,20.0,0.3064043426513393,1,1,1,baseline_01_hover,Yaw,pulse,W20_N5_mean1.25x,/home/tchowdh4/sensor_recovery_project/prediction_results_v9_trained_hybrid/baseline_01_hover_ATT_trained_hybrid_prediction_outputs.csv,Yaw_hybrid_prediction
18.999897,0,352.68603515625,352.68603515625,352.37875823974616,0.30727691650383804,0.30727691650383804,0.013596,1,20.0,0.3061981964111027,1,1,1,baseline_01_hover,Yaw,pulse,W20_N5_mean1.25x,/home/tchowdh4/sensor_recovery_project/prediction_results_v9_trained_hybrid/baseline_01_hover_ATT_trained_hybrid_prediction_outputs.csv,Yaw_hybrid_prediction
19.099857,0,352.6846923828125,352.6846923828125,352.3796264648438,0.3050659179687045,0.3050659179687045,0.013596,1,20.0,0.30603073120114177,1,1,1,baseline_01_hover,Yaw,pulse,W20_N5_mean1.25x,/home/tchowdh4/sensor_recovery_project/prediction_results_v9_trained_hybrid/baseline_01_hover_ATT_trained_hybrid_prediction_outputs.csv,Yaw_hybrid_prediction
19.199817,0,352.68023681640625,352.68023681640625,352.3802597045899,0.2999771118163608,0.2999771118163608,0.013596,1,20.0,0.3057408905028979,1,1,1,baseline_01_hover,Yaw,pulse,W20_N5_mean1.25x,/home/tchowdh4/sensor_recovery_project/prediction_results_v9_trained_hybrid/baseline_01_hover_ATT_trained_hybrid_prediction_outputs.csv,Yaw_hybrid_prediction
19.299777,0,352.67742919921875,352.67742919921875,352.38122711181643,0.296202087402321,0.296202087402321,0.013596,1,20.0,0.3053308105468432,1,1,1,baseline_01_hover,Yaw,pulse,W20_N5_mean1.25x,/home/tchowdh4/sensor_recovery_project/prediction_results_v9_trained_hybrid/baseline_01_hover_ATT_trained_hybrid_prediction_outputs.csv,Yaw_hybrid_prediction
19.399737,0,352.677001953125,352.677001953125,352.38220062255857,0.294801330566429,0.294801330566429,0.013596,1,20.0,0.30486473083493026,1,1,1,baseline_01_hover,Yaw,pulse,W20_N5_mean1.25x,/home/tchowdh4/sensor_recovery_project/prediction_results_v9_trained_hybrid/baseline_01_hover_ATT_trained_hybrid_prediction_outputs.csv,Yaw_hybrid_prediction
19.499697,0,352.6784362792969,352.6784362792969,352.383058166504,0.29537811279288917,0.29537811279288917,0.013596,1,20.0,0.3043952941894247,1,1,1,baseline_01_hover,Yaw,pulse,W20_N5_mean1.25x,/home/tchowdh4/sensor_recovery_project/prediction_results_v9_trained_hybrid/baseline_01_hover_ATT_trained_hybrid_prediction_outputs.csv,Yaw_hybrid_prediction
19.599657,0,352.6833801269531,352.6833801269531,352.3840316772461,0.29934844970699714,0.29934844970699714,0.013596,1,20.0,0.3040329742431339,1,1,1,baseline_01_hover,Yaw,pulse,W20_N5_mean1.25x,/home/tchowdh4/sensor_recovery_project/prediction_results_v9_trained_hybrid/baseline_01_hover_ATT_trained_hybrid_prediction_outputs.csv,Yaw_hybrid_prediction
19.699617,0,352.687255859375,352.687255859375,352.3849334716797,0.3023223876953125,0.3023223876953125,0.013596,1,20.0,0.3037503814696976,1,1,1,baseline_01_hover,Yaw,pulse,W20_N5_mean1.25x,/home/tchowdh4/sensor_recovery_project/prediction_results_v9_trained_hybrid/baseline_01_hover_ATT_trained_hybrid_prediction_outputs.csv,Yaw_hybrid_prediction
19.799577,0,352.6866149902344,352.6866149902344,352.3857162475586,0.3008987426757699,0.3008987426757699,0.013596,1,20.0,0.30335388183590906,1,1,1,baseline_01_hover,Yaw,pulse,W20_N5_mean1.25x,/home/tchowdh4/sensor_recovery_project/prediction_results_v9_trained_hybrid/baseline_01_hover_ATT_trained_hybrid_prediction_outputs.csv,Yaw_hybrid_prediction
19.899537,0,352.6831970214844,352.6831970214844,352.38707122802737,0.2961257934570085,0.2961257934570085,0.013596,1,20.0,0.3026705169677427,1,1,1,baseline_01_hover,Yaw,pulse,W20_N5_mean1.25x,/home/tchowdh4/sensor_recovery_project/prediction_results_v9_trained_hybrid/baseline_01_hover_ATT_trained_hybrid_prediction_outputs.csv,Yaw_hybrid_prediction
19.999497,0,352.68017578125,352.68017578125,352.38795166015626,0.29222412109373863,0.29222412109373863,0.013596,1,20.0,0.3018245697021172,1,1,1,baseline_01_hover,Yaw,pulse,W20_N5_mean1.25x,/home/tchowdh4/sensor_recovery_project/prediction_results_v9_trained_hybrid/baseline_01_hover_ATT_trained_hybrid_prediction_outputs.csv,Yaw_hybrid_prediction
20.099457,0,352.6802978515625,352.6802978515625,352.3889282226563,0.2913696289061818,0.2913696289061818,0.013596,1,20.0,0.300931777954068,1,1,1,baseline_01_hover,Yaw,pulse,W20_N5_mean1.25x,/home/tchowdh4/sensor_recovery_project/prediction_results_v9_trained_hybrid/baseline_01_hover_ATT_trained_hybrid_prediction_outputs.csv,Yaw_hybrid_prediction
20.199417,0,352.6815795898437,352.6815795898437,352.390170288086,0.2914093017577102,0.2914093017577102,0.013596,1,20.0,0.30002357482906633,1,1,1,baseline_01_hover,Yaw,pulse,W20_N5_mean1.25x,/home/tchowdh4/sensor_recovery_project/prediction_results_v9_trained_hybrid/baseline_01_hover_ATT_trained_hybrid_prediction_outputs.csv,Yaw_hybrid_prediction
20.299377,0,352.6836242675781,352.6836242675781,352.3914627075196,0.2921615600585028,0.2921615600585028,0.013596,1,20.0,0.29920684814449316,1,1,1,baseline_01_hover,Yaw,pulse,W20_N5_mean1.25x,/home/tchowdh4/sensor_recovery_project/prediction_results_v9_trained_hybrid/baseline_01_hover_ATT_trained_hybrid_prediction_outputs.csv,Yaw_hybrid_prediction
20.399337,0,352.6827087402344,352.6827087402344,352.3922271728516,0.29048156738275566,0.29048156738275566,0.013596,1,20.0,0.2984177398681254,1,1,1,baseline_01_hover,Yaw,pulse,W20_N5_mean1.25x,/home/tchowdh4/sensor_recovery_project/prediction_results_v9_trained_hybrid/baseline_01_hover_ATT_trained_hybrid_prediction_outputs.csv,Yaw_hybrid_prediction
20.499297,0,352.6807556152344,352.6807556152344,352.39340820312503,0.2873474121093409,0.2873474121093409,0.013596,1,20.0,0.29765983581538935,1,1,1,baseline_01_hover,Yaw,pulse,W20_N5_mean1.25x,/home/tchowdh4/sensor_recovery_project/prediction_results_v9_trained_hybrid/baseline_01_hover_ATT_trained_hybrid_prediction_outputs.csv,Yaw_hybrid_prediction
20.599257,0,352.6778869628906,352.6778869628906,352.39472808837894,0.28315887451168464,0.28315887451168464,0.013596,1,20.0,0.29685249328609303,1,1,1,baseline_01_hover,Yaw,pulse,W20_N5_mean1.25x,/home/tchowdh4/sensor_recovery_project/prediction_results_v9_trained_hybrid/baseline_01_hover_ATT_trained_hybrid_prediction_outputs.csv,Yaw_hybrid_prediction
20.699217,0,352.6771240234375,352.6771240234375,352.3961120605469,0.28101196289060226,0.28101196289060226,0.013596,1,20.0,0.2958847808837504,1,1,1,baseline_01_hover,Yaw,pulse,W20_N5_mean1.25x,/home/tchowdh4/sensor_recovery_project/prediction_results_v9_trained_hybrid/baseline_01_hover_ATT_trained_hybrid_prediction_outputs.csv,Yaw_hybrid_prediction
20.80001,0,352.6796569824219,352.6796569824219,352.39710083007816,0.2825561523437159,0.2825561523437159,0.013596,1,20.0,0.2948016357421494,1,1,1,baseline_01_hover,Yaw,pulse,W20_N5_mean1.25x,/home/tchowdh4/sensor_recovery_project/prediction_results_v9_trained_hybrid/baseline_01_hover_ATT_trained_hybrid_prediction_outputs.csv,Yaw_hybrid_prediction
20.89997,0,352.6838684082031,352.6838684082031,352.39846496582027,0.285403442382858,0.285403442382858,0.013596,1,20.0,0.2937260437011361,1,1,1,baseline_01_hover,Yaw,pulse,W20_N5_mean1.25x,/home/tchowdh4/sensor_recovery_project/prediction_results_v9_trained_hybrid/baseline_01_hover_ATT_trained_hybrid_prediction_outputs.csv,Yaw_hybrid_prediction
20.99993,0,352.68511962890625,352.68511962890625,352.3997024536134,0.2854171752928778,0.2854171752928778,0.013596,1,20.0,0.29263305664058803,1,1,1,baseline_01_hover,Yaw,pulse,W20_N5_mean1.25x,/home/tchowdh4/sensor_recovery_project/prediction_results_v9_trained_hybrid/baseline_01_hover_ATT_trained_hybrid_prediction_outputs.csv,Yaw_hybrid_prediction
21.09989,0,352.6850280761719,352.6850280761719,352.4007766723633,0.2842514038085824,0.2842514038085824,0.013596,1,20.0,0.29159233093258197,1,1,1,baseline_01_hover,Yaw,pulse,W20_N5_mean1.25x,/home/tchowdh4/sensor_recovery_project/prediction_results_v9_trained_hybrid/baseline_01_hover_ATT_trained_hybrid_prediction_outputs.csv,Yaw_hybrid_prediction
21.19985,0,352.6832275390625,352.6832275390625,352.4018615722656,0.28136596679689774,0.28136596679689774,0.013596,1,20.0,0.2906617736816088,1,1,1,baseline_01_hover,Yaw,pulse,W20_N5_mean1.25x,/home/tchowdh4/sensor_recovery_project/prediction_results_v9_trained_hybrid/baseline_01_hover_ATT_trained_hybrid_prediction_outputs.csv,Yaw_hybrid_prediction
21.29981,0,352.68048095703125,352.68048095703125,352.40349121093755,0.2769897460937045,0.2769897460937045,0.013596,1,20.0,0.28970115661617796,1,1,1,baseline_01_hover,Yaw,pulse,W20_N5_mean1.25x,/home/tchowdh4/sensor_recovery_project/prediction_results_v9_trained_hybrid/baseline_01_hover_ATT_trained_hybrid_prediction_outputs.csv,Yaw_hybrid_prediction
21.39977,0,352.6764221191406,352.6764221191406,352.40451354980473,0.271908569335892,0.271908569335892,0.013596,1,20.0,0.28855651855465114,1,1,1,baseline_01_hover,Yaw,pulse,W20_N5_mean1.25x,/home/tchowdh4/sensor_recovery_project/prediction_results_v9_trained_hybrid/baseline_01_hover_ATT_trained_hybrid_prediction_outputs.csv,Yaw_hybrid_prediction
21.49973,0,352.67547607421875,352.67547607421875,352.4062042236328,0.2692718505859375,0.2692718505859375,0.013596,1,20.0,0.28725120544430355,1,1,1,baseline_01_hover,Yaw,pulse,W20_N5_mean1.25x,/home/tchowdh4/sensor_recovery_project/prediction_results_v9_trained_hybrid/baseline_01_hover_ATT_trained_hybrid_prediction_outputs.csv,Yaw_hybrid_prediction
21.59969,0,352.6785583496094,352.6785583496094,352.40773010253906,0.2708282470703125,0.2708282470703125,0.013596,1,20.0,0.2858251953124693,1,1,1,baseline_01_hover,Yaw,pulse,W20_N5_mean1.25x,/home/tchowdh4/sensor_recovery_project/prediction_results_v9_trained_hybrid/baseline_01_hover_ATT_trained_hybrid_prediction_outputs.csv,Yaw_hybrid_prediction
21.69965,0,352.6813049316406,352.6813049316406,352.40952148437503,0.2717834472655909,0.2717834472655909,0.013596,1,20.0,0.2842982482909832,1,1,1,baseline_01_hover,Yaw,pulse,W20_N5_mean1.25x,/home/tchowdh4/sensor_recovery_project/prediction_results_v9_trained_hybrid/baseline_01_hover_ATT_trained_hybrid_prediction_outputs.csv,Yaw_hybrid_prediction
21.79961,0,352.6806335449219,352.6806335449219,352.4107879638672,0.2698455810546534,0.2698455810546534,0.013596,1,20.0,0.2827455902099274,1,1,1,baseline_01_hover,Yaw,pulse,W20_N5_mean1.25x,/home/tchowdh4/sensor_recovery_project/prediction_results_v9_trained_hybrid/baseline_01_hover_ATT_trained_hybrid_prediction_outputs.csv,Yaw_hybrid_prediction
21.89957,0,352.6781921386719,352.6781921386719,352.41236877441406,0.2658233642578125,0.2658233642578125,0.013596,1,20.0,0.2812304687499676,1,1,1,baseline_01_hover,Yaw,pulse,W20_N5_mean1.25x,/home/tchowdh4/sensor_recovery_project/prediction_results_v9_trained_hybrid/baseline_01_hover_ATT_trained_hybrid_prediction_outputs.csv,Yaw_hybrid_prediction
21.99953,0,352.6744384765625,352.6744384765625,352.41385040283205,0.260588073730446,0.260588073730446,0.013596,1,20.0,0.27964866638180297,1,1,1,baseline_01_hover,Yaw,pulse,W20_N5_mean1.25x,/home/tchowdh4/sensor_recovery_project/prediction_results_v9_trained_hybrid/baseline_01_hover_ATT_trained_hybrid_prediction_outputs.csv,Yaw_hybrid_prediction
22.09949,0,352.6737060546875,352.6737060546875,352.4148590087891,0.258847045898392,0.258847045898392,0.013596,1,20.0,0.27802253723141346,1,1,1,baseline_01_hover,Yaw,pulse,W20_N5_mean1.25x,/home/tchowdh4/sensor_recovery_project/prediction_results_v9_trained_hybrid/baseline_01_hover_ATT_trained_hybrid_prediction_outputs.csv,Yaw_hybrid_prediction
22.19945,0,352.6766052246094,352.6766052246094,352.416195678711,0.2604095458983693,0.2604095458983693,0.013596,1,20.0,0.27647254943844646,1,1,1,baseline_01_hover,Yaw,pulse,W20_N5_mean1.25x,/home/tchowdh4/sensor_recovery_project/prediction_results_v9_trained_hybrid/baseline_01_hover_ATT_trained_hybrid_prediction_outputs.csv,Yaw_hybrid_prediction
22.29941,0,352.6803894042969,352.6803894042969,352.4175659179688,0.26282348632810226,0.26282348632810226,0.013596,1,20.0,0.27500564575192643,1,1,1,baseline_01_hover,Yaw,pulse,W20_N5_mean1.25x,/home/tchowdh4/sensor_recovery_project/prediction_results_v9_trained_hybrid/baseline_01_hover_ATT_trained_hybrid_prediction_outputs.csv,Yaw_hybrid_prediction
22.39937,0,352.68231201171875,352.68231201171875,352.41895294189453,0.26335906982421875,0.26335906982421875,0.013596,1,20.0,0.2736495208739996,1,1,1,baseline_01_hover,Yaw,pulse,W20_N5_mean1.25x,/home/tchowdh4/sensor_recovery_project/prediction_results_v9_trained_hybrid/baseline_01_hover_ATT_trained_hybrid_prediction_outputs.csv,Yaw_hybrid_prediction
22.49933,0,352.6836242675781,352.6836242675781,352.4205917358399,0.26303253173824714,0.26303253173824714,0.013596,1,20.0,0.2724337768554449,1,1,1,baseline_01_hover,Yaw,pulse,W20_N5_mean1.25x,/home/tchowdh4/sensor_recovery_project/prediction_results_v9_trained_hybrid/baseline_01_hover_ATT_trained_hybrid_prediction_outputs.csv,Yaw_hybrid_prediction
22.59929,0,352.68267822265625,352.68267822265625,352.42188262939453,0.26079559326171875,0.26079559326171875,0.013596,1,20.0,0.2713156127929466,1,1,1,baseline_01_hover,Yaw,pulse,W20_N5_mean1.25x,/home/tchowdh4/sensor_recovery_project/prediction_results_v9_trained_hybrid/baseline_01_hover_ATT_trained_hybrid_prediction_outputs.csv,Yaw_hybrid_prediction
22.69925,0,352.68048095703125,352.68048095703125,352.4233444213868,0.25713653564446304,0.25713653564446304,0.013596,1,20.0,0.2701218414306396,1,1,1,baseline_01_hover,Yaw,pulse,W20_N5_mean1.25x,/home/tchowdh4/sensor_recovery_project/prediction_results_v9_trained_hybrid/baseline_01_hover_ATT_trained_hybrid_prediction_outputs.csv,Yaw_hybrid_prediction
22.79921,0,352.6788024902344,352.6788024902344,352.42469024658203,0.25411224365234375,0.25411224365234375,0.013596,1,20.0,0.268699645996071,1,1,1,baseline_01_hover,Yaw,pulse,W20_N5_mean1.25x,/home/tchowdh4/sensor_recovery_project/prediction_results_v9_trained_hybrid/baseline_01_hover_ATT_trained_hybrid_prediction_outputs.csv,Yaw_hybrid_prediction
22.900003,0,352.6781616210937,352.6781616210937,352.4259307861328,0.2522308349608693,0.2522308349608693,0.013596,1,20.0,0.26704101562497157,1,1,1,baseline_01_hover,Yaw,pulse,W20_N5_mean1.25x,/home/tchowdh4/sensor_recovery_project/prediction_results_v9_trained_hybrid/baseline_01_hover_ATT_trained_hybrid_prediction_outputs.csv,Yaw_hybrid_prediction
22.999963,0,352.6762390136719,352.6762390136719,352.4273895263672,0.2488494873046534,0.2488494873046534,0.013596,1,20.0,0.2652126312255604,1,1,1,baseline_01_hover,Yaw,pulse,W20_N5_mean1.25x,/home/tchowdh4/sensor_recovery_project/prediction_results_v9_trained_hybrid/baseline_01_hover_ATT_trained_hybrid_prediction_outputs.csv,Yaw_hybrid_prediction
23.099923,0,352.6741027832031,352.6741027832031,352.4290145874024,0.24508819580074714,0.24508819580074714,0.013596,1,20.0,0.2632544708251686,1,1,1,baseline_01_hover,Yaw,pulse,W20_N5_mean1.25x,/home/tchowdh4/sensor_recovery_project/prediction_results_v9_trained_hybrid/baseline_01_hover_ATT_trained_hybrid_prediction_outputs.csv,Yaw_hybrid_prediction
23.199883,0,352.6751708984375,352.6751708984375,352.43088073730473,0.24429016113276703,0.24429016113276703,0.013596,1,20.0,0.2614006805419621,1,1,1,baseline_01_hover,Yaw,pulse,W20_N5_mean1.25x,/home/tchowdh4/sensor_recovery_project/prediction_results_v9_trained_hybrid/baseline_01_hover_ATT_trained_hybrid_prediction_outputs.csv,Yaw_hybrid_prediction
23.299843,0,352.67974853515625,352.67974853515625,352.4325180053711,0.24723052978515625,0.24723052978515625,0.013596,1,20.0,0.2599127197265346,1,1,1,baseline_01_hover,Yaw,pulse,W20_N5_mean1.25x,/home/tchowdh4/sensor_recovery_project/prediction_results_v9_trained_hybrid/baseline_01_hover_ATT_trained_hybrid_prediction_outputs.csv,Yaw_hybrid_prediction
23.399803,0,352.6824645996094,352.6824645996094,352.4344619750977,0.24800262451168464,0.24800262451168464,0.013596,1,20.0,0.25871742248532426,1,1,1,baseline_01_hover,Yaw,pulse,W20_N5_mean1.25x,/home/tchowdh4/sensor_recovery_project/prediction_results_v9_trained_hybrid/baseline_01_hover_ATT_trained_hybrid_prediction_outputs.csv,Yaw_hybrid_prediction
23.499763,0,352.6828918457031,352.6828918457031,352.4359252929688,0.2469665527343068,0.2469665527343068,0.013596,1,20.0,0.25760215759274274,1,1,1,baseline_01_hover,Yaw,pulse,W20_N5_mean1.25x,/home/tchowdh4/sensor_recovery_project/prediction_results_v9_trained_hybrid/baseline_01_hover_ATT_trained_hybrid_prediction_outputs.csv,Yaw_hybrid_prediction
23.599723,0,352.68194580078125,352.68194580078125,352.43729095458986,0.24465484619139488,0.24465484619139488,0.013596,1,20.0,0.2562934875487969,1,1,1,baseline_01_hover,Yaw,pulse,W20_N5_mean1.25x,/home/tchowdh4/sensor_recovery_project/prediction_results_v9_trained_hybrid/baseline_01_hover_ATT_trained_hybrid_prediction_outputs.csv,Yaw_hybrid_prediction
23.699683,0,352.6820983886719,352.6820983886719,352.4390350341797,0.24306335449216476,0.24306335449216476,0.013596,1,20.0,0.25485748291012555,1,1,1,baseline_01_hover,Yaw,pulse,W20_N5_mean1.25x,/home/tchowdh4/sensor_recovery_project/prediction_results_v9_trained_hybrid/baseline_01_hover_ATT_trained_hybrid_prediction_outputs.csv,Yaw_hybrid_prediction
23.799643,0,352.6817932128906,352.6817932128906,352.44059448242183,0.24119873046879547,0.24119873046879547,0.013596,1,20.0,0.25342514038083264,1,1,1,baseline_01_hover,Yaw,pulse,W20_N5_mean1.25x,/home/tchowdh4/sensor_recovery_project/prediction_results_v9_trained_hybrid/baseline_01_hover_ATT_trained_hybrid_prediction_outputs.csv,Yaw_hybrid_prediction
23.899603,0,352.6800231933594,352.6800231933594,352.4420043945312,0.2380187988281932,0.2380187988281932,0.013596,1,20.0,0.2520349121093517,1,1,1,baseline_01_hover,Yaw,pulse,W20_N5_mean1.25x,/home/tchowdh4/sensor_recovery_project/prediction_results_v9_trained_hybrid/baseline_01_hover_ATT_trained_hybrid_prediction_outputs.csv,Yaw_hybrid_prediction
23.999563,0,352.6788635253906,352.6788635253906,352.4436904907227,0.23517303466792328,0.23517303466792328,0.013596,1,20.0,0.25076416015622555,1,1,1,baseline_01_hover,Yaw,pulse,W20_N5_mean1.25x,/home/tchowdh4/sensor_recovery_project/prediction_results_v9_trained_hybrid/baseline_01_hover_ATT_trained_hybrid_prediction_outputs.csv,Yaw_hybrid_prediction
24.099523,0,352.6785888671875,352.6785888671875,352.44539642333984,0.23319244384765625,0.23319244384765625,0.013596,1,20.0,0.24948143005368878,1,1,1,baseline_01_hover,Yaw,pulse,W20_N5_mean1.25x,/home/tchowdh4/sensor_recovery_project/prediction_results_v9_trained_hybrid/baseline_01_hover_ATT_trained_hybrid_prediction_outputs.csv,Yaw_hybrid_prediction
24.199483,0,352.67950439453125,352.67950439453125,352.44711914062503,0.2323852539062159,0.2323852539062159,0.013596,1,20.0,0.2480802154540811,1,1,1,baseline_01_hover,Yaw,pulse,W20_N5_mean1.25x,/home/tchowdh4/sensor_recovery_project/prediction_results_v9_trained_hybrid/baseline_01_hover_ATT_trained_hybrid_prediction_outputs.csv,Yaw_hybrid_prediction
24.299443,0,352.6806640625,352.6806640625,352.4484741210938,0.23218994140620453,0.23218994140620453,0.013596,1,20.0,0.24654853820798622,1,1,1,baseline_01_hover,Yaw,pulse,W20_N5_mean1.25x,/home/tchowdh4/sensor_recovery_project/prediction_results_v9_trained_hybrid/baseline_01_hover_ATT_trained_hybrid_prediction_outputs.csv,Yaw_hybrid_prediction
24.399403,0,352.67987060546875,352.67987060546875,352.4502487182617,0.22962188720703125,0.22962188720703125,0.013596,1,20.0,0.24486167907712683,1,1,1,baseline_01_hover,Yaw,pulse,W20_N5_mean1.25x,/home/tchowdh4/sensor_recovery_project/prediction_results_v9_trained_hybrid/baseline_01_hover_ATT_trained_hybrid_prediction_outputs.csv,Yaw_hybrid_prediction
24.499363,0,352.67742919921875,352.67742919921875,352.4521484375,0.22528076171875,0.22528076171875,0.013596,1,20.0,0.242974090576152,1,1,1,baseline_01_hover,Yaw,pulse,W20_N5_mean1.25x,/home/tchowdh4/sensor_recovery_project/prediction_results_v9_trained_hybrid/baseline_01_hover_ATT_trained_hybrid_prediction_outputs.csv,Yaw_hybrid_prediction
24.599323,0,352.67529296875,352.67529296875,352.4541122436524,0.22118072509761078,0.22118072509761078,0.013596,1,20.0,0.24099334716794657,1,1,1,baseline_01_hover,Yaw,pulse,W20_N5_mean1.25x,/home/tchowdh4/sensor_recovery_project/prediction_results_v9_trained_hybrid/baseline_01_hover_ATT_trained_hybrid_prediction_outputs.csv,Yaw_hybrid_prediction
24.699283,0,352.677001953125,352.677001953125,352.4560791015625,0.22092285156247726,0.22092285156247726,0.013596,1,20.0,0.2391826629638473,1,1,1,baseline_01_hover,Yaw,pulse,W20_N5_mean1.25x,/home/tchowdh4/sensor_recovery_project/prediction_results_v9_trained_hybrid/baseline_01_hover_ATT_trained_hybrid_prediction_outputs.csv,Yaw_hybrid_prediction
24.799243,0,352.680908203125,352.680908203125,352.4580764770508,0.22283172607421875,0.22283172607421875,0.013596,1,20.0,0.23761863708494105,1,1,1,baseline_01_hover,Yaw,pulse,W20_N5_mean1.25x,/home/tchowdh4/sensor_recovery_project/prediction_results_v9_trained_hybrid/baseline_01_hover_ATT_trained_hybrid_prediction_outputs.csv,Yaw_hybrid_prediction
24.899203,0,352.6827392578125,352.6827392578125,352.45966186523435,0.22307739257814774,0.22307739257814774,0.013596,1,20.0,0.23616096496580496,1,1,1,baseline_01_hover,Yaw,pulse,W20_N5_mean1.25x,/home/tchowdh4/sensor_recovery_project/prediction_results_v9_trained_hybrid/baseline_01_hover_ATT_trained_hybrid_prediction_outputs.csv,Yaw_hybrid_prediction
24.999996,0,352.6817321777344,352.6817321777344,352.4612380981446,0.22049407958979828,0.22049407958979828,0.013596,1,20.0,0.2347431945800622,1,1,1,baseline_01_hover,Yaw,pulse,W20_N5_mean1.25x,/home/tchowdh4/sensor_recovery_project/prediction_results_v9_trained_hybrid/baseline_01_hover_ATT_trained_hybrid_prediction_outputs.csv,Yaw_hybrid_prediction
