x,AttackActive,CleanFuture_Roll,AttackedFuture_Roll,V9PredictedFuture_Roll,Residual_Roll,AbsResidual_Roll,Threshold,PointDetectionFlag,WindowCount,RollingMeanAbsResidual,WindowCountFlag,WindowMeanFlag,WindowCombinedFlag,Baseline,AttackAxis,AttackType,WindowRule,PredictionFile,PredictionColumn
0.09996,0,0.0658983886241912,0.0658983886241912,0.1016504613159245,-0.035752072691733305,0.035752072691733305,0.006865,1,1.0,0.035752072691733305,0,1,1,baseline_01_hover,Roll,pulse,W20_N5_mean1.25x,/home/tchowdh4/sensor_recovery_project/prediction_results_v9_trained_hybrid/baseline_01_hover_ATT_trained_hybrid_prediction_outputs.csv,Roll_hybrid_prediction
0.19992,0,0.0656150504946708,0.0656150504946708,0.0944933953041651,-0.028878344809494305,0.028878344809494305,0.006865,1,2.0,0.032315208750613805,0,1,1,baseline_01_hover,Roll,pulse,W20_N5_mean1.25x,/home/tchowdh4/sensor_recovery_project/prediction_results_v9_trained_hybrid/baseline_01_hover_ATT_trained_hybrid_prediction_outputs.csv,Roll_hybrid_prediction
0.29988,0,0.0655038431286811,0.0655038431286811,0.100125164647022,-0.034621321518340895,0.034621321518340895,0.006865,1,3.0,0.03308391300652284,0,1,1,baseline_01_hover,Roll,pulse,W20_N5_mean1.25x,/home/tchowdh4/sensor_recovery_project/prediction_results_v9_trained_hybrid/baseline_01_hover_ATT_trained_hybrid_prediction_outputs.csv,Roll_hybrid_prediction
0.39984,0,0.0657210946083068,0.0657210946083068,0.0956764921524934,-0.029955397544186593,0.029955397544186593,0.006865,1,4.0,0.032301784140938775,0,1,1,baseline_01_hover,Roll,pulse,W20_N5_mean1.25x,/home/tchowdh4/sensor_recovery_project/prediction_results_v9_trained_hybrid/baseline_01_hover_ATT_trained_hybrid_prediction_outputs.csv,Roll_hybrid_prediction
0.4998,0,0.0656589791178703,0.0656589791178703,0.0946690713731252,-0.029010092255254902,0.029010092255254902,0.006865,1,5.0,0.031643445763802,1,1,1,baseline_01_hover,Roll,pulse,W20_N5_mean1.25x,/home/tchowdh4/sensor_recovery_project/prediction_results_v9_trained_hybrid/baseline_01_hover_ATT_trained_hybrid_prediction_outputs.csv,Roll_hybrid_prediction
0.59976,0,0.0662266761064529,0.0662266761064529,0.1001064502103127,-0.0338797741038598,0.0338797741038598,0.006865,1,6.0,0.032016167153811635,1,1,1,baseline_01_hover,Roll,pulse,W20_N5_mean1.25x,/home/tchowdh4/sensor_recovery_project/prediction_results_v9_trained_hybrid/baseline_01_hover_ATT_trained_hybrid_prediction_outputs.csv,Roll_hybrid_prediction
0.69972,0,0.0666737556457519,0.0666737556457519,0.0958744555094219,-0.029200699863670007,0.029200699863670007,0.006865,1,7.0,0.03161395754093426,1,1,1,baseline_01_hover,Roll,pulse,W20_N5_mean1.25x,/home/tchowdh4/sensor_recovery_project/prediction_results_v9_trained_hybrid/baseline_01_hover_ATT_trained_hybrid_prediction_outputs.csv,Roll_hybrid_prediction
0.79968,0,0.0672934353351593,0.0672934353351593,0.0959597038568284,-0.02866626852166909,0.02866626852166909,0.006865,1,8.0,0.031245496413526114,1,1,1,baseline_01_hover,Roll,pulse,W20_N5_mean1.25x,/home/tchowdh4/sensor_recovery_project/prediction_results_v9_trained_hybrid/baseline_01_hover_ATT_trained_hybrid_prediction_outputs.csv,Roll_hybrid_prediction
0.89964,0,0.0681056976318359,0.0681056976318359,0.0908062940832631,-0.022700596451427205,0.022700596451427205,0.006865,1,9.0,0.03029606308440401,1,1,1,baseline_01_hover,Roll,pulse,W20_N5_mean1.25x,/home/tchowdh4/sensor_recovery_project/prediction_results_v9_trained_hybrid/baseline_01_hover_ATT_trained_hybrid_prediction_outputs.csv,Roll_hybrid_prediction
0.9996,0,0.069250538945198,0.069250538945198,0.0808915157051705,-0.011640976759972499,0.011640976759972499,0.006865,1,10.0,0.02843055445196086,1,1,1,baseline_01_hover,Roll,pulse,W20_N5_mean1.25x,/home/tchowdh4/sensor_recovery_project/prediction_results_v9_trained_hybrid/baseline_01_hover_ATT_trained_hybrid_prediction_outputs.csv,Roll_hybrid_prediction
1.09956,0,0.0702169612050056,0.0702169612050056,0.078862415426217,-0.008645454221211393,0.008645454221211393,0.006865,1,11.0,0.02663190897643818,1,1,1,baseline_01_hover,Roll,pulse,W20_N5_mean1.25x,/home/tchowdh4/sensor_recovery_project/prediction_results_v9_trained_hybrid/baseline_01_hover_ATT_trained_hybrid_prediction_outputs.csv,Roll_hybrid_prediction
1.19952,0,0.0714462921023368,0.0714462921023368,0.084840423250238,-0.013394131147901195,0.013394131147901195,0.006865,1,12.0,0.0255287608240601,1,1,1,baseline_01_hover,Roll,pulse,W20_N5_mean1.25x,/home/tchowdh4/sensor_recovery_project/prediction_results_v9_trained_hybrid/baseline_01_hover_ATT_trained_hybrid_prediction_outputs.csv,Roll_hybrid_prediction
1.29948,0,0.0724905505776405,0.0724905505776405,0.0830228444832139,-0.010532293905573392,0.010532293905573392,0.006865,1,13.0,0.024375186445714965,1,1,1,baseline_01_hover,Roll,pulse,W20_N5_mean1.25x,/home/tchowdh4/sensor_recovery_project/prediction_results_v9_trained_hybrid/baseline_01_hover_ATT_trained_hybrid_prediction_outputs.csv,Roll_hybrid_prediction
1.39944,0,0.0736722722649574,0.0736722722649574,0.0869100600041953,-0.013237787739237894,0.013237787739237894,0.006865,1,14.0,0.02357965796668089,1,1,1,baseline_01_hover,Roll,pulse,W20_N5_mean1.25x,/home/tchowdh4/sensor_recovery_project/prediction_results_v9_trained_hybrid/baseline_01_hover_ATT_trained_hybrid_prediction_outputs.csv,Roll_hybrid_prediction
1.4994,0,0.0749565735459327,0.0749565735459327,0.0906974602726522,-0.0157408867267195,0.0157408867267195,0.006865,1,15.0,0.023057073217350132,1,1,1,baseline_01_hover,Roll,pulse,W20_N5_mean1.25x,/home/tchowdh4/sensor_recovery_project/prediction_results_v9_trained_hybrid/baseline_01_hover_ATT_trained_hybrid_prediction_outputs.csv,Roll_hybrid_prediction
1.59936,0,0.0761480331420898,0.0761480331420898,0.0917240765173651,-0.015576043375275295,0.015576043375275295,0.006865,1,16.0,0.022589508852220455,1,1,1,baseline_01_hover,Roll,pulse,W20_N5_mean1.25x,/home/tchowdh4/sensor_recovery_project/prediction_results_v9_trained_hybrid/baseline_01_hover_ATT_trained_hybrid_prediction_outputs.csv,Roll_hybrid_prediction
1.69932,0,0.0776229873299598,0.0776229873299598,0.0958034236997149,-0.018180436369755096,0.018180436369755096,0.006865,1,17.0,0.02233015164736955,1,1,1,baseline_01_hover,Roll,pulse,W20_N5_mean1.25x,/home/tchowdh4/sensor_recovery_project/prediction_results_v9_trained_hybrid/baseline_01_hover_ATT_trained_hybrid_prediction_outputs.csv,Roll_hybrid_prediction
1.79928,0,0.0791825130581855,0.0791825130581855,0.092484142071811,-0.013301629013625513,0.013301629013625513,0.006865,1,18.0,0.021828567056605994,1,1,1,baseline_01_hover,Roll,pulse,W20_N5_mean1.25x,/home/tchowdh4/sensor_recovery_project/prediction_results_v9_trained_hybrid/baseline_01_hover_ATT_trained_hybrid_prediction_outputs.csv,Roll_hybrid_prediction
1.89924,0,0.0804598927497863,0.0804598927497863,0.095939411245157,-0.0154795184953707,0.0154795184953707,0.006865,1,19.0,0.02149440660601466,1,1,1,baseline_01_hover,Roll,pulse,W20_N5_mean1.25x,/home/tchowdh4/sensor_recovery_project/prediction_results_v9_trained_hybrid/baseline_01_hover_ATT_trained_hybrid_prediction_outputs.csv,Roll_hybrid_prediction
1.9992,0,0.0820026844739914,0.0820026844739914,0.0888137024525447,-0.00681101797855331,0.00681101797855331,0.006865,0,19.0,0.020760237174641594,1,1,1,baseline_01_hover,Roll,pulse,W20_N5_mean1.25x,/home/tchowdh4/sensor_recovery_project/prediction_results_v9_trained_hybrid/baseline_01_hover_ATT_trained_hybrid_prediction_outputs.csv,Roll_hybrid_prediction
2.099993,0,0.0835668593645095,0.0835668593645095,0.0892727054957346,-0.005705846131225101,0.005705846131225101,0.006865,0,18.0,0.019257925846616182,1,1,1,baseline_01_hover,Roll,pulse,W20_N5_mean1.25x,/home/tchowdh4/sensor_recovery_project/prediction_results_v9_trained_hybrid/baseline_01_hover_ATT_trained_hybrid_prediction_outputs.csv,Roll_hybrid_prediction
2.199953,0,0.0847376659512519,0.0847376659512519,0.0952426795811552,-0.010505013629903304,0.010505013629903304,0.006865,1,18.0,0.018339259287636633,1,1,1,baseline_01_hover,Roll,pulse,W20_N5_mean1.25x,/home/tchowdh4/sensor_recovery_project/prediction_results_v9_trained_hybrid/baseline_01_hover_ATT_trained_hybrid_prediction_outputs.csv,Roll_hybrid_prediction
2.299913,0,0.0861753299832344,0.0861753299832344,0.0923788909067408,-0.006203560923506393,0.006203560923506393,0.006865,0,17.0,0.01691837125789491,1,1,1,baseline_01_hover,Roll,pulse,W20_N5_mean1.25x,/home/tchowdh4/sensor_recovery_project/prediction_results_v9_trained_hybrid/baseline_01_hover_ATT_trained_hybrid_prediction_outputs.csv,Roll_hybrid_prediction
2.399873,0,0.0879441797733306,0.0879441797733306,0.0874847969004503,0.000459382872880304,0.000459382872880304,0.006865,0,16.0,0.015443570524329594,1,1,1,baseline_01_hover,Roll,pulse,W20_N5_mean1.25x,/home/tchowdh4/sensor_recovery_project/prediction_results_v9_trained_hybrid/baseline_01_hover_ATT_trained_hybrid_prediction_outputs.csv,Roll_hybrid_prediction
2.499833,0,0.0892453640699386,0.0892453640699386,0.0903726849662704,-0.0011273208963318015,0.0011273208963318015,0.006865,0,15.0,0.01404943195638344,1,1,1,baseline_01_hover,Roll,pulse,W20_N5_mean1.25x,/home/tchowdh4/sensor_recovery_project/prediction_results_v9_trained_hybrid/baseline_01_hover_ATT_trained_hybrid_prediction_outputs.csv,Roll_hybrid_prediction
2.599793,0,0.0907023325562477,0.0907023325562477,0.0903814060433834,0.00032092651286429186,0.00032092651286429186,0.006865,0,14.0,0.012371489576833664,1,1,1,baseline_01_hover,Roll,pulse,W20_N5_mean1.25x,/home/tchowdh4/sensor_recovery_project/prediction_results_v9_trained_hybrid/baseline_01_hover_ATT_trained_hybrid_prediction_outputs.csv,Roll_hybrid_prediction
2.699753,0,0.0922127217054367,0.0922127217054367,0.0922539211531701,-4.1199447733397676e-05,4.1199447733397676e-05,0.006865,0,13.0,0.010913514556036832,1,1,1,baseline_01_hover,Roll,pulse,W20_N5_mean1.25x,/home/tchowdh4/sensor_recovery_project/prediction_results_v9_trained_hybrid/baseline_01_hover_ATT_trained_hybrid_prediction_outputs.csv,Roll_hybrid_prediction
2.799713,0,0.0937920361757278,0.0937920361757278,0.0922300200540898,0.0015620161216380046,0.0015620161216380046,0.006865,0,12.0,0.009558301936035279,1,1,1,baseline_01_hover,Roll,pulse,W20_N5_mean1.25x,/home/tchowdh4/sensor_recovery_project/prediction_results_v9_trained_hybrid/baseline_01_hover_ATT_trained_hybrid_prediction_outputs.csv,Roll_hybrid_prediction
2.899673,0,0.0953539311885833,0.0953539311885833,0.0974730572648822,-0.0021191260762988967,0.0021191260762988967,0.006865,0,11.0,0.008529228417278864,1,0,1,baseline_01_hover,Roll,pulse,W20_N5_mean1.25x,/home/tchowdh4/sensor_recovery_project/prediction_results_v9_trained_hybrid/baseline_01_hover_ATT_trained_hybrid_prediction_outputs.csv,Roll_hybrid_prediction
2.999633,0,0.0969635620713234,0.0969635620713234,0.0913484760403918,0.005615086030931596,0.005615086030931596,0.006865,0,10.0,0.008227933880826818,1,0,1,baseline_01_hover,Roll,pulse,W20_N5_mean1.25x,/home/tchowdh4/sensor_recovery_project/prediction_results_v9_trained_hybrid/baseline_01_hover_ATT_trained_hybrid_prediction_outputs.csv,Roll_hybrid_prediction
3.099593,0,0.0986585393548011,0.0986585393548011,0.0942714746793874,0.004387064675413693,0.004387064675413693,0.006865,0,9.0,0.008015014403536936,1,0,1,baseline_01_hover,Roll,pulse,W20_N5_mean1.25x,/home/tchowdh4/sensor_recovery_project/prediction_results_v9_trained_hybrid/baseline_01_hover_ATT_trained_hybrid_prediction_outputs.csv,Roll_hybrid_prediction
3.199553,0,0.1005087196826934,0.1005087196826934,0.0934135112688466,0.007095208413846796,0.007095208413846796,0.006865,1,9.0,0.007700068266834214,1,0,1,baseline_01_hover,Roll,pulse,W20_N5_mean1.25x,/home/tchowdh4/sensor_recovery_project/prediction_results_v9_trained_hybrid/baseline_01_hover_ATT_trained_hybrid_prediction_outputs.csv,Roll_hybrid_prediction
3.299513,0,0.1019977405667305,0.1019977405667305,0.0902882932769755,0.011709447289754996,0.011709447289754996,0.006865,1,9.0,0.007758925936043293,1,0,1,baseline_01_hover,Roll,pulse,W20_N5_mean1.25x,/home/tchowdh4/sensor_recovery_project/prediction_results_v9_trained_hybrid/baseline_01_hover_ATT_trained_hybrid_prediction_outputs.csv,Roll_hybrid_prediction
3.399473,0,0.1036233529448509,0.1036233529448509,0.0982720138360438,0.005351339108807099,0.005351339108807099,0.006865,0,8.0,0.007364603504521753,1,0,1,baseline_01_hover,Roll,pulse,W20_N5_mean1.25x,/home/tchowdh4/sensor_recovery_project/prediction_results_v9_trained_hybrid/baseline_01_hover_ATT_trained_hybrid_prediction_outputs.csv,Roll_hybrid_prediction
3.499433,0,0.1053535044193267,0.1053535044193267,0.0909036669481321,0.014449837471194604,0.014449837471194604,0.006865,1,8.0,0.007300051041745509,1,0,1,baseline_01_hover,Roll,pulse,W20_N5_mean1.25x,/home/tchowdh4/sensor_recovery_project/prediction_results_v9_trained_hybrid/baseline_01_hover_ATT_trained_hybrid_prediction_outputs.csv,Roll_hybrid_prediction
3.599393,0,0.1069625094532966,0.1069625094532966,0.0958258829625476,0.011136626490749008,0.011136626490749008,0.006865,1,8.0,0.007078080197519194,1,0,1,baseline_01_hover,Roll,pulse,W20_N5_mean1.25x,/home/tchowdh4/sensor_recovery_project/prediction_results_v9_trained_hybrid/baseline_01_hover_ATT_trained_hybrid_prediction_outputs.csv,Roll_hybrid_prediction
3.699353,0,0.1088357418775558,0.1088357418775558,0.095812692020632,0.013023049856923805,0.013023049856923805,0.006865,1,8.0,0.00682021087187763,1,0,1,baseline_01_hover,Roll,pulse,W20_N5_mean1.25x,/home/tchowdh4/sensor_recovery_project/prediction_results_v9_trained_hybrid/baseline_01_hover_ATT_trained_hybrid_prediction_outputs.csv,Roll_hybrid_prediction
3.799313,0,0.1105893403291702,0.1105893403291702,0.0931454829559496,0.0174438573732206,0.0174438573732206,0.006865,1,8.0,0.007027322289857385,1,0,1,baseline_01_hover,Roll,pulse,W20_N5_mean1.25x,/home/tchowdh4/sensor_recovery_project/prediction_results_v9_trained_hybrid/baseline_01_hover_ATT_trained_hybrid_prediction_outputs.csv,Roll_hybrid_prediction
3.899273,0,0.1125403270125389,0.1125403270125389,0.0983349953676954,0.0142053316448435,0.0142053316448435,0.006865,1,8.0,0.0069636129473310245,1,0,1,baseline_01_hover,Roll,pulse,W20_N5_mean1.25x,/home/tchowdh4/sensor_recovery_project/prediction_results_v9_trained_hybrid/baseline_01_hover_ATT_trained_hybrid_prediction_outputs.csv,Roll_hybrid_prediction
3.999233,0,0.1144097596406936,0.1144097596406936,0.0911739758691224,0.023235783771571192,0.023235783771571192,0.006865,1,9.0,0.007784851236981918,1,0,1,baseline_01_hover,Roll,pulse,W20_N5_mean1.25x,/home/tchowdh4/sensor_recovery_project/prediction_results_v9_trained_hybrid/baseline_01_hover_ATT_trained_hybrid_prediction_outputs.csv,Roll_hybrid_prediction
4.099193,0,0.1162004023790359,0.1162004023790359,0.0918477369650339,0.024352665414001995,0.024352665414001995,0.006865,1,10.0,0.008717192201120763,1,1,1,baseline_01_hover,Roll,pulse,W20_N5_mean1.25x,/home/tchowdh4/sensor_recovery_project/prediction_results_v9_trained_hybrid/baseline_01_hover_ATT_trained_hybrid_prediction_outputs.csv,Roll_hybrid_prediction
4.199986,0,0.117883563041687,0.117883563041687,0.0959873677413214,0.0218961953003656,0.0218961953003656,0.006865,1,10.0,0.009286751284643879,1,1,1,baseline_01_hover,Roll,pulse,W20_N5_mean1.25x,/home/tchowdh4/sensor_recovery_project/prediction_results_v9_trained_hybrid/baseline_01_hover_ATT_trained_hybrid_prediction_outputs.csv,Roll_hybrid_prediction
4.299946,0,0.1194245293736457,0.1194245293736457,0.100734686184465,0.018689843189180697,0.018689843189180697,0.006865,1,11.0,0.009911065397927594,1,1,1,baseline_01_hover,Roll,pulse,W20_N5_mean1.25x,/home/tchowdh4/sensor_recovery_project/prediction_results_v9_trained_hybrid/baseline_01_hover_ATT_trained_hybrid_prediction_outputs.csv,Roll_hybrid_prediction
4.399906,0,0.1209774240851402,0.1209774240851402,0.0941668748100849,0.0268105492750553,0.0268105492750553,0.006865,1,12.0,0.011228623718036344,1,1,1,baseline_01_hover,Roll,pulse,W20_N5_mean1.25x,/home/tchowdh4/sensor_recovery_project/prediction_results_v9_trained_hybrid/baseline_01_hover_ATT_trained_hybrid_prediction_outputs.csv,Roll_hybrid_prediction
4.499866,0,0.1228425204753875,0.1228425204753875,0.094879265697777,0.02796325477761051,0.02796325477761051,0.006865,1,13.0,0.01257042041210028,1,1,1,baseline_01_hover,Roll,pulse,W20_N5_mean1.25x,/home/tchowdh4/sensor_recovery_project/prediction_results_v9_trained_hybrid/baseline_01_hover_ATT_trained_hybrid_prediction_outputs.csv,Roll_hybrid_prediction
4.599826,0,0.124651663005352,0.124651663005352,0.0895169519864061,0.03513471101894591,0.03513471101894591,0.006865,1,14.0,0.01431110963740436,1,1,1,baseline_01_hover,Roll,pulse,W20_N5_mean1.25x,/home/tchowdh4/sensor_recovery_project/prediction_results_v9_trained_hybrid/baseline_01_hover_ATT_trained_hybrid_prediction_outputs.csv,Roll_hybrid_prediction
4.699786,0,0.1263497918844223,0.1263497918844223,0.0884305933869641,0.0379191984974582,0.0379191984974582,0.006865,1,15.0,0.0162050095898906,1,1,1,baseline_01_hover,Roll,pulse,W20_N5_mean1.25x,/home/tchowdh4/sensor_recovery_project/prediction_results_v9_trained_hybrid/baseline_01_hover_ATT_trained_hybrid_prediction_outputs.csv,Roll_hybrid_prediction
4.799746,0,0.1280152350664138,0.1280152350664138,0.0923859424535134,0.03562929261290039,0.03562929261290039,0.006865,1,16.0,0.01790837341445372,1,1,1,baseline_01_hover,Roll,pulse,W20_N5_mean1.25x,/home/tchowdh4/sensor_recovery_project/prediction_results_v9_trained_hybrid/baseline_01_hover_ATT_trained_hybrid_prediction_outputs.csv,Roll_hybrid_prediction
4.899706,0,0.1298339217901229,0.1298339217901229,0.0879058999303843,0.04192802185973861,0.04192802185973861,0.006865,1,17.0,0.019898818203625705,1,1,1,baseline_01_hover,Roll,pulse,W20_N5_mean1.25x,/home/tchowdh4/sensor_recovery_project/prediction_results_v9_trained_hybrid/baseline_01_hover_ATT_trained_hybrid_prediction_outputs.csv,Roll_hybrid_prediction
4.999666,0,0.1314615458250045,0.1314615458250045,0.088884564573988,0.0425769812510165,0.0425769812510165,0.006865,1,18.0,0.02174691296462995,1,1,1,baseline_01_hover,Roll,pulse,W20_N5_mean1.25x,/home/tchowdh4/sensor_recovery_project/prediction_results_v9_trained_hybrid/baseline_01_hover_ATT_trained_hybrid_prediction_outputs.csv,Roll_hybrid_prediction
5.099626,0,0.1332987397909164,0.1332987397909164,0.0766242613818646,0.05667447840905179,0.05667447840905179,0.006865,1,19.0,0.024361283651311856,1,1,1,baseline_01_hover,Roll,pulse,W20_N5_mean1.25x,/home/tchowdh4/sensor_recovery_project/prediction_results_v9_trained_hybrid/baseline_01_hover_ATT_trained_hybrid_prediction_outputs.csv,Roll_hybrid_prediction
5.199586,0,0.1349672824144363,0.1349672824144363,0.0702121927044926,0.06475508970994372,0.06475508970994372,0.006865,1,19.0,0.027244277716116705,1,1,1,baseline_01_hover,Roll,pulse,W20_N5_mean1.25x,/home/tchowdh4/sensor_recovery_project/prediction_results_v9_trained_hybrid/baseline_01_hover_ATT_trained_hybrid_prediction_outputs.csv,Roll_hybrid_prediction
5.299546,0,0.1365644335746765,0.1365644335746765,0.0691079562011082,0.06745647737356832,0.06745647737356832,0.006865,1,19.0,0.03003162922030737,1,1,1,baseline_01_hover,Roll,pulse,W20_N5_mean1.25x,/home/tchowdh4/sensor_recovery_project/prediction_results_v9_trained_hybrid/baseline_01_hover_ATT_trained_hybrid_prediction_outputs.csv,Roll_hybrid_prediction
5.399506,0,0.1382641494274139,0.1382641494274139,0.0630245259226934,0.07523962350472051,0.07523962350472051,0.006865,1,20.0,0.033526043440103036,1,1,1,baseline_01_hover,Roll,pulse,W20_N5_mean1.25x,/home/tchowdh4/sensor_recovery_project/prediction_results_v9_trained_hybrid/baseline_01_hover_ATT_trained_hybrid_prediction_outputs.csv,Roll_hybrid_prediction
5.499466,0,0.1397270113229751,0.1397270113229751,0.0633284595164983,0.0763985518064768,0.0763985518064768,0.006865,1,20.0,0.03662347915686715,1,1,1,baseline_01_hover,Roll,pulse,W20_N5_mean1.25x,/home/tchowdh4/sensor_recovery_project/prediction_results_v9_trained_hybrid/baseline_01_hover_ATT_trained_hybrid_prediction_outputs.csv,Roll_hybrid_prediction
5.599426,0,0.1413924545049667,0.1413924545049667,0.0666389387374132,0.07475351576755351,0.07475351576755351,0.006865,1,20.0,0.03980432362070737,1,1,1,baseline_01_hover,Roll,pulse,W20_N5_mean1.25x,/home/tchowdh4/sensor_recovery_project/prediction_results_v9_trained_hybrid/baseline_01_hover_ATT_trained_hybrid_prediction_outputs.csv,Roll_hybrid_prediction
5.699386,0,0.1427808105945587,0.1427808105945587,0.064771158067988,0.07800965252657069,0.07800965252657069,0.006865,1,20.0,0.04305365375418972,1,1,1,baseline_01_hover,Roll,pulse,W20_N5_mean1.25x,/home/tchowdh4/sensor_recovery_project/prediction_results_v9_trained_hybrid/baseline_01_hover_ATT_trained_hybrid_prediction_outputs.csv,Roll_hybrid_prediction
5.799346,0,0.1442547738552093,0.1442547738552093,0.0628598777257396,0.0813948961294697,0.0813948961294697,0.006865,1,20.0,0.046251205692002174,1,1,1,baseline_01_hover,Roll,pulse,W20_N5_mean1.25x,/home/tchowdh4/sensor_recovery_project/prediction_results_v9_trained_hybrid/baseline_01_hover_ATT_trained_hybrid_prediction_outputs.csv,Roll_hybrid_prediction
5.899306,0,0.1458258181810379,0.1458258181810379,0.0641657115284439,0.081660106652594,0.081660106652594,0.006865,1,20.0,0.0496239444423897,1,1,1,baseline_01_hover,Roll,pulse,W20_N5_mean1.25x,/home/tchowdh4/sensor_recovery_project/prediction_results_v9_trained_hybrid/baseline_01_hover_ATT_trained_hybrid_prediction_outputs.csv,Roll_hybrid_prediction
5.999266,0,0.1473408788442611,0.1473408788442611,0.0583567492054559,0.08898412963880518,0.08898412963880518,0.006865,1,20.0,0.052911361735751394,1,1,1,baseline_01_hover,Roll,pulse,W20_N5_mean1.25x,/home/tchowdh4/sensor_recovery_project/prediction_results_v9_trained_hybrid/baseline_01_hover_ATT_trained_hybrid_prediction_outputs.csv,Roll_hybrid_prediction
6.099226,0,0.1486706137657165,0.1486706137657165,0.0656486750532804,0.0830219387124361,0.0830219387124361,0.006865,1,20.0,0.055844825400673107,1,1,1,baseline_01_hover,Roll,pulse,W20_N5_mean1.25x,/home/tchowdh4/sensor_recovery_project/prediction_results_v9_trained_hybrid/baseline_01_hover_ATT_trained_hybrid_prediction_outputs.csv,Roll_hybrid_prediction
6.200019,0,0.1500788778066635,0.1500788778066635,0.0703007113295773,0.07977816647708622,0.07977816647708622,0.006865,1,20.0,0.05873892395950912,1,1,1,baseline_01_hover,Roll,pulse,W20_N5_mean1.25x,/home/tchowdh4/sensor_recovery_project/prediction_results_v9_trained_hybrid/baseline_01_hover_ATT_trained_hybrid_prediction_outputs.csv,Roll_hybrid_prediction
6.299979,0,0.1516172140836715,0.1516172140836715,0.0707871560019152,0.08083005808175629,0.08083005808175629,0.006865,1,20.0,0.06184593470413792,1,1,1,baseline_01_hover,Roll,pulse,W20_N5_mean1.25x,/home/tchowdh4/sensor_recovery_project/prediction_results_v9_trained_hybrid/baseline_01_hover_ATT_trained_hybrid_prediction_outputs.csv,Roll_hybrid_prediction
6.399939,0,0.1531524509191513,0.1531524509191513,0.0813686471943062,0.07178380372484511,0.07178380372484511,0.006865,1,20.0,0.0640945974266274,1,1,1,baseline_01_hover,Roll,pulse,W20_N5_mean1.25x,/home/tchowdh4/sensor_recovery_project/prediction_results_v9_trained_hybrid/baseline_01_hover_ATT_trained_hybrid_prediction_outputs.csv,Roll_hybrid_prediction
6.499899,0,0.1545543223619461,0.1545543223619461,0.0813271214892946,0.07322720087265151,0.07322720087265151,0.006865,1,20.0,0.06635779473137945,1,1,1,baseline_01_hover,Roll,pulse,W20_N5_mean1.25x,/home/tchowdh4/sensor_recovery_project/prediction_results_v9_trained_hybrid/baseline_01_hover_ATT_trained_hybrid_prediction_outputs.csv,Roll_hybrid_prediction
6.599859,0,0.1558206677436828,0.1558206677436828,0.0730891495241045,0.0827315182195783,0.0827315182195783,0.006865,1,20.0,0.06873763509141108,1,1,1,baseline_01_hover,Roll,pulse,W20_N5_mean1.25x,/home/tchowdh4/sensor_recovery_project/prediction_results_v9_trained_hybrid/baseline_01_hover_ATT_trained_hybrid_prediction_outputs.csv,Roll_hybrid_prediction
6.699819,0,0.1571357697248459,0.1571357697248459,0.0740317199483178,0.08310404977652809,0.08310404977652809,0.006865,1,20.0,0.07099687765536457,1,1,1,baseline_01_hover,Roll,pulse,W20_N5_mean1.25x,/home/tchowdh4/sensor_recovery_project/prediction_results_v9_trained_hybrid/baseline_01_hover_ATT_trained_hybrid_prediction_outputs.csv,Roll_hybrid_prediction
6.799779,0,0.1584588140249252,0.1584588140249252,0.0825897666099647,0.0758690474149605,0.0758690474149605,0.006865,1,20.0,0.07300886539546757,1,1,1,baseline_01_hover,Roll,pulse,W20_N5_mean1.25x,/home/tchowdh4/sensor_recovery_project/prediction_results_v9_trained_hybrid/baseline_01_hover_ATT_trained_hybrid_prediction_outputs.csv,Roll_hybrid_prediction
6.899739,0,0.1595309376716613,0.1595309376716613,0.0744586961867505,0.0850722414849108,0.0850722414849108,0.006865,1,20.0,0.07516607637672619,1,1,1,baseline_01_hover,Roll,pulse,W20_N5_mean1.25x,/home/tchowdh4/sensor_recovery_project/prediction_results_v9_trained_hybrid/baseline_01_hover_ATT_trained_hybrid_prediction_outputs.csv,Roll_hybrid_prediction
6.999699,0,0.1607450991868972,0.1607450991868972,0.0845644352864702,0.07618066390042699,0.07618066390042699,0.006865,1,20.0,0.07684626050919671,1,1,1,baseline_01_hover,Roll,pulse,W20_N5_mean1.25x,/home/tchowdh4/sensor_recovery_project/prediction_results_v9_trained_hybrid/baseline_01_hover_ATT_trained_hybrid_prediction_outputs.csv,Roll_hybrid_prediction
7.099659,0,0.1620118916034698,0.1620118916034698,0.0839759950180694,0.07803589658540039,0.07803589658540039,0.006865,1,20.0,0.07791433141801414,1,1,1,baseline_01_hover,Roll,pulse,W20_N5_mean1.25x,/home/tchowdh4/sensor_recovery_project/prediction_results_v9_trained_hybrid/baseline_01_hover_ATT_trained_hybrid_prediction_outputs.csv,Roll_hybrid_prediction
7.199619,0,0.1631014049053192,0.1631014049053192,0.0818901484411339,0.08121125646418531,0.08121125646418531,0.006865,1,20.0,0.07873713975572622,1,1,1,baseline_01_hover,Roll,pulse,W20_N5_mean1.25x,/home/tchowdh4/sensor_recovery_project/prediction_results_v9_trained_hybrid/baseline_01_hover_ATT_trained_hybrid_prediction_outputs.csv,Roll_hybrid_prediction
7.299579,0,0.1642226278781891,0.1642226278781891,0.0855178712583271,0.07870475661986198,0.07870475661986198,0.006865,1,20.0,0.0792995537180409,1,1,1,baseline_01_hover,Roll,pulse,W20_N5_mean1.25x,/home/tchowdh4/sensor_recovery_project/prediction_results_v9_trained_hybrid/baseline_01_hover_ATT_trained_hybrid_prediction_outputs.csv,Roll_hybrid_prediction
7.399539,0,0.1649842113256454,0.1649842113256454,0.09178565283477,0.07319855849087539,0.07319855849087539,0.006865,1,20.0,0.07919750046734864,1,1,1,baseline_01_hover,Roll,pulse,W20_N5_mean1.25x,/home/tchowdh4/sensor_recovery_project/prediction_results_v9_trained_hybrid/baseline_01_hover_ATT_trained_hybrid_prediction_outputs.csv,Roll_hybrid_prediction
7.499499,0,0.1657859534025192,0.1657859534025192,0.0875796134195724,0.0782063399829468,0.0782063399829468,0.006865,1,20.0,0.07928788987617215,1,1,1,baseline_01_hover,Roll,pulse,W20_N5_mean1.25x,/home/tchowdh4/sensor_recovery_project/prediction_results_v9_trained_hybrid/baseline_01_hover_ATT_trained_hybrid_prediction_outputs.csv,Roll_hybrid_prediction
7.599459,0,0.1666187942028045,0.1666187942028045,0.0911851117026986,0.0754336825001059,0.0754336825001059,0.006865,1,20.0,0.07932189821279977,1,1,1,baseline_01_hover,Roll,pulse,W20_N5_mean1.25x,/home/tchowdh4/sensor_recovery_project/prediction_results_v9_trained_hybrid/baseline_01_hover_ATT_trained_hybrid_prediction_outputs.csv,Roll_hybrid_prediction
7.699419,0,0.1675041913986206,0.1675041913986206,0.0956883849249955,0.07181580647362511,0.07181580647362511,0.006865,1,20.0,0.07901220591015248,1,1,1,baseline_01_hover,Roll,pulse,W20_N5_mean1.25x,/home/tchowdh4/sensor_recovery_project/prediction_results_v9_trained_hybrid/baseline_01_hover_ATT_trained_hybrid_prediction_outputs.csv,Roll_hybrid_prediction
7.799379,0,0.1683520078659057,0.1683520078659057,0.0872670556334487,0.081084952232457,0.081084952232457,0.006865,1,20.0,0.07899670871530184,1,1,1,baseline_01_hover,Roll,pulse,W20_N5_mean1.25x,/home/tchowdh4/sensor_recovery_project/prediction_results_v9_trained_hybrid/baseline_01_hover_ATT_trained_hybrid_prediction_outputs.csv,Roll_hybrid_prediction
7.899339,0,0.1690211147069931,0.1690211147069931,0.0868236203346449,0.0821974943723482,0.0821974943723482,0.006865,1,20.0,0.07902357810128956,1,1,1,baseline_01_hover,Roll,pulse,W20_N5_mean1.25x,/home/tchowdh4/sensor_recovery_project/prediction_results_v9_trained_hybrid/baseline_01_hover_ATT_trained_hybrid_prediction_outputs.csv,Roll_hybrid_prediction
7.999299,0,0.1698465794324875,0.1698465794324875,0.0829368401122211,0.08690973932026638,0.08690973932026638,0.006865,1,20.0,0.07891985858536263,1,1,1,baseline_01_hover,Roll,pulse,W20_N5_mean1.25x,/home/tchowdh4/sensor_recovery_project/prediction_results_v9_trained_hybrid/baseline_01_hover_ATT_trained_hybrid_prediction_outputs.csv,Roll_hybrid_prediction
8.099259,0,0.1702428162097931,0.1702428162097931,0.0883343502608569,0.0819084659489362,0.0819084659489362,0.006865,1,20.0,0.07886418494718762,1,1,1,baseline_01_hover,Roll,pulse,W20_N5_mean1.25x,/home/tchowdh4/sensor_recovery_project/prediction_results_v9_trained_hybrid/baseline_01_hover_ATT_trained_hybrid_prediction_outputs.csv,Roll_hybrid_prediction
8.199219,0,0.1706956326961517,0.1706956326961517,0.0874506286984398,0.08324500399771191,0.08324500399771191,0.006865,1,20.0,0.0790375268232189,1,1,1,baseline_01_hover,Roll,pulse,W20_N5_mean1.25x,/home/tchowdh4/sensor_recovery_project/prediction_results_v9_trained_hybrid/baseline_01_hover_ATT_trained_hybrid_prediction_outputs.csv,Roll_hybrid_prediction
8.300012,0,0.1710043102502823,0.1710043102502823,0.0852871279648198,0.08571718228546249,0.08571718228546249,0.006865,1,20.0,0.07928188303340421,1,1,1,baseline_01_hover,Roll,pulse,W20_N5_mean1.25x,/home/tchowdh4/sensor_recovery_project/prediction_results_v9_trained_hybrid/baseline_01_hover_ATT_trained_hybrid_prediction_outputs.csv,Roll_hybrid_prediction
8.399972,0,0.058613833039999,0.058613833039999,0.0844586706697705,-0.0258448376297715,0.0258448376297715,0.006865,1,20.0,0.07698493472865053,1,1,1,baseline_01_hover,Roll,pulse,W20_N5_mean1.25x,/home/tchowdh4/sensor_recovery_project/prediction_results_v9_trained_hybrid/baseline_01_hover_ATT_trained_hybrid_prediction_outputs.csv,Roll_hybrid_prediction
8.499932,0,-0.1101013347506523,-0.1101013347506523,0.0860320509239882,-0.1961333856746405,0.1961333856746405,0.006865,1,20.0,0.08313024396874999,1,1,1,baseline_01_hover,Roll,pulse,W20_N5_mean1.25x,/home/tchowdh4/sensor_recovery_project/prediction_results_v9_trained_hybrid/baseline_01_hover_ATT_trained_hybrid_prediction_outputs.csv,Roll_hybrid_prediction
8.599892,0,-0.2118462175130844,-0.2118462175130844,0.0861884986577308,-0.29803471617081523,0.29803471617081523,0.006865,1,20.0,0.09389540386631183,1,1,1,baseline_01_hover,Roll,pulse,W20_N5_mean1.25x,/home/tchowdh4/sensor_recovery_project/prediction_results_v9_trained_hybrid/baseline_01_hover_ATT_trained_hybrid_prediction_outputs.csv,Roll_hybrid_prediction
8.699852,0,-0.2383182495832443,-0.2383182495832443,0.086102855742137,-0.32442110532538126,0.32442110532538126,0.006865,1,20.0,0.10596125664375448,1,1,1,baseline_01_hover,Roll,pulse,W20_N5_mean1.25x,/home/tchowdh4/sensor_recovery_project/prediction_results_v9_trained_hybrid/baseline_01_hover_ATT_trained_hybrid_prediction_outputs.csv,Roll_hybrid_prediction
8.799812,0,-0.208042562007904,-0.208042562007904,0.0851883748470075,-0.29323093685491153,0.29323093685491153,0.006865,1,20.0,0.11682935111575206,1,1,1,baseline_01_hover,Roll,pulse,W20_N5_mean1.25x,/home/tchowdh4/sensor_recovery_project/prediction_results_v9_trained_hybrid/baseline_01_hover_ATT_trained_hybrid_prediction_outputs.csv,Roll_hybrid_prediction
8.899772,0,-0.1322493106126785,-0.1322493106126785,0.0847176182669545,-0.21696692887963298,0.21696692887963298,0.006865,1,20.0,0.12342408548548815,1,1,1,baseline_01_hover,Roll,pulse,W20_N5_mean1.25x,/home/tchowdh4/sensor_recovery_project/prediction_results_v9_trained_hybrid/baseline_01_hover_ATT_trained_hybrid_prediction_outputs.csv,Roll_hybrid_prediction
8.999732,0,-0.0286778658628463,-0.0286778658628463,0.0834804177895938,-0.1121582836524401,0.1121582836524401,0.006865,1,20.0,0.1252229664730888,1,1,1,baseline_01_hover,Roll,pulse,W20_N5_mean1.25x,/home/tchowdh4/sensor_recovery_project/prediction_results_v9_trained_hybrid/baseline_01_hover_ATT_trained_hybrid_prediction_outputs.csv,Roll_hybrid_prediction
9.099692,0,0.0708721056580543,0.0708721056580543,0.083139033506415,-0.012266927848360698,0.012266927848360698,0.006865,1,20.0,0.12193451803623682,1,1,1,baseline_01_hover,Roll,pulse,W20_N5_mean1.25x,/home/tchowdh4/sensor_recovery_project/prediction_results_v9_trained_hybrid/baseline_01_hover_ATT_trained_hybrid_prediction_outputs.csv,Roll_hybrid_prediction
9.199652,0,0.1519817560911178,0.1519817560911178,0.0825982013233013,0.0693835547678165,0.0693835547678165,0.006865,1,20.0,0.12134313295141838,1,1,1,baseline_01_hover,Roll,pulse,W20_N5_mean1.25x,/home/tchowdh4/sensor_recovery_project/prediction_results_v9_trained_hybrid/baseline_01_hover_ATT_trained_hybrid_prediction_outputs.csv,Roll_hybrid_prediction
9.299612,0,0.2074458301067352,0.2074458301067352,0.0839413414764684,0.1235044886302668,0.1235044886302668,0.006865,1,20.0,0.12358311955193864,1,1,1,baseline_01_hover,Roll,pulse,W20_N5_mean1.25x,/home/tchowdh4/sensor_recovery_project/prediction_results_v9_trained_hybrid/baseline_01_hover_ATT_trained_hybrid_prediction_outputs.csv,Roll_hybrid_prediction
9.399572,0,0.2511001527309418,0.2511001527309418,0.0840039661451825,0.16709618658575925,0.16709618658575925,0.006865,1,20.0,0.12827800095668282,1,1,1,baseline_01_hover,Roll,pulse,W20_N5_mean1.25x,/home/tchowdh4/sensor_recovery_project/prediction_results_v9_trained_hybrid/baseline_01_hover_ATT_trained_hybrid_prediction_outputs.csv,Roll_hybrid_prediction
9.499532,0,0.2860811054706573,0.2860811054706573,0.0844570557670719,0.20162404970358538,0.20162404970358538,0.006865,1,20.0,0.13444888644271474,1,1,1,baseline_01_hover,Roll,pulse,W20_N5_mean1.25x,/home/tchowdh4/sensor_recovery_project/prediction_results_v9_trained_hybrid/baseline_01_hover_ATT_trained_hybrid_prediction_outputs.csv,Roll_hybrid_prediction
9.599492,0,0.3085508048534393,0.3085508048534393,0.0841302511567752,0.22442055369666408,0.22442055369666408,0.006865,1,20.0,0.14189823000254267,1,1,1,baseline_01_hover,Roll,pulse,W20_N5_mean1.25x,/home/tchowdh4/sensor_recovery_project/prediction_results_v9_trained_hybrid/baseline_01_hover_ATT_trained_hybrid_prediction_outputs.csv,Roll_hybrid_prediction
9.699452,0,0.3266875147819519,0.3266875147819519,0.0863960467827349,0.24029146799921702,0.24029146799921702,0.006865,1,20.0,0.15032201307882226,1,1,1,baseline_01_hover,Roll,pulse,W20_N5_mean1.25x,/home/tchowdh4/sensor_recovery_project/prediction_results_v9_trained_hybrid/baseline_01_hover_ATT_trained_hybrid_prediction_outputs.csv,Roll_hybrid_prediction
9.799412,0,0.3301368057727813,0.3301368057727813,0.0914282050440007,0.2387086007287806,0.2387086007287806,0.006865,1,20.0,0.15820319550363843,1,1,1,baseline_01_hover,Roll,pulse,W20_N5_mean1.25x,/home/tchowdh4/sensor_recovery_project/prediction_results_v9_trained_hybrid/baseline_01_hover_ATT_trained_hybrid_prediction_outputs.csv,Roll_hybrid_prediction
9.899372,0,0.3345786333084106,0.3345786333084106,0.0936368032854094,0.24094183002300118,0.24094183002300118,0.006865,1,20.0,0.1661404122861711,1,1,1,baseline_01_hover,Roll,pulse,W20_N5_mean1.25x,/home/tchowdh4/sensor_recovery_project/prediction_results_v9_trained_hybrid/baseline_01_hover_ATT_trained_hybrid_prediction_outputs.csv,Roll_hybrid_prediction
9.999332,0,0.3302479088306427,0.3302479088306427,0.0915435293175369,0.2387043795131058,0.2387043795131058,0.006865,1,20.0,0.17373014429581307,1,1,1,baseline_01_hover,Roll,pulse,W20_N5_mean1.25x,/home/tchowdh4/sensor_recovery_project/prediction_results_v9_trained_hybrid/baseline_01_hover_ATT_trained_hybrid_prediction_outputs.csv,Roll_hybrid_prediction
10.099292,0,0.3206820785999298,0.3206820785999298,0.0901285956874962,0.2305534829124336,0.2305534829124336,0.006865,1,20.0,0.18116239514398794,1,1,1,baseline_01_hover,Roll,pulse,W20_N5_mean1.25x,/home/tchowdh4/sensor_recovery_project/prediction_results_v9_trained_hybrid/baseline_01_hover_ATT_trained_hybrid_prediction_outputs.csv,Roll_hybrid_prediction
10.199252,0,0.3124788403511047,0.3124788403511047,0.0885113982382459,0.2239674421128588,0.2239674421128588,0.006865,1,20.0,0.18819851704974527,1,1,1,baseline_01_hover,Roll,pulse,W20_N5_mean1.25x,/home/tchowdh4/sensor_recovery_project/prediction_results_v9_trained_hybrid/baseline_01_hover_ATT_trained_hybrid_prediction_outputs.csv,Roll_hybrid_prediction
10.299212,0,0.3012769222259521,0.3012769222259521,0.0884007653557265,0.2128761568702256,0.2128761568702256,0.006865,1,20.0,0.19455646577898342,1,1,1,baseline_01_hover,Roll,pulse,W20_N5_mean1.25x,/home/tchowdh4/sensor_recovery_project/prediction_results_v9_trained_hybrid/baseline_01_hover_ATT_trained_hybrid_prediction_outputs.csv,Roll_hybrid_prediction
10.400005,0,0.285197764635086,0.285197764635086,0.0880817223654276,0.1971160422696584,0.1971160422696584,0.006865,1,20.0,0.20312002601097773,1,1,1,baseline_01_hover,Roll,pulse,W20_N5_mean1.25x,/home/tchowdh4/sensor_recovery_project/prediction_results_v9_trained_hybrid/baseline_01_hover_ATT_trained_hybrid_prediction_outputs.csv,Roll_hybrid_prediction
10.499965,0,0.2638127207756042,0.2638127207756042,0.087832410283936,0.17598031049166818,0.17598031049166818,0.006865,1,20.0,0.20211237225182915,1,1,1,baseline_01_hover,Roll,pulse,W20_N5_mean1.25x,/home/tchowdh4/sensor_recovery_project/prediction_results_v9_trained_hybrid/baseline_01_hover_ATT_trained_hybrid_prediction_outputs.csv,Roll_hybrid_prediction
10.599925,0,0.2486497610807418,0.2486497610807418,0.0878159614551173,0.1608337996256245,0.1608337996256245,0.006865,1,20.0,0.1952523264245696,1,1,1,baseline_01_hover,Roll,pulse,W20_N5_mean1.25x,/home/tchowdh4/sensor_recovery_project/prediction_results_v9_trained_hybrid/baseline_01_hover_ATT_trained_hybrid_prediction_outputs.csv,Roll_hybrid_prediction
10.699885,0,0.2242043912410736,0.2242043912410736,0.0876312981937338,0.1365730930473398,0.1365730930473398,0.006865,1,20.0,0.18585992581066754,1,1,1,baseline_01_hover,Roll,pulse,W20_N5_mean1.25x,/home/tchowdh4/sensor_recovery_project/prediction_results_v9_trained_hybrid/baseline_01_hover_ATT_trained_hybrid_prediction_outputs.csv,Roll_hybrid_prediction
10.799845,0,0.2076925337314605,0.2076925337314605,0.0873156121118674,0.12037692161959308,0.12037692161959308,0.006865,1,20.0,0.1772172250489016,1,1,1,baseline_01_hover,Roll,pulse,W20_N5_mean1.25x,/home/tchowdh4/sensor_recovery_project/prediction_results_v9_trained_hybrid/baseline_01_hover_ATT_trained_hybrid_prediction_outputs.csv,Roll_hybrid_prediction
10.899805,0,0.1900574266910553,0.1900574266910553,0.0863695952983912,0.1036878313926641,0.1036878313926641,0.006865,1,20.0,0.17155327017455319,1,1,1,baseline_01_hover,Roll,pulse,W20_N5_mean1.25x,/home/tchowdh4/sensor_recovery_project/prediction_results_v9_trained_hybrid/baseline_01_hover_ATT_trained_hybrid_prediction_outputs.csv,Roll_hybrid_prediction
10.999765,0,0.1926190257072448,0.1926190257072448,0.0866467782382473,0.10597224746899749,0.10597224746899749,0.006865,1,20.0,0.17124396836538103,1,1,1,baseline_01_hover,Roll,pulse,W20_N5_mean1.25x,/home/tchowdh4/sensor_recovery_project/prediction_results_v9_trained_hybrid/baseline_01_hover_ATT_trained_hybrid_prediction_outputs.csv,Roll_hybrid_prediction
11.099725,0,0.19390170276165,0.19390170276165,0.0858061846802515,0.1080955180813985,0.1080955180813985,0.006865,1,20.0,0.17603539787703293,1,1,1,baseline_01_hover,Roll,pulse,W20_N5_mean1.25x,/home/tchowdh4/sensor_recovery_project/prediction_results_v9_trained_hybrid/baseline_01_hover_ATT_trained_hybrid_prediction_outputs.csv,Roll_hybrid_prediction
11.199685,0,0.1948784291744232,0.1948784291744232,0.0850460282987536,0.10983240087566959,0.10983240087566959,0.006865,1,20.0,0.1780578401824256,1,1,1,baseline_01_hover,Roll,pulse,W20_N5_mean1.25x,/home/tchowdh4/sensor_recovery_project/prediction_results_v9_trained_hybrid/baseline_01_hover_ATT_trained_hybrid_prediction_outputs.csv,Roll_hybrid_prediction
11.299645,0,0.1875624656677246,0.1875624656677246,0.0843641446273901,0.10319832104033451,0.10319832104033451,0.006865,1,20.0,0.17704253180292898,1,1,1,baseline_01_hover,Roll,pulse,W20_N5_mean1.25x,/home/tchowdh4/sensor_recovery_project/prediction_results_v9_trained_hybrid/baseline_01_hover_ATT_trained_hybrid_prediction_outputs.csv,Roll_hybrid_prediction
11.399605,0,0.1700048446655273,0.1700048446655273,0.0841549820450438,0.08584986262048348,0.08584986262048348,0.006865,1,20.0,0.1729802156046652,1,1,1,baseline_01_hover,Roll,pulse,W20_N5_mean1.25x,/home/tchowdh4/sensor_recovery_project/prediction_results_v9_trained_hybrid/baseline_01_hover_ATT_trained_hybrid_prediction_outputs.csv,Roll_hybrid_prediction
11.499565,0,0.1603314876556396,0.1603314876556396,0.0833142099512414,0.07701727770439819,0.07701727770439819,0.006865,1,20.0,0.16674987700470584,1,1,1,baseline_01_hover,Roll,pulse,W20_N5_mean1.25x,/home/tchowdh4/sensor_recovery_project/prediction_results_v9_trained_hybrid/baseline_01_hover_ATT_trained_hybrid_prediction_outputs.csv,Roll_hybrid_prediction
11.599525,0,0.1526339948177337,0.1526339948177337,0.0830998521602492,0.0695341426574845,0.0695341426574845,0.006865,1,20.0,0.15900555645274686,1,1,1,baseline_01_hover,Roll,pulse,W20_N5_mean1.25x,/home/tchowdh4/sensor_recovery_project/prediction_results_v9_trained_hybrid/baseline_01_hover_ATT_trained_hybrid_prediction_outputs.csv,Roll_hybrid_prediction
11.699485,0,0.1540068089962005,0.1540068089962005,0.0826644433968541,0.07134236559934641,0.07134236559934641,0.006865,1,20.0,0.15055810133275332,1,1,1,baseline_01_hover,Roll,pulse,W20_N5_mean1.25x,/home/tchowdh4/sensor_recovery_project/prediction_results_v9_trained_hybrid/baseline_01_hover_ATT_trained_hybrid_prediction_outputs.csv,Roll_hybrid_prediction
11.799445,0,0.1574767231941223,0.1574767231941223,0.0818957811527849,0.07558094204133739,0.07558094204133739,0.006865,1,20.0,0.14240171839838117,1,1,1,baseline_01_hover,Roll,pulse,W20_N5_mean1.25x,/home/tchowdh4/sensor_recovery_project/prediction_results_v9_trained_hybrid/baseline_01_hover_ATT_trained_hybrid_prediction_outputs.csv,Roll_hybrid_prediction
11.899405,0,0.16892009973526,0.16892009973526,0.0815569631866918,0.08736313654856821,0.08736313654856821,0.006865,1,20.0,0.13472278372465948,1,1,1,baseline_01_hover,Roll,pulse,W20_N5_mean1.25x,/home/tchowdh4/sensor_recovery_project/prediction_results_v9_trained_hybrid/baseline_01_hover_ATT_trained_hybrid_prediction_outputs.csv,Roll_hybrid_prediction
11.999365,0,0.17925326526165,0.17925326526165,0.0808973638955057,0.0983559013661443,0.0983559013661443,0.006865,1,20.0,0.12770535981731143,1,1,1,baseline_01_hover,Roll,pulse,W20_N5_mean1.25x,/home/tchowdh4/sensor_recovery_project/prediction_results_v9_trained_hybrid/baseline_01_hover_ATT_trained_hybrid_prediction_outputs.csv,Roll_hybrid_prediction
12.099325,0,0.187870517373085,0.187870517373085,0.0806461985711251,0.1072243188019599,0.1072243188019599,0.006865,1,20.0,0.12153890161178775,1,1,1,baseline_01_hover,Roll,pulse,W20_N5_mean1.25x,/home/tchowdh4/sensor_recovery_project/prediction_results_v9_trained_hybrid/baseline_01_hover_ATT_trained_hybrid_prediction_outputs.csv,Roll_hybrid_prediction
12.199285,0,0.1922865062952041,0.1922865062952041,0.0797875219996917,0.1124989842955124,0.1124989842955124,0.006865,1,20.0,0.11596547872092042,1,1,1,baseline_01_hover,Roll,pulse,W20_N5_mean1.25x,/home/tchowdh4/sensor_recovery_project/prediction_results_v9_trained_hybrid/baseline_01_hover_ATT_trained_hybrid_prediction_outputs.csv,Roll_hybrid_prediction
12.299245,0,0.1982529461383819,0.1982529461383819,0.0798599247227713,0.1183930214156106,0.1183930214156106,0.006865,1,20.0,0.11124132194818967,1,1,1,baseline_01_hover,Roll,pulse,W20_N5_mean1.25x,/home/tchowdh4/sensor_recovery_project/prediction_results_v9_trained_hybrid/baseline_01_hover_ATT_trained_hybrid_prediction_outputs.csv,Roll_hybrid_prediction
12.399205,0,0.2102853506803512,0.2102853506803512,0.0792454678130526,0.13103988286729862,0.13103988286729862,0.006865,1,20.0,0.10793751397807169,1,1,1,baseline_01_hover,Roll,pulse,W20_N5_mean1.25x,/home/tchowdh4/sensor_recovery_project/prediction_results_v9_trained_hybrid/baseline_01_hover_ATT_trained_hybrid_prediction_outputs.csv,Roll_hybrid_prediction
12.499998,0,0.2172557413578033,0.2172557413578033,0.0793147265358061,0.1379410148219972,0.1379410148219972,0.006865,1,20.0,0.10603554919458813,1,1,1,baseline_01_hover,Roll,pulse,W20_N5_mean1.25x,/home/tchowdh4/sensor_recovery_project/prediction_results_v9_trained_hybrid/baseline_01_hover_ATT_trained_hybrid_prediction_outputs.csv,Roll_hybrid_prediction
12.599958,0,0.2200875431299209,0.2200875431299209,0.0791234599115667,0.14096408321835419,0.14096408321835419,0.006865,1,20.0,0.10504206337422464,1,1,1,baseline_01_hover,Roll,pulse,W20_N5_mean1.25x,/home/tchowdh4/sensor_recovery_project/prediction_results_v9_trained_hybrid/baseline_01_hover_ATT_trained_hybrid_prediction_outputs.csv,Roll_hybrid_prediction
12.699918,0,0.2248008251190185,0.2248008251190185,0.0794398744860676,0.1453609506329509,0.1453609506329509,0.006865,1,20.0,0.10548145625350518,1,1,1,baseline_01_hover,Roll,pulse,W20_N5_mean1.25x,/home/tchowdh4/sensor_recovery_project/prediction_results_v9_trained_hybrid/baseline_01_hover_ATT_trained_hybrid_prediction_outputs.csv,Roll_hybrid_prediction
12.799878,0,0.2229530066251754,0.2229530066251754,0.0793017920761665,0.1436512145490089,0.1436512145490089,0.006865,1,20.0,0.10664517089997597,1,1,1,baseline_01_hover,Roll,pulse,W20_N5_mean1.25x,/home/tchowdh4/sensor_recovery_project/prediction_results_v9_trained_hybrid/baseline_01_hover_ATT_trained_hybrid_prediction_outputs.csv,Roll_hybrid_prediction
12.899838,0,0.2215679734945297,0.2215679734945297,0.0797034458606201,0.1418645276339096,0.1418645276339096,0.006865,1,20.0,0.10855400571203826,1,1,1,baseline_01_hover,Roll,pulse,W20_N5_mean1.25x,/home/tchowdh4/sensor_recovery_project/prediction_results_v9_trained_hybrid/baseline_01_hover_ATT_trained_hybrid_prediction_outputs.csv,Roll_hybrid_prediction
12.999798,0,0.2158185243606567,0.2158185243606567,0.0794703035075937,0.13634822085306303,0.13634822085306303,0.006865,1,20.0,0.11007280438124152,1,1,1,baseline_01_hover,Roll,pulse,W20_N5_mean1.25x,/home/tchowdh4/sensor_recovery_project/prediction_results_v9_trained_hybrid/baseline_01_hover_ATT_trained_hybrid_prediction_outputs.csv,Roll_hybrid_prediction
13.099758,0,0.2020779848098755,0.2020779848098755,0.0797686602103511,0.12230932459952439,0.12230932459952439,0.006865,1,20.0,0.11078349470714784,1,1,1,baseline_01_hover,Roll,pulse,W20_N5_mean1.25x,/home/tchowdh4/sensor_recovery_project/prediction_results_v9_trained_hybrid/baseline_01_hover_ATT_trained_hybrid_prediction_outputs.csv,Roll_hybrid_prediction
13.199718,0,0.18703593313694,0.18703593313694,0.0801751633107058,0.1068607698262342,0.1068607698262342,0.006865,1,20.0,0.11063491315467604,1,1,1,baseline_01_hover,Roll,pulse,W20_N5_mean1.25x,/home/tchowdh4/sensor_recovery_project/prediction_results_v9_trained_hybrid/baseline_01_hover_ATT_trained_hybrid_prediction_outputs.csv,Roll_hybrid_prediction
13.299678,0,0.1714670062065124,0.1714670062065124,0.0804579567978182,0.0910090494086942,0.0910090494086942,0.006865,1,20.0,0.11002544957309404,1,1,1,baseline_01_hover,Roll,pulse,W20_N5_mean1.25x,/home/tchowdh4/sensor_recovery_project/prediction_results_v9_trained_hybrid/baseline_01_hover_ATT_trained_hybrid_prediction_outputs.csv,Roll_hybrid_prediction
13.399638,0,0.1553547978401184,0.1553547978401184,0.0806304749437247,0.0747243228963937,0.0747243228963937,0.006865,1,20.0,0.10946917258688955,1,1,1,baseline_01_hover,Roll,pulse,W20_N5_mean1.25x,/home/tchowdh4/sensor_recovery_project/prediction_results_v9_trained_hybrid/baseline_01_hover_ATT_trained_hybrid_prediction_outputs.csv,Roll_hybrid_prediction
13.499598,0,0.1434015333652496,0.1434015333652496,0.0812059855777867,0.062195547787462904,0.062195547787462904,0.006865,1,20.0,0.10872808609104279,1,1,1,baseline_01_hover,Roll,pulse,W20_N5_mean1.25x,/home/tchowdh4/sensor_recovery_project/prediction_results_v9_trained_hybrid/baseline_01_hover_ATT_trained_hybrid_prediction_outputs.csv,Roll_hybrid_prediction
13.599558,0,0.1382762938737869,0.1382762938737869,0.0816298901504842,0.05664640372330269,0.05664640372330269,0.006865,1,20.0,0.10808369914433369,1,1,1,baseline_01_hover,Roll,pulse,W20_N5_mean1.25x,/home/tchowdh4/sensor_recovery_project/prediction_results_v9_trained_hybrid/baseline_01_hover_ATT_trained_hybrid_prediction_outputs.csv,Roll_hybrid_prediction
13.699518,0,0.127857357263565,0.127857357263565,0.0819194862160176,0.0459378710475474,0.0459378710475474,0.006865,1,20.0,0.10681347441674374,1,1,1,baseline_01_hover,Roll,pulse,W20_N5_mean1.25x,/home/tchowdh4/sensor_recovery_project/prediction_results_v9_trained_hybrid/baseline_01_hover_ATT_trained_hybrid_prediction_outputs.csv,Roll_hybrid_prediction
13.799478,0,0.11923648416996,0.11923648416996,0.0821491096446988,0.03708737452526119,0.03708737452526119,0.006865,1,20.0,0.10488879604093992,1,1,1,baseline_01_hover,Roll,pulse,W20_N5_mean1.25x,/home/tchowdh4/sensor_recovery_project/prediction_results_v9_trained_hybrid/baseline_01_hover_ATT_trained_hybrid_prediction_outputs.csv,Roll_hybrid_prediction
13.899438,0,0.1170415952801704,0.1170415952801704,0.0825332403614539,0.0345083549187165,0.0345083549187165,0.006865,1,20.0,0.10224605695944733,1,1,1,baseline_01_hover,Roll,pulse,W20_N5_mean1.25x,/home/tchowdh4/sensor_recovery_project/prediction_results_v9_trained_hybrid/baseline_01_hover_ATT_trained_hybrid_prediction_outputs.csv,Roll_hybrid_prediction
13.999398,0,0.1154563650488853,0.1154563650488853,0.0825038489833184,0.0329525160655669,0.0329525160655669,0.006865,1,20.0,0.09897588769441847,1,1,1,baseline_01_hover,Roll,pulse,W20_N5_mean1.25x,/home/tchowdh4/sensor_recovery_project/prediction_results_v9_trained_hybrid/baseline_01_hover_ATT_trained_hybrid_prediction_outputs.csv,Roll_hybrid_prediction
14.099358,0,0.1132802441716194,0.1132802441716194,0.0831218617084592,0.030158382463160202,0.030158382463160202,0.006865,1,20.0,0.09512259087747847,1,1,1,baseline_01_hover,Roll,pulse,W20_N5_mean1.25x,/home/tchowdh4/sensor_recovery_project/prediction_results_v9_trained_hybrid/baseline_01_hover_ATT_trained_hybrid_prediction_outputs.csv,Roll_hybrid_prediction
14.199318,0,0.108520470559597,0.108520470559597,0.0836167126596204,0.024903757899976606,0.024903757899976606,0.006865,1,20.0,0.0907428295577017,1,1,1,baseline_01_hover,Roll,pulse,W20_N5_mean1.25x,/home/tchowdh4/sensor_recovery_project/prediction_results_v9_trained_hybrid/baseline_01_hover_ATT_trained_hybrid_prediction_outputs.csv,Roll_hybrid_prediction
14.299278,0,0.1083880215883255,0.1083880215883255,0.0839029445404195,0.024485077047906006,0.024485077047906006,0.006865,1,20.0,0.08604743233931647,1,1,1,baseline_01_hover,Roll,pulse,W20_N5_mean1.25x,/home/tchowdh4/sensor_recovery_project/prediction_results_v9_trained_hybrid/baseline_01_hover_ATT_trained_hybrid_prediction_outputs.csv,Roll_hybrid_prediction
14.399238,0,0.1054868325591087,0.1054868325591087,0.0847819710684071,0.02070486149070161,0.02070486149070161,0.006865,1,20.0,0.08053068127048661,1,1,1,baseline_01_hover,Roll,pulse,W20_N5_mean1.25x,/home/tchowdh4/sensor_recovery_project/prediction_results_v9_trained_hybrid/baseline_01_hover_ATT_trained_hybrid_prediction_outputs.csv,Roll_hybrid_prediction
14.499198,0,0.1064689978957176,0.1064689978957176,0.0851612764984918,0.021307721397225796,0.021307721397225796,0.006865,1,20.0,0.07469901659924805,1,1,1,baseline_01_hover,Roll,pulse,W20_N5_mean1.25x,/home/tchowdh4/sensor_recovery_project/prediction_results_v9_trained_hybrid/baseline_01_hover_ATT_trained_hybrid_prediction_outputs.csv,Roll_hybrid_prediction
14.599991,0,0.1097794398665428,0.1097794398665428,0.0855549212628326,0.024224518603710207,0.024224518603710207,0.006865,1,20.0,0.06886203836851584,1,1,1,baseline_01_hover,Roll,pulse,W20_N5_mean1.25x,/home/tchowdh4/sensor_recovery_project/prediction_results_v9_trained_hybrid/baseline_01_hover_ATT_trained_hybrid_prediction_outputs.csv,Roll_hybrid_prediction
14.699951,0,0.1189539954066276,0.1189539954066276,0.0861800765811665,0.0327739188254611,0.0327739188254611,0.006865,1,20.0,0.06323268677814135,1,1,1,baseline_01_hover,Roll,pulse,W20_N5_mean1.25x,/home/tchowdh4/sensor_recovery_project/prediction_results_v9_trained_hybrid/baseline_01_hover_ATT_trained_hybrid_prediction_outputs.csv,Roll_hybrid_prediction
14.799911,0,0.1270717233419418,0.1270717233419418,0.086420905651727,0.04065081769021481,0.04065081769021481,0.006865,1,20.0,0.05808266693520164,1,1,1,baseline_01_hover,Roll,pulse,W20_N5_mean1.25x,/home/tchowdh4/sensor_recovery_project/prediction_results_v9_trained_hybrid/baseline_01_hover_ATT_trained_hybrid_prediction_outputs.csv,Roll_hybrid_prediction
14.899871,0,0.1258402615785598,0.1258402615785598,0.0867569227305511,0.039083338848008686,0.039083338848008686,0.006865,1,20.0,0.05294360749590661,1,1,1,baseline_01_hover,Roll,pulse,W20_N5_mean1.25x,/home/tchowdh4/sensor_recovery_project/prediction_results_v9_trained_hybrid/baseline_01_hover_ATT_trained_hybrid_prediction_outputs.csv,Roll_hybrid_prediction
14.999831,0,0.1228939965367317,0.1228939965367317,0.0872038235479283,0.035690172988803406,0.035690172988803406,0.006865,1,20.0,0.04791070510269362,1,1,1,baseline_01_hover,Roll,pulse,W20_N5_mean1.25x,/home/tchowdh4/sensor_recovery_project/prediction_results_v9_trained_hybrid/baseline_01_hover_ATT_trained_hybrid_prediction_outputs.csv,Roll_hybrid_prediction
15.099791,0,0.1205268874764442,0.1205268874764442,0.0879985125165887,0.0325283749598555,0.0325283749598555,0.006865,1,20.0,0.04342165762071018,1,1,1,baseline_01_hover,Roll,pulse,W20_N5_mean1.25x,/home/tchowdh4/sensor_recovery_project/prediction_results_v9_trained_hybrid/baseline_01_hover_ATT_trained_hybrid_prediction_outputs.csv,Roll_hybrid_prediction
15.199751,0,0.1230079382658004,0.1230079382658004,0.0888402780763803,0.03416766018942011,0.03416766018942011,0.006865,1,20.0,0.03978700213886947,1,1,1,baseline_01_hover,Roll,pulse,W20_N5_mean1.25x,/home/tchowdh4/sensor_recovery_project/prediction_results_v9_trained_hybrid/baseline_01_hover_ATT_trained_hybrid_prediction_outputs.csv,Roll_hybrid_prediction
15.299711,0,0.1185083389282226,0.1185083389282226,0.0892410510984006,0.029267287829822006,0.029267287829822006,0.006865,1,20.0,0.03669991405992586,1,1,1,baseline_01_hover,Roll,pulse,W20_N5_mean1.25x,/home/tchowdh4/sensor_recovery_project/prediction_results_v9_trained_hybrid/baseline_01_hover_ATT_trained_hybrid_prediction_outputs.csv,Roll_hybrid_prediction
15.399671,0,0.1129182577133178,0.1129182577133178,0.0895131138682056,0.023405143845112206,0.023405143845112206,0.006865,1,20.0,0.034133955107361794,1,1,1,baseline_01_hover,Roll,pulse,W20_N5_mean1.25x,/home/tchowdh4/sensor_recovery_project/prediction_results_v9_trained_hybrid/baseline_01_hover_ATT_trained_hybrid_prediction_outputs.csv,Roll_hybrid_prediction
15.499631,0,0.1262314468622207,0.1262314468622207,0.0902487274231398,0.03598271943908091,0.03598271943908091,0.006865,1,20.0,0.03282331368994269,1,1,1,baseline_01_hover,Roll,pulse,W20_N5_mean1.25x,/home/tchowdh4/sensor_recovery_project/prediction_results_v9_trained_hybrid/baseline_01_hover_ATT_trained_hybrid_prediction_outputs.csv,Roll_hybrid_prediction
15.599591,0,0.1349770873785019,0.1349770873785019,0.0909411976179845,0.044035889760517394,0.044035889760517394,0.006865,1,20.0,0.032192787991803425,1,1,1,baseline_01_hover,Roll,pulse,W20_N5_mean1.25x,/home/tchowdh4/sensor_recovery_project/prediction_results_v9_trained_hybrid/baseline_01_hover_ATT_trained_hybrid_prediction_outputs.csv,Roll_hybrid_prediction
15.699551,0,0.1428470462560653,0.1428470462560653,0.0916542141078222,0.05119283214824312,0.05119283214824312,0.006865,1,20.0,0.032455536046838214,1,1,1,baseline_01_hover,Roll,pulse,W20_N5_mean1.25x,/home/tchowdh4/sensor_recovery_project/prediction_results_v9_trained_hybrid/baseline_01_hover_ATT_trained_hybrid_prediction_outputs.csv,Roll_hybrid_prediction
15.799511,0,0.1508955061435699,0.1508955061435699,0.0918515947416154,0.05904391140195449,0.05904391140195449,0.006865,1,20.0,0.03355336289067288,1,1,1,baseline_01_hover,Roll,pulse,W20_N5_mean1.25x,/home/tchowdh4/sensor_recovery_project/prediction_results_v9_trained_hybrid/baseline_01_hover_ATT_trained_hybrid_prediction_outputs.csv,Roll_hybrid_prediction
15.899471,0,0.1601600348949432,0.1601600348949432,0.0925623906419782,0.06759764425296501,0.06759764425296501,0.006865,1,20.0,0.0352078273573853,1,1,1,baseline_01_hover,Roll,pulse,W20_N5_mean1.25x,/home/tchowdh4/sensor_recovery_project/prediction_results_v9_trained_hybrid/baseline_01_hover_ATT_trained_hybrid_prediction_outputs.csv,Roll_hybrid_prediction
15.999431,0,0.169382706284523,0.169382706284523,0.0928113487792924,0.07657135750523061,0.07657135750523061,0.006865,1,20.0,0.03738876942936849,1,1,1,baseline_01_hover,Roll,pulse,W20_N5_mean1.25x,/home/tchowdh4/sensor_recovery_project/prediction_results_v9_trained_hybrid/baseline_01_hover_ATT_trained_hybrid_prediction_outputs.csv,Roll_hybrid_prediction
16.099391,0,0.176955834031105,0.176955834031105,0.0934905011014269,0.08346533292967812,0.08346533292967812,0.006865,1,20.0,0.04005411695269438,1,1,1,baseline_01_hover,Roll,pulse,W20_N5_mean1.25x,/home/tchowdh4/sensor_recovery_project/prediction_results_v9_trained_hybrid/baseline_01_hover_ATT_trained_hybrid_prediction_outputs.csv,Roll_hybrid_prediction
16.199351,0,0.1750934571027755,0.1750934571027755,0.0938680470970496,0.08122541000572589,0.08122541000572589,0.006865,1,20.0,0.04287019955798185,1,1,1,baseline_01_hover,Roll,pulse,W20_N5_mean1.25x,/home/tchowdh4/sensor_recovery_project/prediction_results_v9_trained_hybrid/baseline_01_hover_ATT_trained_hybrid_prediction_outputs.csv,Roll_hybrid_prediction
16.299311,0,0.1732154041528701,0.1732154041528701,0.0949012968694937,0.0783141072833764,0.0783141072833764,0.006865,1,20.0,0.04556165106975537,1,1,1,baseline_01_hover,Roll,pulse,W20_N5_mean1.25x,/home/tchowdh4/sensor_recovery_project/prediction_results_v9_trained_hybrid/baseline_01_hover_ATT_trained_hybrid_prediction_outputs.csv,Roll_hybrid_prediction
16.399271,0,0.1671952456235885,0.1671952456235885,0.095033104522061,0.07216214110152751,0.07216214110152751,0.006865,1,20.0,0.048134515050296665,1,1,1,baseline_01_hover,Roll,pulse,W20_N5_mean1.25x,/home/tchowdh4/sensor_recovery_project/prediction_results_v9_trained_hybrid/baseline_01_hover_ATT_trained_hybrid_prediction_outputs.csv,Roll_hybrid_prediction
16.499231,0,0.1652086526155471,0.1652086526155471,0.096116591552875,0.0690920610626721,0.0690920610626721,0.006865,1,20.0,0.05052373203356898,1,1,1,baseline_01_hover,Roll,pulse,W20_N5_mean1.25x,/home/tchowdh4/sensor_recovery_project/prediction_results_v9_trained_hybrid/baseline_01_hover_ATT_trained_hybrid_prediction_outputs.csv,Roll_hybrid_prediction
16.599191,0,0.1663879454135894,0.1663879454135894,0.0963978532822591,0.0699900921313303,0.0699900921313303,0.006865,1,20.0,0.05281201070994999,1,1,1,baseline_01_hover,Roll,pulse,W20_N5_mean1.25x,/home/tchowdh4/sensor_recovery_project/prediction_results_v9_trained_hybrid/baseline_01_hover_ATT_trained_hybrid_prediction_outputs.csv,Roll_hybrid_prediction
16.699984,0,0.1518288403749466,0.1518288403749466,0.0973018640633056,0.054526976311640996,0.054526976311640996,0.006865,1,20.0,0.05389966358425898,1,1,1,baseline_01_hover,Roll,pulse,W20_N5_mean1.25x,/home/tchowdh4/sensor_recovery_project/prediction_results_v9_trained_hybrid/baseline_01_hover_ATT_trained_hybrid_prediction_outputs.csv,Roll_hybrid_prediction
16.799944,0,0.1479624807834625,0.1479624807834625,0.0978153886373671,0.05014709214609539,0.05014709214609539,0.006865,1,20.0,0.054374477307053005,1,1,1,baseline_01_hover,Roll,pulse,W20_N5_mean1.25x,/home/tchowdh4/sensor_recovery_project/prediction_results_v9_trained_hybrid/baseline_01_hover_ATT_trained_hybrid_prediction_outputs.csv,Roll_hybrid_prediction
16.899904,0,0.1526692360639572,0.1526692360639572,0.0983529889301133,0.05431624713384389,0.05431624713384389,0.006865,1,20.0,0.05513612272134476,1,1,1,baseline_01_hover,Roll,pulse,W20_N5_mean1.25x,/home/tchowdh4/sensor_recovery_project/prediction_results_v9_trained_hybrid/baseline_01_hover_ATT_trained_hybrid_prediction_outputs.csv,Roll_hybrid_prediction
16.999864,0,0.1532784104347229,0.1532784104347229,0.098812747651616,0.0544656627831069,0.0544656627831069,0.006865,1,20.0,0.05607489721105994,1,1,1,baseline_01_hover,Roll,pulse,W20_N5_mean1.25x,/home/tchowdh4/sensor_recovery_project/prediction_results_v9_trained_hybrid/baseline_01_hover_ATT_trained_hybrid_prediction_outputs.csv,Roll_hybrid_prediction
17.099824,0,0.1532134711742401,0.1532134711742401,0.0992394351202005,0.05397403605403961,0.05397403605403961,0.006865,1,20.0,0.05714718026576915,1,1,1,baseline_01_hover,Roll,pulse,W20_N5_mean1.25x,/home/tchowdh4/sensor_recovery_project/prediction_results_v9_trained_hybrid/baseline_01_hover_ATT_trained_hybrid_prediction_outputs.csv,Roll_hybrid_prediction
17.199784,0,0.1559341549873352,0.1559341549873352,0.0995949231708327,0.05633923181650251,0.05633923181650251,0.006865,1,20.0,0.05825575884712327,1,1,1,baseline_01_hover,Roll,pulse,W20_N5_mean1.25x,/home/tchowdh4/sensor_recovery_project/prediction_results_v9_trained_hybrid/baseline_01_hover_ATT_trained_hybrid_prediction_outputs.csv,Roll_hybrid_prediction
17.299744,0,0.1490803509950637,0.1490803509950637,0.1001404515945162,0.04893989940054749,0.04893989940054749,0.006865,1,20.0,0.05923938942565954,1,1,1,baseline_01_hover,Roll,pulse,W20_N5_mean1.25x,/home/tchowdh4/sensor_recovery_project/prediction_results_v9_trained_hybrid/baseline_01_hover_ATT_trained_hybrid_prediction_outputs.csv,Roll_hybrid_prediction
17.399704,0,0.1401491314172744,0.1401491314172744,0.1004276487843824,0.03972148263289199,0.03972148263289199,0.006865,1,20.0,0.06005520636504853,1,1,1,baseline_01_hover,Roll,pulse,W20_N5_mean1.25x,/home/tchowdh4/sensor_recovery_project/prediction_results_v9_trained_hybrid/baseline_01_hover_ATT_trained_hybrid_prediction_outputs.csv,Roll_hybrid_prediction
17.499664,0,0.1474907398223877,0.1474907398223877,0.100663860146054,0.0468268796763337,0.0468268796763337,0.006865,1,20.0,0.060597414376911164,1,1,1,baseline_01_hover,Roll,pulse,W20_N5_mean1.25x,/home/tchowdh4/sensor_recovery_project/prediction_results_v9_trained_hybrid/baseline_01_hover_ATT_trained_hybrid_prediction_outputs.csv,Roll_hybrid_prediction
17.599624,0,0.1628033816814422,0.1628033816814422,0.1011272517205281,0.06167612996091411,0.06167612996091411,0.006865,1,20.0,0.061479426386931005,1,1,1,baseline_01_hover,Roll,pulse,W20_N5_mean1.25x,/home/tchowdh4/sensor_recovery_project/prediction_results_v9_trained_hybrid/baseline_01_hover_ATT_trained_hybrid_prediction_outputs.csv,Roll_hybrid_prediction
17.699584,0,0.1696865707635879,0.1696865707635879,0.1012055602685195,0.0684810104950684,0.0684810104950684,0.006865,1,20.0,0.062343835304272274,1,1,1,baseline_01_hover,Roll,pulse,W20_N5_mean1.25x,/home/tchowdh4/sensor_recovery_project/prediction_results_v9_trained_hybrid/baseline_01_hover_ATT_trained_hybrid_prediction_outputs.csv,Roll_hybrid_prediction
17.799544,0,0.1807850450277328,0.1807850450277328,0.1017013981875653,0.0790836468401675,0.0790836468401675,0.006865,1,20.0,0.06334582207618292,1,1,1,baseline_01_hover,Roll,pulse,W20_N5_mean1.25x,/home/tchowdh4/sensor_recovery_project/prediction_results_v9_trained_hybrid/baseline_01_hover_ATT_trained_hybrid_prediction_outputs.csv,Roll_hybrid_prediction
17.899504,0,0.1822623759508133,0.1822623759508133,0.1023639434786223,0.079898432472191,0.079898432472191,0.006865,1,20.0,0.06396086148714422,1,1,1,baseline_01_hover,Roll,pulse,W20_N5_mean1.25x,/home/tchowdh4/sensor_recovery_project/prediction_results_v9_trained_hybrid/baseline_01_hover_ATT_trained_hybrid_prediction_outputs.csv,Roll_hybrid_prediction
17.999464,0,0.1838242262601852,0.1838242262601852,0.1022545112884294,0.08156971497175579,0.08156971497175579,0.006865,1,20.0,0.06421077936047048,1,1,1,baseline_01_hover,Roll,pulse,W20_N5_mean1.25x,/home/tchowdh4/sensor_recovery_project/prediction_results_v9_trained_hybrid/baseline_01_hover_ATT_trained_hybrid_prediction_outputs.csv,Roll_hybrid_prediction
18.099424,0,0.1869121491909027,0.1869121491909027,0.1027769105694588,0.08413523862144391,0.08413523862144391,0.006865,1,20.0,0.06424427464505876,1,1,1,baseline_01_hover,Roll,pulse,W20_N5_mean1.25x,/home/tchowdh4/sensor_recovery_project/prediction_results_v9_trained_hybrid/baseline_01_hover_ATT_trained_hybrid_prediction_outputs.csv,Roll_hybrid_prediction
18.199384,0,0.1865476816892624,0.1865476816892624,0.1029790257013136,0.08356865598794878,0.08356865598794878,0.006865,1,20.0,0.06436143694416992,1,1,1,baseline_01_hover,Roll,pulse,W20_N5_mean1.25x,/home/tchowdh4/sensor_recovery_project/prediction_results_v9_trained_hybrid/baseline_01_hover_ATT_trained_hybrid_prediction_outputs.csv,Roll_hybrid_prediction
18.299344,0,0.1870086938142776,0.1870086938142776,0.1035699556101814,0.0834387382040962,0.0834387382040962,0.006865,1,20.0,0.0646176684902059,1,1,1,baseline_01_hover,Roll,pulse,W20_N5_mean1.25x,/home/tchowdh4/sensor_recovery_project/prediction_results_v9_trained_hybrid/baseline_01_hover_ATT_trained_hybrid_prediction_outputs.csv,Roll_hybrid_prediction
18.399304,0,0.192555546760559,0.192555546760559,0.1033501166303398,0.0892054301302192,0.0892054301302192,0.006865,1,20.0,0.0654698329416405,1,1,1,baseline_01_hover,Roll,pulse,W20_N5_mean1.25x,/home/tchowdh4/sensor_recovery_project/prediction_results_v9_trained_hybrid/baseline_01_hover_ATT_trained_hybrid_prediction_outputs.csv,Roll_hybrid_prediction
18.499264,0,0.1988562494516372,0.1988562494516372,0.1039574686160862,0.09489878083555102,0.09489878083555102,0.006865,1,20.0,0.06676016893028444,1,1,1,baseline_01_hover,Roll,pulse,W20_N5_mean1.25x,/home/tchowdh4/sensor_recovery_project/prediction_results_v9_trained_hybrid/baseline_01_hover_ATT_trained_hybrid_prediction_outputs.csv,Roll_hybrid_prediction
18.599224,0,0.1981007605791092,0.1981007605791092,0.1040253048352533,0.0940754557438559,0.0940754557438559,0.006865,1,20.0,0.06796443711091071,1,1,1,baseline_01_hover,Roll,pulse,W20_N5_mean1.25x,/home/tchowdh4/sensor_recovery_project/prediction_results_v9_trained_hybrid/baseline_01_hover_ATT_trained_hybrid_prediction_outputs.csv,Roll_hybrid_prediction
18.700017,0,0.1970157027244568,0.1970157027244568,0.1044881346389515,0.09252756808550529,0.09252756808550529,0.006865,1,20.0,0.06986446669960393,1,1,1,baseline_01_hover,Roll,pulse,W20_N5_mean1.25x,/home/tchowdh4/sensor_recovery_project/prediction_results_v9_trained_hybrid/baseline_01_hover_ATT_trained_hybrid_prediction_outputs.csv,Roll_hybrid_prediction
18.799977,0,0.1950645744800567,0.1950645744800567,0.1039989852208732,0.09106558925918351,0.09106558925918351,0.006865,1,20.0,0.07191039155525833,1,1,1,baseline_01_hover,Roll,pulse,W20_N5_mean1.25x,/home/tchowdh4/sensor_recovery_project/prediction_results_v9_trained_hybrid/baseline_01_hover_ATT_trained_hybrid_prediction_outputs.csv,Roll_hybrid_prediction
18.899937,0,0.1990328282117843,0.1990328282117843,0.104345809818473,0.09468701839331131,0.09468701839331131,0.006865,1,20.0,0.0739289301182317,1,1,1,baseline_01_hover,Roll,pulse,W20_N5_mean1.25x,/home/tchowdh4/sensor_recovery_project/prediction_results_v9_trained_hybrid/baseline_01_hover_ATT_trained_hybrid_prediction_outputs.csv,Roll_hybrid_prediction
18.999897,0,0.2075454443693161,0.2075454443693161,0.1046317912620235,0.1029136531072926,0.1029136531072926,0.006865,1,20.0,0.076351329634441,1,1,1,baseline_01_hover,Roll,pulse,W20_N5_mean1.25x,/home/tchowdh4/sensor_recovery_project/prediction_results_v9_trained_hybrid/baseline_01_hover_ATT_trained_hybrid_prediction_outputs.csv,Roll_hybrid_prediction
19.099857,0,0.2120167016983032,0.2120167016983032,0.1047123208150909,0.1073043808832123,0.1073043808832123,0.006865,1,20.0,0.07901784687589962,1,1,1,baseline_01_hover,Roll,pulse,W20_N5_mean1.25x,/home/tchowdh4/sensor_recovery_project/prediction_results_v9_trained_hybrid/baseline_01_hover_ATT_trained_hybrid_prediction_outputs.csv,Roll_hybrid_prediction
19.199817,0,0.2161521166563034,0.2161521166563034,0.1045316826885337,0.1116204339677697,0.1116204339677697,0.006865,1,20.0,0.08178190698346298,1,1,1,baseline_01_hover,Roll,pulse,W20_N5_mean1.25x,/home/tchowdh4/sensor_recovery_project/prediction_results_v9_trained_hybrid/baseline_01_hover_ATT_trained_hybrid_prediction_outputs.csv,Roll_hybrid_prediction
19.299777,0,0.2220221906900406,0.2220221906900406,0.1049913213652568,0.11703086932478379,0.11703086932478379,0.006865,1,20.0,0.0851864554796748,1,1,1,baseline_01_hover,Roll,pulse,W20_N5_mean1.25x,/home/tchowdh4/sensor_recovery_project/prediction_results_v9_trained_hybrid/baseline_01_hover_ATT_trained_hybrid_prediction_outputs.csv,Roll_hybrid_prediction
19.399737,0,0.2312815338373184,0.2312815338373184,0.1050674562688014,0.126214077568517,0.126214077568517,0.006865,1,20.0,0.08951108522645605,1,1,1,baseline_01_hover,Roll,pulse,W20_N5_mean1.25x,/home/tchowdh4/sensor_recovery_project/prediction_results_v9_trained_hybrid/baseline_01_hover_ATT_trained_hybrid_prediction_outputs.csv,Roll_hybrid_prediction
19.499697,0,0.2294021397829055,0.2294021397829055,0.1050852879173621,0.12431685186554339,0.12431685186554339,0.006865,1,20.0,0.09338558383591654,1,1,1,baseline_01_hover,Roll,pulse,W20_N5_mean1.25x,/home/tchowdh4/sensor_recovery_project/prediction_results_v9_trained_hybrid/baseline_01_hover_ATT_trained_hybrid_prediction_outputs.csv,Roll_hybrid_prediction
19.599657,0,0.2261642515659332,0.2261642515659332,0.105584887374101,0.1205793641918322,0.1205793641918322,0.006865,1,20.0,0.09633074554746245,1,1,1,baseline_01_hover,Roll,pulse,W20_N5_mean1.25x,/home/tchowdh4/sensor_recovery_project/prediction_results_v9_trained_hybrid/baseline_01_hover_ATT_trained_hybrid_prediction_outputs.csv,Roll_hybrid_prediction
19.699617,0,0.2246523201465606,0.2246523201465606,0.105236755689863,0.11941556445669761,0.11941556445669761,0.006865,1,20.0,0.0988774732455439,1,1,1,baseline_01_hover,Roll,pulse,W20_N5_mean1.25x,/home/tchowdh4/sensor_recovery_project/prediction_results_v9_trained_hybrid/baseline_01_hover_ATT_trained_hybrid_prediction_outputs.csv,Roll_hybrid_prediction
19.799577,0,0.2260607630014419,0.2260607630014419,0.1054654012063415,0.1205953617951004,0.1205953617951004,0.006865,1,20.0,0.10095305899329055,1,1,1,baseline_01_hover,Roll,pulse,W20_N5_mean1.25x,/home/tchowdh4/sensor_recovery_project/prediction_results_v9_trained_hybrid/baseline_01_hover_ATT_trained_hybrid_prediction_outputs.csv,Roll_hybrid_prediction
19.899537,0,0.2248691320419311,0.2248691320419311,0.1053046859452203,0.1195644460967108,0.1195644460967108,0.006865,1,20.0,0.10293635967451653,1,1,1,baseline_01_hover,Roll,pulse,W20_N5_mean1.25x,/home/tchowdh4/sensor_recovery_project/prediction_results_v9_trained_hybrid/baseline_01_hover_ATT_trained_hybrid_prediction_outputs.csv,Roll_hybrid_prediction
19.999497,0,0.2235580384731292,0.2235580384731292,0.1047717673910875,0.11878627108204169,0.11878627108204169,0.006865,1,20.0,0.10479718748003082,1,1,1,baseline_01_hover,Roll,pulse,W20_N5_mean1.25x,/home/tchowdh4/sensor_recovery_project/prediction_results_v9_trained_hybrid/baseline_01_hover_ATT_trained_hybrid_prediction_outputs.csv,Roll_hybrid_prediction
20.099457,0,0.2213626652956009,0.2213626652956009,0.1053672673847619,0.11599539791083899,0.11599539791083899,0.006865,1,20.0,0.1063901954445006,1,1,1,baseline_01_hover,Roll,pulse,W20_N5_mean1.25x,/home/tchowdh4/sensor_recovery_project/prediction_results_v9_trained_hybrid/baseline_01_hover_ATT_trained_hybrid_prediction_outputs.csv,Roll_hybrid_prediction
20.199417,0,0.2195023447275161,0.2195023447275161,0.1049579785354564,0.1145443661920597,0.1145443661920597,0.006865,1,20.0,0.10793898095470614,1,1,1,baseline_01_hover,Roll,pulse,W20_N5_mean1.25x,/home/tchowdh4/sensor_recovery_project/prediction_results_v9_trained_hybrid/baseline_01_hover_ATT_trained_hybrid_prediction_outputs.csv,Roll_hybrid_prediction
20.299377,0,0.2217358648777008,0.2217358648777008,0.1051577801750504,0.11657808470265041,0.11657808470265041,0.006865,1,20.0,0.10959594827963384,1,1,1,baseline_01_hover,Roll,pulse,W20_N5_mean1.25x,/home/tchowdh4/sensor_recovery_project/prediction_results_v9_trained_hybrid/baseline_01_hover_ATT_trained_hybrid_prediction_outputs.csv,Roll_hybrid_prediction
20.399337,0,0.2266978621482849,0.2266978621482849,0.1049726580691215,0.12172520407916342,0.12172520407916342,0.006865,1,20.0,0.11122193697708105,1,1,1,baseline_01_hover,Roll,pulse,W20_N5_mean1.25x,/home/tchowdh4/sensor_recovery_project/prediction_results_v9_trained_hybrid/baseline_01_hover_ATT_trained_hybrid_prediction_outputs.csv,Roll_hybrid_prediction
20.499297,0,0.2324790358543396,0.2324790358543396,0.1056979540692797,0.1267810817850599,0.1267810817850599,0.006865,1,20.0,0.1128160520245565,1,1,1,baseline_01_hover,Roll,pulse,W20_N5_mean1.25x,/home/tchowdh4/sensor_recovery_project/prediction_results_v9_trained_hybrid/baseline_01_hover_ATT_trained_hybrid_prediction_outputs.csv,Roll_hybrid_prediction
20.599257,0,0.2413670271635055,0.2413670271635055,0.1052436417237579,0.1361233854397476,0.1361233854397476,0.006865,1,20.0,0.1149184485093511,1,1,1,baseline_01_hover,Roll,pulse,W20_N5_mean1.25x,/home/tchowdh4/sensor_recovery_project/prediction_results_v9_trained_hybrid/baseline_01_hover_ATT_trained_hybrid_prediction_outputs.csv,Roll_hybrid_prediction
20.699217,0,0.2483586519956588,0.2483586519956588,0.1052710224552684,0.1430876295403904,0.1430876295403904,0.006865,1,20.0,0.11744645158209535,1,1,1,baseline_01_hover,Roll,pulse,W20_N5_mean1.25x,/home/tchowdh4/sensor_recovery_project/prediction_results_v9_trained_hybrid/baseline_01_hover_ATT_trained_hybrid_prediction_outputs.csv,Roll_hybrid_prediction
20.80001,0,0.2542806267738342,0.2542806267738342,0.1049458700213414,0.14933475675249278,0.14933475675249278,0.006865,1,20.0,0.1203599099567608,1,1,1,baseline_01_hover,Roll,pulse,W20_N5_mean1.25x,/home/tchowdh4/sensor_recovery_project/prediction_results_v9_trained_hybrid/baseline_01_hover_ATT_trained_hybrid_prediction_outputs.csv,Roll_hybrid_prediction
20.89997,0,0.2511312663555145,0.2511312663555145,0.1053949940044886,0.14573627235102593,0.14573627235102593,0.006865,1,20.0,0.12291237265464654,1,1,1,baseline_01_hover,Roll,pulse,W20_N5_mean1.25x,/home/tchowdh4/sensor_recovery_project/prediction_results_v9_trained_hybrid/baseline_01_hover_ATT_trained_hybrid_prediction_outputs.csv,Roll_hybrid_prediction
20.99993,0,0.2422424405813217,0.2422424405813217,0.105390649899391,0.1368517906819307,0.1368517906819307,0.006865,1,20.0,0.12460927953337844,1,1,1,baseline_01_hover,Roll,pulse,W20_N5_mean1.25x,/home/tchowdh4/sensor_recovery_project/prediction_results_v9_trained_hybrid/baseline_01_hover_ATT_trained_hybrid_prediction_outputs.csv,Roll_hybrid_prediction
21.09989,0,0.2305058240890503,0.2305058240890503,0.1049769619004134,0.1255288621886369,0.1255288621886369,0.006865,1,20.0,0.12552050359864966,1,1,1,baseline_01_hover,Roll,pulse,W20_N5_mean1.25x,/home/tchowdh4/sensor_recovery_project/prediction_results_v9_trained_hybrid/baseline_01_hover_ATT_trained_hybrid_prediction_outputs.csv,Roll_hybrid_prediction
21.19985,0,0.2200605124235153,0.2200605124235153,0.1052139183711851,0.11484659405233019,0.11484659405233019,0.006865,1,20.0,0.1256818116028777,1,1,1,baseline_01_hover,Roll,pulse,W20_N5_mean1.25x,/home/tchowdh4/sensor_recovery_project/prediction_results_v9_trained_hybrid/baseline_01_hover_ATT_trained_hybrid_prediction_outputs.csv,Roll_hybrid_prediction
21.29981,0,0.2133167386054992,0.2133167386054992,0.1048100784013403,0.10850666020415892,0.10850666020415892,0.006865,1,20.0,0.12525560114684647,1,1,1,baseline_01_hover,Roll,pulse,W20_N5_mean1.25x,/home/tchowdh4/sensor_recovery_project/prediction_results_v9_trained_hybrid/baseline_01_hover_ATT_trained_hybrid_prediction_outputs.csv,Roll_hybrid_prediction
21.39977,0,0.2092059552669525,0.2092059552669525,0.1046539037302985,0.10455205153665399,0.10455205153665399,0.006865,1,20.0,0.12417249984525329,1,1,1,baseline_01_hover,Roll,pulse,W20_N5_mean1.25x,/home/tchowdh4/sensor_recovery_project/prediction_results_v9_trained_hybrid/baseline_01_hover_ATT_trained_hybrid_prediction_outputs.csv,Roll_hybrid_prediction
21.49973,0,0.2083974629640579,0.2083974629640579,0.1048486457737067,0.1035488171903512,0.1035488171903512,0.006865,1,20.0,0.1231340981114937,1,1,1,baseline_01_hover,Roll,pulse,W20_N5_mean1.25x,/home/tchowdh4/sensor_recovery_project/prediction_results_v9_trained_hybrid/baseline_01_hover_ATT_trained_hybrid_prediction_outputs.csv,Roll_hybrid_prediction
21.59969,0,0.2084218561649322,0.2084218561649322,0.1046833871193705,0.1037384690455617,0.1037384690455617,0.006865,1,20.0,0.12229205335418017,1,1,1,baseline_01_hover,Roll,pulse,W20_N5_mean1.25x,/home/tchowdh4/sensor_recovery_project/prediction_results_v9_trained_hybrid/baseline_01_hover_ATT_trained_hybrid_prediction_outputs.csv,Roll_hybrid_prediction
21.69965,0,0.2028347849845886,0.2028347849845886,0.1048264164966977,0.09800836848789089,0.09800836848789089,0.006865,1,20.0,0.12122169355573983,1,1,1,baseline_01_hover,Roll,pulse,W20_N5_mean1.25x,/home/tchowdh4/sensor_recovery_project/prediction_results_v9_trained_hybrid/baseline_01_hover_ATT_trained_hybrid_prediction_outputs.csv,Roll_hybrid_prediction
21.79961,0,0.2031517475843429,0.2031517475843429,0.1043812187268593,0.0987705288574836,0.0987705288574836,0.006865,1,20.0,0.120130451908859,1,1,1,baseline_01_hover,Roll,pulse,W20_N5_mean1.25x,/home/tchowdh4/sensor_recovery_project/prediction_results_v9_trained_hybrid/baseline_01_hover_ATT_trained_hybrid_prediction_outputs.csv,Roll_hybrid_prediction
21.89957,0,0.2004697024822235,0.2004697024822235,0.1047311651822222,0.09573853730000131,0.09573853730000131,0.006865,1,20.0,0.1189391564690235,1,1,1,baseline_01_hover,Roll,pulse,W20_N5_mean1.25x,/home/tchowdh4/sensor_recovery_project/prediction_results_v9_trained_hybrid/baseline_01_hover_ATT_trained_hybrid_prediction_outputs.csv,Roll_hybrid_prediction
21.99953,0,0.196605309844017,0.196605309844017,0.1045719757771572,0.0920333340668598,0.0920333340668598,0.006865,1,20.0,0.11760150961826443,1,1,1,baseline_01_hover,Roll,pulse,W20_N5_mean1.25x,/home/tchowdh4/sensor_recovery_project/prediction_results_v9_trained_hybrid/baseline_01_hover_ATT_trained_hybrid_prediction_outputs.csv,Roll_hybrid_prediction
22.09949,0,0.1886638402938842,0.1886638402938842,0.1048131858037689,0.08385065449011529,0.08385065449011529,0.006865,1,20.0,0.11599427244722822,1,1,1,baseline_01_hover,Roll,pulse,W20_N5_mean1.25x,/home/tchowdh4/sensor_recovery_project/prediction_results_v9_trained_hybrid/baseline_01_hover_ATT_trained_hybrid_prediction_outputs.csv,Roll_hybrid_prediction
22.19945,0,0.1823215782642364,0.1823215782642364,0.1045867230838443,0.0777348551803921,0.0777348551803921,0.006865,1,20.0,0.11415379689664484,1,1,1,baseline_01_hover,Roll,pulse,W20_N5_mean1.25x,/home/tchowdh4/sensor_recovery_project/prediction_results_v9_trained_hybrid/baseline_01_hover_ATT_trained_hybrid_prediction_outputs.csv,Roll_hybrid_prediction
22.29941,0,0.1778774261474609,0.1778774261474609,0.1047147695068074,0.07316265664065351,0.07316265664065351,0.006865,1,20.0,0.111983025493545,1,1,1,baseline_01_hover,Roll,pulse,W20_N5_mean1.25x,/home/tchowdh4/sensor_recovery_project/prediction_results_v9_trained_hybrid/baseline_01_hover_ATT_trained_hybrid_prediction_outputs.csv,Roll_hybrid_prediction
22.39937,0,0.1803467869758606,0.1803467869758606,0.1044186981305262,0.07592808884533439,0.07592808884533439,0.006865,1,20.0,0.10969316973185354,1,1,1,baseline_01_hover,Roll,pulse,W20_N5_mean1.25x,/home/tchowdh4/sensor_recovery_project/prediction_results_v9_trained_hybrid/baseline_01_hover_ATT_trained_hybrid_prediction_outputs.csv,Roll_hybrid_prediction
22.49933,0,0.1814929395914077,0.1814929395914077,0.1040560666761788,0.0774368729152289,0.0774368729152289,0.006865,1,20.0,0.10722595928836201,1,1,1,baseline_01_hover,Roll,pulse,W20_N5_mean1.25x,/home/tchowdh4/sensor_recovery_project/prediction_results_v9_trained_hybrid/baseline_01_hover_ATT_trained_hybrid_prediction_outputs.csv,Roll_hybrid_prediction
22.59929,0,0.1768634170293808,0.1768634170293808,0.104545148355481,0.0723182686738998,0.0723182686738998,0.006865,1,20.0,0.1040357034500696,1,1,1,baseline_01_hover,Roll,pulse,W20_N5_mean1.25x,/home/tchowdh4/sensor_recovery_project/prediction_results_v9_trained_hybrid/baseline_01_hover_ATT_trained_hybrid_prediction_outputs.csv,Roll_hybrid_prediction
22.69925,0,0.1762738823890686,0.1762738823890686,0.1045229099972629,0.07175097239180571,0.07175097239180571,0.006865,1,20.0,0.10046887059264038,1,1,1,baseline_01_hover,Roll,pulse,W20_N5_mean1.25x,/home/tchowdh4/sensor_recovery_project/prediction_results_v9_trained_hybrid/baseline_01_hover_ATT_trained_hybrid_prediction_outputs.csv,Roll_hybrid_prediction
22.79921,0,0.1717687845230102,0.1717687845230102,0.1041870578305216,0.0675817266924886,0.0675817266924886,0.006865,1,20.0,0.09638121908964017,1,1,1,baseline_01_hover,Roll,pulse,W20_N5_mean1.25x,/home/tchowdh4/sensor_recovery_project/prediction_results_v9_trained_hybrid/baseline_01_hover_ATT_trained_hybrid_prediction_outputs.csv,Roll_hybrid_prediction
22.900003,0,0.1647548526525497,0.1647548526525497,0.1045733599623674,0.06018149269018229,0.06018149269018229,0.006865,1,20.0,0.092103480106598,1,1,1,baseline_01_hover,Roll,pulse,W20_N5_mean1.25x,/home/tchowdh4/sensor_recovery_project/prediction_results_v9_trained_hybrid/baseline_01_hover_ATT_trained_hybrid_prediction_outputs.csv,Roll_hybrid_prediction
22.999963,0,0.1564235538244247,0.1564235538244247,0.104552493435801,0.051871060388623685,0.051871060388623685,0.006865,1,20.0,0.08785444359193265,1,1,1,baseline_01_hover,Roll,pulse,W20_N5_mean1.25x,/home/tchowdh4/sensor_recovery_project/prediction_results_v9_trained_hybrid/baseline_01_hover_ATT_trained_hybrid_prediction_outputs.csv,Roll_hybrid_prediction
23.099923,0,0.1466541588306427,0.1466541588306427,0.1040059724946901,0.042648186335952604,0.042648186335952604,0.006865,1,20.0,0.08371040979929842,1,1,1,baseline_01_hover,Roll,pulse,W20_N5_mean1.25x,/home/tchowdh4/sensor_recovery_project/prediction_results_v9_trained_hybrid/baseline_01_hover_ATT_trained_hybrid_prediction_outputs.csv,Roll_hybrid_prediction
23.199883,0,0.1414317786693573,0.1414317786693573,0.1039728574322763,0.037458921237081,0.037458921237081,0.006865,1,20.0,0.07984102615853597,1,1,1,baseline_01_hover,Roll,pulse,W20_N5_mean1.25x,/home/tchowdh4/sensor_recovery_project/prediction_results_v9_trained_hybrid/baseline_01_hover_ATT_trained_hybrid_prediction_outputs.csv,Roll_hybrid_prediction
23.299843,0,0.1365124732255935,0.1365124732255935,0.1041500033109963,0.03236246991459721,0.03236246991459721,0.006865,1,20.0,0.07603381664405788,1,1,1,baseline_01_hover,Roll,pulse,W20_N5_mean1.25x,/home/tchowdh4/sensor_recovery_project/prediction_results_v9_trained_hybrid/baseline_01_hover_ATT_trained_hybrid_prediction_outputs.csv,Roll_hybrid_prediction
23.399803,0,0.1235513091087341,0.1235513091087341,0.1038984970098502,0.019652812098883907,0.019652812098883907,0.006865,1,20.0,0.07178885467216937,1,1,1,baseline_01_hover,Roll,pulse,W20_N5_mean1.25x,/home/tchowdh4/sensor_recovery_project/prediction_results_v9_trained_hybrid/baseline_01_hover_ATT_trained_hybrid_prediction_outputs.csv,Roll_hybrid_prediction
23.499763,0,0.1170204356312751,0.1170204356312751,0.1038969148108162,0.013123520820458895,0.013123520820458895,0.006865,1,20.0,0.06726758985367476,1,1,1,baseline_01_hover,Roll,pulse,W20_N5_mean1.25x,/home/tchowdh4/sensor_recovery_project/prediction_results_v9_trained_hybrid/baseline_01_hover_ATT_trained_hybrid_prediction_outputs.csv,Roll_hybrid_prediction
23.599723,0,0.1124616488814354,0.1124616488814354,0.1035278967679038,0.00893375211353159,0.00893375211353159,0.006865,1,20.0,0.06252735400707325,1,1,1,baseline_01_hover,Roll,pulse,W20_N5_mean1.25x,/home/tchowdh4/sensor_recovery_project/prediction_results_v9_trained_hybrid/baseline_01_hover_ATT_trained_hybrid_prediction_outputs.csv,Roll_hybrid_prediction
23.699683,0,0.1080384775996208,0.1080384775996208,0.1042151234688329,0.0038233541307879093,0.0038233541307879093,0.006865,0,19.0,0.057818103289218103,1,1,1,baseline_01_hover,Roll,pulse,W20_N5_mean1.25x,/home/tchowdh4/sensor_recovery_project/prediction_results_v9_trained_hybrid/baseline_01_hover_ATT_trained_hybrid_prediction_outputs.csv,Roll_hybrid_prediction
23.799643,0,0.1084192469716072,0.1084192469716072,0.103797878097529,0.004621368874078199,0.004621368874078199,0.006865,0,18.0,0.05311064529004783,1,1,1,baseline_01_hover,Roll,pulse,W20_N5_mean1.25x,/home/tchowdh4/sensor_recovery_project/prediction_results_v9_trained_hybrid/baseline_01_hover_ATT_trained_hybrid_prediction_outputs.csv,Roll_hybrid_prediction
23.899603,0,0.1085423454642295,0.1085423454642295,0.1041200771524125,0.004422268311816996,0.004422268311816996,0.006865,0,17.0,0.04854483184063862,1,1,1,baseline_01_hover,Roll,pulse,W20_N5_mean1.25x,/home/tchowdh4/sensor_recovery_project/prediction_results_v9_trained_hybrid/baseline_01_hover_ATT_trained_hybrid_prediction_outputs.csv,Roll_hybrid_prediction
23.999563,0,0.1111156493425369,0.1111156493425369,0.1036128562772897,0.007502793065247204,0.007502793065247204,0.006865,1,17.0,0.04431830479055799,1,1,1,baseline_01_hover,Roll,pulse,W20_N5_mean1.25x,/home/tchowdh4/sensor_recovery_project/prediction_results_v9_trained_hybrid/baseline_01_hover_ATT_trained_hybrid_prediction_outputs.csv,Roll_hybrid_prediction
24.099523,0,0.1095248311758041,0.1095248311758041,0.1040620066040473,0.0054628245717568,0.0054628245717568,0.006865,0,16.0,0.040398913294640064,1,1,1,baseline_01_hover,Roll,pulse,W20_N5_mean1.25x,/home/tchowdh4/sensor_recovery_project/prediction_results_v9_trained_hybrid/baseline_01_hover_ATT_trained_hybrid_prediction_outputs.csv,Roll_hybrid_prediction
24.199483,0,0.108325608074665,0.108325608074665,0.1031104691447506,0.0052151389299144035,0.0052151389299144035,0.006865,0,15.0,0.03677292748211618,1,1,1,baseline_01_hover,Roll,pulse,W20_N5_mean1.25x,/home/tchowdh4/sensor_recovery_project/prediction_results_v9_trained_hybrid/baseline_01_hover_ATT_trained_hybrid_prediction_outputs.csv,Roll_hybrid_prediction
24.299443,0,0.1074041947722435,0.1074041947722435,0.1032975428548239,0.0041066519174196014,0.0041066519174196014,0.006865,0,14.0,0.033320127245954484,1,1,1,baseline_01_hover,Roll,pulse,W20_N5_mean1.25x,/home/tchowdh4/sensor_recovery_project/prediction_results_v9_trained_hybrid/baseline_01_hover_ATT_trained_hybrid_prediction_outputs.csv,Roll_hybrid_prediction
24.399403,0,0.1046414822340011,0.1046414822340011,0.1032701027702011,0.0013713794638000043,0.0013713794638000043,0.006865,0,13.0,0.029592291776877767,1,1,1,baseline_01_hover,Roll,pulse,W20_N5_mean1.25x,/home/tchowdh4/sensor_recovery_project/prediction_results_v9_trained_hybrid/baseline_01_hover_ATT_trained_hybrid_prediction_outputs.csv,Roll_hybrid_prediction
24.499363,0,0.1027917116880416,0.1027917116880416,0.1032805622538459,-0.0004888505658042913,0.0004888505658042913,0.006865,0,12.0,0.02574489065940654,1,1,1,baseline_01_hover,Roll,pulse,W20_N5_mean1.25x,/home/tchowdh4/sensor_recovery_project/prediction_results_v9_trained_hybrid/baseline_01_hover_ATT_trained_hybrid_prediction_outputs.csv,Roll_hybrid_prediction
24.599323,0,0.1055924072861671,0.1055924072861671,0.1027184039027912,0.0028740033833759004,0.0028740033833759004,0.006865,0,11.0,0.022272677394880338,1,1,1,baseline_01_hover,Roll,pulse,W20_N5_mean1.25x,/home/tchowdh4/sensor_recovery_project/prediction_results_v9_trained_hybrid/baseline_01_hover_ATT_trained_hybrid_prediction_outputs.csv,Roll_hybrid_prediction
24.699283,0,0.111010767519474,0.111010767519474,0.1024294822321428,0.008581285287331208,0.008581285287331208,0.006865,1,11.0,0.019114193039656616,1,1,1,baseline_01_hover,Roll,pulse,W20_N5_mean1.25x,/home/tchowdh4/sensor_recovery_project/prediction_results_v9_trained_hybrid/baseline_01_hover_ATT_trained_hybrid_prediction_outputs.csv,Roll_hybrid_prediction
24.799243,0,0.1190300211310386,0.1190300211310386,0.1028144781457431,0.016215542985295497,0.016215542985295497,0.006865,1,11.0,0.01654588385429696,1,1,1,baseline_01_hover,Roll,pulse,W20_N5_mean1.25x,/home/tchowdh4/sensor_recovery_project/prediction_results_v9_trained_hybrid/baseline_01_hover_ATT_trained_hybrid_prediction_outputs.csv,Roll_hybrid_prediction
24.899203,0,0.1270188987255096,0.1270188987255096,0.1027257216071146,0.024293177118394987,0.024293177118394987,0.006865,1,11.0,0.014751468075707593,1,1,1,baseline_01_hover,Roll,pulse,W20_N5_mean1.25x,/home/tchowdh4/sensor_recovery_project/prediction_results_v9_trained_hybrid/baseline_01_hover_ATT_trained_hybrid_prediction_outputs.csv,Roll_hybrid_prediction
24.999996,0,0.1359150856733322,0.1359150856733322,0.1022822483494484,0.03363283732388378,0.03363283732388378,0.006865,1,11.0,0.0138395569224706,1,1,1,baseline_01_hover,Roll,pulse,W20_N5_mean1.25x,/home/tchowdh4/sensor_recovery_project/prediction_results_v9_trained_hybrid/baseline_01_hover_ATT_trained_hybrid_prediction_outputs.csv,Roll_hybrid_prediction
