baseline_file,target,model,source_prediction_csv,residual_csv,time_source,n,mean,std,mae,rmse,max_abs,p95_abs,p99_abs,p995_abs,mean_abs,std_abs,mean_abs_plus_3std_abs,recommended_threshold,recommended_threshold_method
baseline_01_hover,Roll,hybrid,/home/tchowdh4/sensor_recovery_project/prediction_results_v9_trained_hybrid/baseline_01_hover_ATT_trained_hybrid_prediction_outputs.csv,/home/tchowdh4/sensor_recovery_project/residual_results_v9/baseline_01_hover_Roll_clean_residuals_v9.csv,t_Roll,250,0.0007208205144612778,0.0023502860772802695,0.0018291210668793419,0.0024538401497541497,0.007436052571981405,0.005605646623210757,0.0068645365591840715,0.006934068526263583,0.0018291210668793419,0.001639022018139914,0.006746187121299084,0.0068645365591840715,p99_abs
baseline_01_hover,Roll,naive,/home/tchowdh4/sensor_recovery_project/prediction_results_v9_trained_hybrid/baseline_01_hover_ATT_trained_hybrid_prediction_outputs.csv,/home/tchowdh4/sensor_recovery_project/residual_results_v9/baseline_01_hover_Roll_clean_residuals_v9.csv,t_Roll,0,,,,,,,,,,,,,unavailable
baseline_01_hover,Roll,constant_velocity,/home/tchowdh4/sensor_recovery_project/prediction_results_v9_trained_hybrid/baseline_01_hover_ATT_trained_hybrid_prediction_outputs.csv,/home/tchowdh4/sensor_recovery_project/residual_results_v9/baseline_01_hover_Roll_clean_residuals_v9.csv,t_Roll,0,,,,,,,,,,,,,unavailable
baseline_01_hover,Roll,arx,/home/tchowdh4/sensor_recovery_project/prediction_results_v9_trained_hybrid/baseline_01_hover_ATT_trained_hybrid_prediction_outputs.csv,/home/tchowdh4/sensor_recovery_project/residual_results_v9/baseline_01_hover_Roll_clean_residuals_v9.csv,t_Roll,250,0.0013064172883844078,0.0034605424301023856,0.0027428142829613216,0.0036924488657646215,0.013405475176192005,0.008615834136924568,0.012329242467696096,0.012788650055522403,0.0027428142829613216,0.0024770327410575128,0.01017391250613386,0.012329242467696096,p99_abs
baseline_01_hover,Pitch,hybrid,/home/tchowdh4/sensor_recovery_project/prediction_results_v9_trained_hybrid/baseline_01_hover_ATT_trained_hybrid_prediction_outputs.csv,/home/tchowdh4/sensor_recovery_project/residual_results_v9/baseline_01_hover_Pitch_clean_residuals_v9.csv,t_Roll,250,0.00034375691385962525,0.002552298086592947,0.0018681925098924601,0.002570279641704577,0.009578608368635694,0.0058140597242524435,0.009160940911170439,0.009317423853755134,0.0018681925098924601,0.0017688157107559814,0.007174639642160404,0.009160940911170439,p99_abs
baseline_01_hover,Pitch,naive,/home/tchowdh4/sensor_recovery_project/prediction_results_v9_trained_hybrid/baseline_01_hover_ATT_trained_hybrid_prediction_outputs.csv,/home/tchowdh4/sensor_recovery_project/residual_results_v9/baseline_01_hover_Pitch_clean_residuals_v9.csv,t_Roll,0,,,,,,,,,,,,,unavailable
baseline_01_hover,Pitch,constant_velocity,/home/tchowdh4/sensor_recovery_project/prediction_results_v9_trained_hybrid/baseline_01_hover_ATT_trained_hybrid_prediction_outputs.csv,/home/tchowdh4/sensor_recovery_project/residual_results_v9/baseline_01_hover_Pitch_clean_residuals_v9.csv,t_Roll,0,,,,,,,,,,,,,unavailable
baseline_01_hover,Pitch,arx,/home/tchowdh4/sensor_recovery_project/prediction_results_v9_trained_hybrid/baseline_01_hover_ATT_trained_hybrid_prediction_outputs.csv,/home/tchowdh4/sensor_recovery_project/residual_results_v9/baseline_01_hover_Pitch_clean_residuals_v9.csv,t_Roll,250,0.0005029804427179903,0.0032861971131759554,0.0025058431962159153,0.003317963897714408,0.014731219211909397,0.006819809789958042,0.012735331471866724,0.014167203220986316,0.0025058431962159153,0.0021791348782913217,0.00904324783108988,0.012735331471866724,p99_abs
baseline_01_hover,Yaw,hybrid,/home/tchowdh4/sensor_recovery_project/prediction_results_v9_trained_hybrid/baseline_01_hover_ATT_trained_hybrid_prediction_outputs.csv,/home/tchowdh4/sensor_recovery_project/residual_results_v9/baseline_01_hover_Yaw_clean_residuals_v9.csv,t_Roll,250,-0.0004742797851799878,0.002661288247381699,0.001042248535150975,0.002697974542085177,0.021128845214889225,0.004419708251964484,0.013596328735385408,0.01838531494142897,0.001042248535150975,0.0024935226571423203,0.008522816506577937,0.013596328735385408,p99_abs
baseline_01_hover,Yaw,naive,/home/tchowdh4/sensor_recovery_project/prediction_results_v9_trained_hybrid/baseline_01_hover_ATT_trained_hybrid_prediction_outputs.csv,/home/tchowdh4/sensor_recovery_project/residual_results_v9/baseline_01_hover_Yaw_clean_residuals_v9.csv,t_Roll,0,,,,,,,,,,,,,unavailable
baseline_01_hover,Yaw,constant_velocity,/home/tchowdh4/sensor_recovery_project/prediction_results_v9_trained_hybrid/baseline_01_hover_ATT_trained_hybrid_prediction_outputs.csv,/home/tchowdh4/sensor_recovery_project/residual_results_v9/baseline_01_hover_Yaw_clean_residuals_v9.csv,t_Roll,0,,,,,,,,,,,,,unavailable
baseline_01_hover,Yaw,arx,/home/tchowdh4/sensor_recovery_project/prediction_results_v9_trained_hybrid/baseline_01_hover_ATT_trained_hybrid_prediction_outputs.csv,/home/tchowdh4/sensor_recovery_project/residual_results_v9/baseline_01_hover_Yaw_clean_residuals_v9.csv,t_Roll,250,-0.0058819869766916786,0.006574232075762413,0.006525826008951754,0.00881166363806574,0.03847168407884283,0.016035127420028043,0.03272460074909758,0.035940358008620006,0.006525826008951754,0.005932942795286952,0.02432465439481261,0.03272460074909758,p99_abs
baseline_02_high_altitude_hover,Roll,hybrid,/home/tchowdh4/sensor_recovery_project/prediction_results_v9_trained_hybrid/baseline_02_high_altitude_hover_ATT_trained_hybrid_prediction_outputs.csv,/home/tchowdh4/sensor_recovery_project/residual_results_v9/baseline_02_high_altitude_hover_Roll_clean_residuals_v9.csv,t_Roll,282,9.280179156870638e-06,0.002143520016521983,0.0013847311047823997,0.0021397361983060653,0.008394513616788404,0.004962959077417158,0.0068612023504666065,0.008136893862494401,0.0013847311047823997,0.0016341543635217356,0.0062871941953476064,0.0068612023504666065,p99_abs
baseline_02_high_altitude_hover,Roll,naive,/home/tchowdh4/sensor_recovery_project/prediction_results_v9_trained_hybrid/baseline_02_high_altitude_hover_ATT_trained_hybrid_prediction_outputs.csv,/home/tchowdh4/sensor_recovery_project/residual_results_v9/baseline_02_high_altitude_hover_Roll_clean_residuals_v9.csv,t_Roll,0,,,,,,,,,,,,,unavailable
baseline_02_high_altitude_hover,Roll,constant_velocity,/home/tchowdh4/sensor_recovery_project/prediction_results_v9_trained_hybrid/baseline_02_high_altitude_hover_ATT_trained_hybrid_prediction_outputs.csv,/home/tchowdh4/sensor_recovery_project/residual_results_v9/baseline_02_high_altitude_hover_Roll_clean_residuals_v9.csv,t_Roll,0,,,,,,,,,,,,,unavailable
baseline_02_high_altitude_hover,Roll,arx,/home/tchowdh4/sensor_recovery_project/prediction_results_v9_trained_hybrid/baseline_02_high_altitude_hover_ATT_trained_hybrid_prediction_outputs.csv,/home/tchowdh4/sensor_recovery_project/residual_results_v9/baseline_02_high_altitude_hover_Roll_clean_residuals_v9.csv,t_Roll,282,-3.152253233476108e-05,0.002698973466009701,0.0017414691913634683,0.0026943682060432093,0.0128828223543717,0.006206001009521309,0.009239171657225168,0.011257300175400256,0.0017414691913634683,0.002059598857088404,0.00792026576262868,0.009239171657225168,p99_abs
baseline_02_high_altitude_hover,Pitch,hybrid,/home/tchowdh4/sensor_recovery_project/prediction_results_v9_trained_hybrid/baseline_02_high_altitude_hover_ATT_trained_hybrid_prediction_outputs.csv,/home/tchowdh4/sensor_recovery_project/residual_results_v9/baseline_02_high_altitude_hover_Pitch_clean_residuals_v9.csv,t_Roll,282,0.0008554231345033215,0.0022770078368292476,0.001887010247224731,0.002428606130610486,0.01220057062942101,0.004558549828352891,0.007947106345062366,0.010083081029197185,0.001887010247224731,0.001531547560314711,0.006481652928168864,0.007947106345062366,p99_abs
baseline_02_high_altitude_hover,Pitch,naive,/home/tchowdh4/sensor_recovery_project/prediction_results_v9_trained_hybrid/baseline_02_high_altitude_hover_ATT_trained_hybrid_prediction_outputs.csv,/home/tchowdh4/sensor_recovery_project/residual_results_v9/baseline_02_high_altitude_hover_Pitch_clean_residuals_v9.csv,t_Roll,0,,,,,,,,,,,,,unavailable
baseline_02_high_altitude_hover,Pitch,constant_velocity,/home/tchowdh4/sensor_recovery_project/prediction_results_v9_trained_hybrid/baseline_02_high_altitude_hover_ATT_trained_hybrid_prediction_outputs.csv,/home/tchowdh4/sensor_recovery_project/residual_results_v9/baseline_02_high_altitude_hover_Pitch_clean_residuals_v9.csv,t_Roll,0,,,,,,,,,,,,,unavailable
baseline_02_high_altitude_hover,Pitch,arx,/home/tchowdh4/sensor_recovery_project/prediction_results_v9_trained_hybrid/baseline_02_high_altitude_hover_ATT_trained_hybrid_prediction_outputs.csv,/home/tchowdh4/sensor_recovery_project/residual_results_v9/baseline_02_high_altitude_hover_Pitch_clean_residuals_v9.csv,t_Roll,282,0.001428045948243063,0.0032659002449355826,0.0026774743421894244,0.0035591567224386874,0.020507160203958805,0.005340658594352536,0.013134727574992355,0.016839598156247845,0.0026774743421894244,0.002349105393092023,0.009724790521465493,0.013134727574992355,p99_abs
baseline_02_high_altitude_hover,Yaw,hybrid,/home/tchowdh4/sensor_recovery_project/prediction_results_v9_trained_hybrid/baseline_02_high_altitude_hover_ATT_trained_hybrid_prediction_outputs.csv,/home/tchowdh4/sensor_recovery_project/residual_results_v9/baseline_02_high_altitude_hover_Yaw_clean_residuals_v9.csv,t_Roll,282,-0.00035865729584555353,0.002249611001843435,0.0010384201157996441,0.0022740797687635086,0.017056274414130712,0.0037747955322458867,0.010773056030305947,0.014841491699209432,0.0010384201157996441,0.0020267433803750215,0.007118650256924709,0.010773056030305947,p99_abs
baseline_02_high_altitude_hover,Yaw,naive,/home/tchowdh4/sensor_recovery_project/prediction_results_v9_trained_hybrid/baseline_02_high_altitude_hover_ATT_trained_hybrid_prediction_outputs.csv,/home/tchowdh4/sensor_recovery_project/residual_results_v9/baseline_02_high_altitude_hover_Yaw_clean_residuals_v9.csv,t_Roll,0,,,,,,,,,,,,,unavailable
baseline_02_high_altitude_hover,Yaw,constant_velocity,/home/tchowdh4/sensor_recovery_project/prediction_results_v9_trained_hybrid/baseline_02_high_altitude_hover_ATT_trained_hybrid_prediction_outputs.csv,/home/tchowdh4/sensor_recovery_project/residual_results_v9/baseline_02_high_altitude_hover_Yaw_clean_residuals_v9.csv,t_Roll,0,,,,,,,,,,,,,unavailable
baseline_02_high_altitude_hover,Yaw,arx,/home/tchowdh4/sensor_recovery_project/prediction_results_v9_trained_hybrid/baseline_02_high_altitude_hover_ATT_trained_hybrid_prediction_outputs.csv,/home/tchowdh4/sensor_recovery_project/residual_results_v9/baseline_02_high_altitude_hover_Yaw_clean_residuals_v9.csv,t_Roll,282,-0.007698908858729771,0.0070111536752596555,0.007959265813410969,0.01040457401521931,0.036948344452810034,0.018088385168570642,0.03228131162030195,0.034003310223195825,0.007959265813410969,0.006713050968315507,0.02809841871835749,0.03228131162030195,p99_abs
baseline_03_forward_motion,Roll,hybrid,/home/tchowdh4/sensor_recovery_project/prediction_results_v9_trained_hybrid/baseline_03_forward_motion_ATT_trained_hybrid_prediction_outputs.csv,/home/tchowdh4/sensor_recovery_project/residual_results_v9/baseline_03_forward_motion_Roll_clean_residuals_v9.csv,t_Roll,227,0.0011105837562626353,0.002144847370741017,0.002053102417306403,0.0024111201909566052,0.009098303739668606,0.004749068985973249,0.006821474645033277,0.006984996748974011,0.002053102417306403,0.0012670213238293543,0.005854166388794466,0.006821474645033277,p99_abs
baseline_03_forward_motion,Roll,naive,/home/tchowdh4/sensor_recovery_project/prediction_results_v9_trained_hybrid/baseline_03_forward_motion_ATT_trained_hybrid_prediction_outputs.csv,/home/tchowdh4/sensor_recovery_project/residual_results_v9/baseline_03_forward_motion_Roll_clean_residuals_v9.csv,t_Roll,0,,,,,,,,,,,,,unavailable
baseline_03_forward_motion,Roll,constant_velocity,/home/tchowdh4/sensor_recovery_project/prediction_results_v9_trained_hybrid/baseline_03_forward_motion_ATT_trained_hybrid_prediction_outputs.csv,/home/tchowdh4/sensor_recovery_project/residual_results_v9/baseline_03_forward_motion_Roll_clean_residuals_v9.csv,t_Roll,0,,,,,,,,,,,,,unavailable
baseline_03_forward_motion,Roll,arx,/home/tchowdh4/sensor_recovery_project/prediction_results_v9_trained_hybrid/baseline_03_forward_motion_ATT_trained_hybrid_prediction_outputs.csv,/home/tchowdh4/sensor_recovery_project/residual_results_v9/baseline_03_forward_motion_Roll_clean_residuals_v9.csv,t_Roll,227,0.0053457742932535215,0.004447519362013612,0.006009658358985479,0.006947704140107169,0.016706519193617403,0.009355810696938,0.016236800274327393,0.01658017609579751,0.006009658358985479,0.0034940493183763088,0.016491806314114406,0.016236800274327393,p99_abs
baseline_03_forward_motion,Pitch,hybrid,/home/tchowdh4/sensor_recovery_project/prediction_results_v9_trained_hybrid/baseline_03_forward_motion_ATT_trained_hybrid_prediction_outputs.csv,/home/tchowdh4/sensor_recovery_project/residual_results_v9/baseline_03_forward_motion_Pitch_clean_residuals_v9.csv,t_Roll,227,0.0027393741569723276,0.004114081223358416,0.004016568157086177,0.004935106147432515,0.017539083165364303,0.008094560637036223,0.01618985189808802,0.01668584445902007,0.004016568157086177,0.002873818968024593,0.012638025061159956,0.01618985189808802,p99_abs
baseline_03_forward_motion,Pitch,naive,/home/tchowdh4/sensor_recovery_project/prediction_results_v9_trained_hybrid/baseline_03_forward_motion_ATT_trained_hybrid_prediction_outputs.csv,/home/tchowdh4/sensor_recovery_project/residual_results_v9/baseline_03_forward_motion_Pitch_clean_residuals_v9.csv,t_Roll,0,,,,,,,,,,,,,unavailable
baseline_03_forward_motion,Pitch,constant_velocity,/home/tchowdh4/sensor_recovery_project/prediction_results_v9_trained_hybrid/baseline_03_forward_motion_ATT_trained_hybrid_prediction_outputs.csv,/home/tchowdh4/sensor_recovery_project/residual_results_v9/baseline_03_forward_motion_Pitch_clean_residuals_v9.csv,t_Roll,0,,,,,,,,,,,,,unavailable
baseline_03_forward_motion,Pitch,arx,/home/tchowdh4/sensor_recovery_project/prediction_results_v9_trained_hybrid/baseline_03_forward_motion_ATT_trained_hybrid_prediction_outputs.csv,/home/tchowdh4/sensor_recovery_project/residual_results_v9/baseline_03_forward_motion_Pitch_clean_residuals_v9.csv,t_Roll,227,0.018184152071870983,0.02497794786086435,0.023335261218487165,0.030851463775732293,0.11539544133634641,0.051508947542311875,0.10944440118560433,0.11226802706972028,0.023335261218487165,0.02022573899240133,0.08401247819569116,0.10944440118560433,p99_abs
baseline_03_forward_motion,Yaw,hybrid,/home/tchowdh4/sensor_recovery_project/prediction_results_v9_trained_hybrid/baseline_03_forward_motion_ATT_trained_hybrid_prediction_outputs.csv,/home/tchowdh4/sensor_recovery_project/residual_results_v9/baseline_03_forward_motion_Yaw_clean_residuals_v9.csv,t_Roll,227,-0.0003864842889863957,0.0008366011520144966,0.0006188077548685242,0.0009198849529807062,0.00341796875,0.002065277099563899,0.003050201416029953,0.003157516479513447,0.0006188077548685242,0.0006821401143807892,0.002665228098010892,0.003050201416029953,p99_abs
baseline_03_forward_motion,Yaw,naive,/home/tchowdh4/sensor_recovery_project/prediction_results_v9_trained_hybrid/baseline_03_forward_motion_ATT_trained_hybrid_prediction_outputs.csv,/home/tchowdh4/sensor_recovery_project/residual_results_v9/baseline_03_forward_motion_Yaw_clean_residuals_v9.csv,t_Roll,0,,,,,,,,,,,,,unavailable
baseline_03_forward_motion,Yaw,constant_velocity,/home/tchowdh4/sensor_recovery_project/prediction_results_v9_trained_hybrid/baseline_03_forward_motion_ATT_trained_hybrid_prediction_outputs.csv,/home/tchowdh4/sensor_recovery_project/residual_results_v9/baseline_03_forward_motion_Yaw_clean_residuals_v9.csv,t_Roll,0,,,,,,,,,,,,,unavailable
baseline_03_forward_motion,Yaw,arx,/home/tchowdh4/sensor_recovery_project/prediction_results_v9_trained_hybrid/baseline_03_forward_motion_ATT_trained_hybrid_prediction_outputs.csv,/home/tchowdh4/sensor_recovery_project/residual_results_v9/baseline_03_forward_motion_Yaw_clean_residuals_v9.csv,t_Roll,227,-0.008145421105205119,0.004442555972502109,0.00819799235779754,0.009273469926696806,0.019731484905491925,0.013524804398110745,0.01820086782298063,0.01918947774994479,0.00819799235779754,0.004344342080144698,0.021231018598231635,0.01820086782298063,p99_abs
baseline_04_yaw_rotation,Yaw,hybrid,/home/tchowdh4/sensor_recovery_project/prediction_results_v9_trained_hybrid/baseline_04_yaw_rotation_ATT_trained_hybrid_prediction_outputs.csv,/home/tchowdh4/sensor_recovery_project/residual_results_v9/baseline_04_yaw_rotation_Yaw_clean_residuals_v9.csv,t_Roll,369,0.00035093767531926584,0.0013123551759187846,0.001012544709488284,0.0013567482982458955,0.004317474365251428,0.0030197143554460126,0.0037968139648285157,0.0038593444824209684,0.001012544709488284,0.0009042871450726709,0.003725406144706297,0.0037968139648285157,p99_abs
baseline_04_yaw_rotation,Yaw,naive,/home/tchowdh4/sensor_recovery_project/prediction_results_v9_trained_hybrid/baseline_04_yaw_rotation_ATT_trained_hybrid_prediction_outputs.csv,/home/tchowdh4/sensor_recovery_project/residual_results_v9/baseline_04_yaw_rotation_Yaw_clean_residuals_v9.csv,t_Roll,0,,,,,,,,,,,,,unavailable
baseline_04_yaw_rotation,Yaw,constant_velocity,/home/tchowdh4/sensor_recovery_project/prediction_results_v9_trained_hybrid/baseline_04_yaw_rotation_ATT_trained_hybrid_prediction_outputs.csv,/home/tchowdh4/sensor_recovery_project/residual_results_v9/baseline_04_yaw_rotation_Yaw_clean_residuals_v9.csv,t_Roll,0,,,,,,,,,,,,,unavailable
baseline_04_yaw_rotation,Yaw,arx,/home/tchowdh4/sensor_recovery_project/prediction_results_v9_trained_hybrid/baseline_04_yaw_rotation_ATT_trained_hybrid_prediction_outputs.csv,/home/tchowdh4/sensor_recovery_project/residual_results_v9/baseline_04_yaw_rotation_Yaw_clean_residuals_v9.csv,t_Roll,369,-0.02124439647598612,0.008750340443369918,0.02196114784040738,0.022971402589043184,0.0570000849614587,0.028374940397571886,0.03431124838592835,0.04312085871418758,0.02196114784040738,0.006746604617090227,0.04220096169167806,0.03431124838592835,p99_abs
baseline_05_mixed_maneuver,Roll,hybrid,/home/tchowdh4/sensor_recovery_project/prediction_results_v9_trained_hybrid/baseline_05_mixed_maneuver_ATT_trained_hybrid_prediction_outputs.csv,/home/tchowdh4/sensor_recovery_project/residual_results_v9/baseline_05_mixed_maneuver_Roll_clean_residuals_v9.csv,t_Roll,477,-1.2369271937855399e-05,0.003155910829715178,0.001975363532014864,0.0031526252768767173,0.013453144952654705,0.007326378673315106,0.01030700203403828,0.010756980922073152,0.001975363532014864,0.0024596072439508096,0.009354185263867292,0.01030700203403828,p99_abs
baseline_05_mixed_maneuver,Roll,naive,/home/tchowdh4/sensor_recovery_project/prediction_results_v9_trained_hybrid/baseline_05_mixed_maneuver_ATT_trained_hybrid_prediction_outputs.csv,/home/tchowdh4/sensor_recovery_project/residual_results_v9/baseline_05_mixed_maneuver_Roll_clean_residuals_v9.csv,t_Roll,0,,,,,,,,,,,,,unavailable
baseline_05_mixed_maneuver,Roll,constant_velocity,/home/tchowdh4/sensor_recovery_project/prediction_results_v9_trained_hybrid/baseline_05_mixed_maneuver_ATT_trained_hybrid_prediction_outputs.csv,/home/tchowdh4/sensor_recovery_project/residual_results_v9/baseline_05_mixed_maneuver_Roll_clean_residuals_v9.csv,t_Roll,0,,,,,,,,,,,,,unavailable
baseline_05_mixed_maneuver,Roll,arx,/home/tchowdh4/sensor_recovery_project/prediction_results_v9_trained_hybrid/baseline_05_mixed_maneuver_ATT_trained_hybrid_prediction_outputs.csv,/home/tchowdh4/sensor_recovery_project/residual_results_v9/baseline_05_mixed_maneuver_Roll_clean_residuals_v9.csv,t_Roll,477,0.005803132966183798,0.005543392650583116,0.006568549696120196,0.008021292445389057,0.02510302010261531,0.01213777065999368,0.01762534144467227,0.023051586127301585,0.006568549696120196,0.0046086674102963,0.020394551927009095,0.01762534144467227,p99_abs
baseline_05_mixed_maneuver,Pitch,hybrid,/home/tchowdh4/sensor_recovery_project/prediction_results_v9_trained_hybrid/baseline_05_mixed_maneuver_ATT_trained_hybrid_prediction_outputs.csv,/home/tchowdh4/sensor_recovery_project/residual_results_v9/baseline_05_mixed_maneuver_Pitch_clean_residuals_v9.csv,t_Roll,477,-1.1009201251193843e-05,0.0028885911633172792,0.0018444373438318334,0.0028855827028484472,0.011989358812570697,0.006343323737382854,0.009696678295731622,0.010861029624938852,0.0018444373438318334,0.002221482455183838,0.008508884709383347,0.009696678295731622,p99_abs
baseline_05_mixed_maneuver,Pitch,naive,/home/tchowdh4/sensor_recovery_project/prediction_results_v9_trained_hybrid/baseline_05_mixed_maneuver_ATT_trained_hybrid_prediction_outputs.csv,/home/tchowdh4/sensor_recovery_project/residual_results_v9/baseline_05_mixed_maneuver_Pitch_clean_residuals_v9.csv,t_Roll,0,,,,,,,,,,,,,unavailable
baseline_05_mixed_maneuver,Pitch,constant_velocity,/home/tchowdh4/sensor_recovery_project/prediction_results_v9_trained_hybrid/baseline_05_mixed_maneuver_ATT_trained_hybrid_prediction_outputs.csv,/home/tchowdh4/sensor_recovery_project/residual_results_v9/baseline_05_mixed_maneuver_Pitch_clean_residuals_v9.csv,t_Roll,0,,,,,,,,,,,,,unavailable
baseline_05_mixed_maneuver,Pitch,arx,/home/tchowdh4/sensor_recovery_project/prediction_results_v9_trained_hybrid/baseline_05_mixed_maneuver_ATT_trained_hybrid_prediction_outputs.csv,/home/tchowdh4/sensor_recovery_project/residual_results_v9/baseline_05_mixed_maneuver_Pitch_clean_residuals_v9.csv,t_Roll,477,0.030852329305753955,0.03302088351921601,0.0340528756097155,0.04516590597623999,0.1498392115389242,0.07159897048929409,0.11420517512099378,0.1372076985528738,0.0340528756097155,0.02970202388198468,0.12315894725566955,0.11420517512099378,p99_abs
baseline_05_mixed_maneuver,Yaw,hybrid,/home/tchowdh4/sensor_recovery_project/prediction_results_v9_trained_hybrid/baseline_05_mixed_maneuver_ATT_trained_hybrid_prediction_outputs.csv,/home/tchowdh4/sensor_recovery_project/residual_results_v9/baseline_05_mixed_maneuver_Yaw_clean_residuals_v9.csv,t_Roll,477,0.00022240404812794813,0.0017176356023892866,0.001323500019449358,0.0017301880147787135,0.0057525634765625,0.0037078857421875,0.004794921875,0.004841766357421875,0.001323500019449358,0.0011155748719695803,0.004670224635358099,0.004794921875,p99_abs
baseline_05_mixed_maneuver,Yaw,naive,/home/tchowdh4/sensor_recovery_project/prediction_results_v9_trained_hybrid/baseline_05_mixed_maneuver_ATT_trained_hybrid_prediction_outputs.csv,/home/tchowdh4/sensor_recovery_project/residual_results_v9/baseline_05_mixed_maneuver_Yaw_clean_residuals_v9.csv,t_Roll,0,,,,,,,,,,,,,unavailable
baseline_05_mixed_maneuver,Yaw,constant_velocity,/home/tchowdh4/sensor_recovery_project/prediction_results_v9_trained_hybrid/baseline_05_mixed_maneuver_ATT_trained_hybrid_prediction_outputs.csv,/home/tchowdh4/sensor_recovery_project/residual_results_v9/baseline_05_mixed_maneuver_Yaw_clean_residuals_v9.csv,t_Roll,0,,,,,,,,,,,,,unavailable
baseline_05_mixed_maneuver,Yaw,arx,/home/tchowdh4/sensor_recovery_project/prediction_results_v9_trained_hybrid/baseline_05_mixed_maneuver_ATT_trained_hybrid_prediction_outputs.csv,/home/tchowdh4/sensor_recovery_project/residual_results_v9/baseline_05_mixed_maneuver_Yaw_clean_residuals_v9.csv,t_Roll,477,0.0005061219359988383,0.0021080745667363654,0.0014859625589389784,0.0021658303895970878,0.007310504959178843,0.0049618539896869145,0.006640306448363163,0.006842467843052305,0.0014859625589389784,0.0015773244380982282,0.006217935873233663,0.006640306448363163,p99_abs
